   KIC, 2MASS,        Kep_mag,  flag_act_osc, evol_status, Prot, logg_ast, err, NUV_xs, err, S_Ca_HK, err, S_Mg, err, S_Fe, err, S_Halpha, err, S_CaIR, err 
   757137,19241341+3633358 , 9.20, 0,0,-999.00, 2.38, 0.01, -999, -999, -999, -999, -999, -999, -999, -999, -999, -999, -999, -999 
   892107,19240024+3638334 ,12.38, 0,1,-999.00, 3.38, 0.02, -999, -999, -999, -999, -999, -999, -999, -999, -999, -999, -999, -999 
  1026084,19241348+3642145 ,12.14, 0,2,-999.00, 2.59, 0.01, -999, -999, -999, -999, -999, -999, -999, -999, -999, -999, -999, -999 
  1027337,19252021+3647118 ,12.11, 0,1,-999.00, 2.78, 0.01, -999, -999,0.179,0.004,0.552,0.009,0.864,0.014,0.793,0.013,0.562,0.012 
  1160789,19233280+3652207 , 9.70, 0,0,-999.00, 2.30, 0.01, -999, -999,0.139,0.004,0.667,0.012,0.888,0.014,0.755,0.013,0.580,0.013 
  1161618,19242614+3648478 ,10.22, 0,2,-999.00, 2.43, 0.01, -999, -999,0.141,0.002,0.654,0.006,0.866,0.007,0.763,0.006,0.551,0.008 
  1162746,19252639+3649116 ,11.45, 0,2,-999.00, 2.35, 0.01, -999, -999,0.141,0.001,0.683,0.004,0.895,0.005,0.752,0.005,0.576,0.005 
  1163453,19260321+3650022 ,11.98, 0,2,-999.00, 2.52, 0.01, -999, -999,0.130,0.003,0.662,0.018,0.873,0.022,0.757,0.019,0.567,0.016 
  1163621,19261297+3648265 ,11.79, 0,2,-999.00, 2.61, 0.01, -999, -999,0.235,0.005,0.662,0.010,0.891,0.014,0.777,0.015,0.579,0.015 
  1294122,19250718+3654252 ,11.94, 0,0,-999.00, 2.79, 0.01, -999, -999,0.174,0.003,0.613,0.007,0.887,0.012,0.790,0.009,0.596,0.011 
  1294385,19252149+3654097 ,10.65, 0,1,-999.00, 2.94, 0.01, -999, -999, -999, -999, -999, -999, -999, -999, -999, -999,0.594,0.044 
  1429505,19225688+3702125 ,11.96, 0,1,-999.00, 2.65, 0.01, -999, -999,0.137,0.003,0.630,0.008,0.857,0.032,0.769,0.024,0.570,0.022 
  1433593,19264298+3704199 ,11.52, 0,2,-999.00, 2.75, 0.01, -999, -999,0.179,0.003,0.630,0.006,0.876,0.009,0.749,0.007,0.575,0.008 
  1433730,19265020+3703054 ,10.89, 0,0,-999.00, 2.51, 0.01, -999, -999,0.127,0.002,0.649,0.015,0.864,0.015,0.765,0.016,0.572,0.017 
  1433803,19265417+3702187 ,10.19, 0,1,-999.00, 3.09, 0.01, -999, -999,0.170,0.001,0.554,0.003,0.854,0.004,0.790,0.004,0.579,0.004 
  1435573,19282646+3705369 ,11.41, 0,0,-999.00, 2.33, 0.01, -999, -999,0.150,0.002,0.612,0.005,0.847,0.007,0.729,0.007,0.539,0.007 
  1569842,19222920+3710285 ,11.09, 0,1,-999.00, 3.04, 0.01, -999, -999,0.191,0.001,0.610,0.003,0.904,0.005,0.768,0.005,0.616,0.004 
  1571780,19241413+3711431 ,10.61, 0,2,-999.00, 2.59, 0.01, -999, -999,0.151,0.001,0.675,0.003,0.856,0.003,0.756,0.003,0.562,0.004 
  1572175,19243591+3706204 ,11.86, 0,2,-999.00, 2.65, 0.01, -999, -999, -999, -999,0.666,0.022,0.871,0.027,0.773,0.028,0.591,0.030 
  1572780,19250971+3708188 ,10.27, 0,0,-999.00, 2.17, 0.01, -999, -999,0.163,0.002,0.756,0.007,0.900,0.009,0.722,0.007,0.588,0.008 
  1575886,19274289+3709135 ,11.40, 0,2,-999.00, 2.92, 0.01, -999, -999,0.158,0.001,0.694,0.004,0.889,0.005,0.718,0.004,0.568,0.005 
  1576469,19281017+3706444 ,10.36, 0,2,-999.00, 2.88, 0.01, -999, -999,0.195,0.003,0.647,0.007,0.867,0.010,0.724,0.009,0.561,0.011 
  1577143,19284227+3707099 ,10.18, 0,2,-999.00, 2.46, 0.01, -999, -999,0.154,0.002,0.691,0.005,0.886,0.007,0.709,0.007,0.558,0.008 
  1717618,19222314+3712209 ,11.70, 0,1,-999.00, 3.00, 0.01, -999, -999,0.199,0.003,0.639,0.007,0.890,0.011,0.769,0.008,0.613,0.011 
  1720425,19251052+3715499 ,10.78, 0,2,-999.00, 2.36, 0.01, -999, -999,0.170,0.002,0.697,0.005,0.887,0.007,0.744,0.006,0.576,0.005 
  1723752,19280136+3717594 ,12.33, 0,1,-999.00, 3.21, 0.01, -999, -999, -999, -999, -999, -999, -999, -999, -999, -999, -999, -999 
  1723843,19280451+3713548 ,12.23, 0,1,-999.00, 2.96, 0.01, -999, -999,0.171,0.002,0.636,0.005,0.888,0.006,0.708,0.006,0.590,0.007 
  1724879,19285611+3716229 ,10.77, 0,2,-999.00, 2.53, 0.01, -999, -999,0.148,0.001,0.672,0.004,0.877,0.005,0.739,0.005,0.536,0.004 
  1725190,19291057+3713306 , 9.22, 0,2,-999.00, 2.91, 0.01, -999, -999,0.160,0.000,0.698,0.001,-0.065,0.000,0.775,0.002,0.553,0.002 
  1726211,19300107+3717340 ,10.93, 0,2,-999.00, 2.40, 0.01, -999, -999,0.132,0.001,0.704,0.004,0.896,0.006,0.686,0.005,0.548,0.006 
  1864183,19215572+3722208 ,11.34, 0,0,-999.00, 2.64, 0.01, -999, -999,0.148,0.003,0.569,0.005,0.835,0.017,0.761,0.016,0.592,0.022 
  1864855,19223280+3720441 ,11.55, 0,1,-999.00, 3.02, 0.01, -999, -999,0.149,0.001,0.634,0.004,0.885,0.004,0.766,0.005,0.604,0.005 
  1864959,19223866+3720146 , 8.81, 0,2,-999.00, 2.52, 0.01, -999, -999, -999, -999, -999, -999, -999, -999, -999, -999, -999, -999 
  1865262,19225594+3722386 ,12.47, 0,0,-999.00, 2.63, 0.01, -999, -999, -999, -999, -999, -999, -999, -999, -999, -999, -999, -999 
  1865747,19232346+3722342 ,10.76, 0,1,-999.00, 2.71, 0.01, -999, -999, -999, -999, -999, -999, -999, -999, -999, -999, -999, -999 
  1867706,19251940+3718402 ,11.64, 0,1,-999.00, 2.93, 0.01, -999, -999,0.159,0.003,0.592,0.005,0.869,0.006,0.773,0.005,0.589,0.006 
  1868101,19253987+3722022 ,11.93, 0,2,-999.00, 2.40, 0.01, -999, -999, -999, -999, -999, -999,0.852,0.011,0.782,0.010,0.563,0.011 
  1872166,19290894+3719028 ,11.63, 0,2,-999.00, 2.80, 0.01, -999, -999,0.147,0.001,0.636,0.003,0.871,0.004,0.720,0.004,0.542,0.004 
  1872210,19291111+3718547 ,10.40, 0,2,-999.00, 2.77, 0.01, -999, -999, -999, -999, -999, -999, -999, -999, -999, -999, -999, -999 
  1872375,19291945+3719300 ,11.23, 0,2,-999.00, 2.94, 0.01, -999, -999,0.144,0.002,0.700,0.005,0.887,0.005,0.709,0.005,0.573,0.006 
  1872842,19294371+3722289 ,11.49, 0,2,-999.00, 2.52, 0.01, -999, -999,0.128,0.002,0.618,0.006,0.855,0.009,0.759,0.008,0.531,0.006 
  1995668,19044812+3726375 ,12.38, 0,1,-999.00, 3.27, 0.01, -999, -999, -999, -999, -999, -999, -999, -999, -999, -999, -999, -999 
  1995859,19050006+3728563 ,10.86, 0,2,-999.00, 2.57, 0.01, -999, -999,0.101,0.005,0.726,0.017,0.872,0.021,0.750,0.018,0.595,0.025 
  2011582,19225839+3728552 ,12.26, 0,2,-999.00, 2.49, 0.01, -999, -999, -999, -999,0.611,0.011,0.833,0.013,0.787,0.015,0.547,0.013 
  2011891,19231796+3728151 ,11.81, 0,1,-999.00, 2.96, 0.01, -999, -999,0.195,0.003,0.546,0.006,0.852,0.006,0.797,0.006,0.578,0.007 
  2013502,19244585+3729385 ,11.91, 0,2,-999.00, 2.70, 0.01, -999, -999,0.140,0.002,0.661,0.006,0.881,0.007,0.747,0.007,0.574,0.008 
  2014377,19253754+3727135 , 9.92, 0,0,-999.00, 2.49, 0.01, -999, -999,0.145,0.001,0.648,0.017,0.849,0.018,0.752,0.017,0.560,0.018 
  2015820,19265758+3728035 , 9.53, 0,2,-999.00, 2.56, 0.01, -999, -999,0.131,0.002,0.658,0.004,0.864,0.006,0.726,0.005,0.526,0.004 
  2016676,19274515+3727100 ,11.51, 0,2,-999.00, 2.82, 0.01, -999, -999,0.190,0.003,0.653,0.007,0.866,0.008,0.709,0.007,0.571,0.009 
  2016706,19274667+3727398 ,10.60, 0,2,-999.00, 2.49, 0.01, -999, -999,0.137,0.001,0.663,0.004,0.867,0.005,0.737,0.005,0.553,0.006 
  2018392,19291520+3729271 ,11.77, 0,0,-999.00, 2.43, 0.01, -999, -999,0.115,0.002,0.610,0.004,0.863,0.005,0.704,0.004,0.522,0.005 
  2018667,19293034+3729119 ,12.00, 2,0, 64.00, 2.38, 0.01, -999, -999,0.161,0.003,0.625,0.006,0.871,0.007,0.713,0.007,0.538,0.008 
  2019396,19300833+3726004 ,12.46, 2,2, 67.00, 2.46, 0.01, -999, -999,0.203,0.005,0.612,0.010,0.856,0.015,0.730,0.014,0.557,0.011 
  2140446,19034433+3734348 ,11.81, 0,1,-999.00, 2.66, 0.01, -999, -999, -999, -999, -999, -999, -999, -999, -999, -999, -999, -999 
  2140982,19042832+3733366 ,10.56, 0,2,-999.00, 2.44, 0.01, -999, -999,0.034,0.000,0.714,0.015,0.886,0.017,0.764,0.017,0.565,0.019 
  2141928,19054142+3731262 ,10.72, 0,2,-999.00, 2.44, 0.01, -999, -999,0.169,0.003,0.638,0.007,0.844,0.008,0.768,0.008,0.539,0.009 
  2142095,19055465+3735053 ,11.53, 0,0,-999.00, 2.37, 0.01, -999, -999,0.146,0.002,0.719,0.007,0.894,0.008,0.740,0.008,0.584,0.007 
  2155220,19211041+3734464 ,11.41, 0,2,-999.00, 2.46, 0.01, -999, -999,0.149,0.002,0.675,0.005,0.870,0.007,0.741,0.006,0.573,0.006 
  2156178,19220462+3731316 , 9.59, 2,2, 40.50, 2.36, 0.01, -999, -999,0.189,0.002,0.673,0.004,0.903,0.007,0.736,0.006,0.594,0.007 
  2157725,19233177+3731446 ,12.34, 0,0,-999.00, 2.36, 0.01, -999, -999,0.288,0.004,0.739,0.008,0.888,0.032,0.760,0.032,0.619,0.034 
  2157901,19234174+3735179 ,11.14, 2,2, 44.00, 2.37, 0.01, -999, -999,0.170,0.003,0.661,0.007,0.876,0.008,0.739,0.008,0.577,0.009 
  2158410,19241257+3731545 ,11.77, 0,0,-999.00, 2.58, 0.01, -999, -999, -999, -999, -999, -999, -999, -999, -999, -999, -999, -999 
  2159449,19250940+3735581 ,12.48, 2,1, 74.50, 3.23, 0.01, -999, -999,0.253,0.002,0.650,0.004,0.874,0.006,0.723,0.005,0.612,0.006 
  2160161,19254757+3734183 ,11.95, 0,2,-999.00, 2.58, 0.01, -999, -999,0.146,0.004,0.594,0.008,0.862,0.011,0.762,0.010,0.543,0.011 
  2160572,19260797+3735340 ,10.93, 0,2,-999.00, 2.42, 0.01, -999, -999,0.216,0.006,0.662,0.012,0.867,0.014,0.745,0.012,0.571,0.015 
  2160901,19262385+3732227 ,12.06, 0,0,-999.00, 2.68, 0.01, -999, -999,0.142,0.003,0.556,0.005,0.850,0.007,0.763,0.006,0.546,0.006 
  2161731,19270486+3734137 , 8.18, 2,0,169.00, 2.93, 0.01, -999, -999, -999, -999, -999, -999, -999, -999, -999, -999, -999, -999 
  2163856,19285446+3733268 ,11.70, 0,0,-999.00, 2.77, 0.01, -999, -999,0.149,0.002,0.703,0.006,0.890,0.008,0.711,0.006,0.556,0.008 
  2164123,19290694+3732057 ,10.91, 2,0, 57.00, 2.60, 0.03, -999, -999,0.216,0.002,0.657,0.005,0.867,0.006,0.643,0.005,0.520,0.007 
  2164327,19291858+3735195 ,10.81, 0,2,-999.00, 2.57, 0.01, -999, -999,0.160,0.006,0.665,0.015,0.865,0.022,0.799,0.019,0.547,0.023 
  2165198,19300234+3735387 ,12.23, 0,0,-999.00, 2.86, 0.01, -999, -999,0.154,0.003,0.560,0.006,0.865,0.008,0.733,0.007,0.538,0.009 
  2165450,19301649+3735048 ,10.95, 0,2,-999.00, 2.93, 0.01, -999, -999,0.133,0.002,0.679,0.005,0.880,0.008,0.731,0.008,0.554,0.007 
  2166766,19312477+3733124 ,12.27, 0,2,-999.00, 2.56, 0.01, -999, -999, -999, -999, -999, -999, -999, -999, -999, -999, -999, -999 
  2167774,19321701+3731246 , 9.85, 0,2,-999.00, 2.68, 0.01, -999, -999, -999, -999, -999, -999, -999, -999, -999, -999, -999, -999 
  2283075,19040434+3737566 ,10.91, 0,1,-999.00, 2.74, 0.01, -999, -999, -999, -999, -999, -999, -999, -999, -999, -999, -999, -999 
  2283435,19043264+3738587 ,12.19, 0,2,-999.00, 2.39, 0.01, -999, -999,0.133,0.003,0.733,0.009,0.908,0.011,0.748,0.010,0.578,0.012 
  2284330,19053984+3737500 ,12.18, 0,2,-999.00, 2.37, 0.01, -999, -999, -999, -999, -999, -999, -999, -999, -999, -999, -999, -999 
  2284679,19060736+3740100 ,11.40, 0,1,-999.00, 3.21, 0.01, -999, -999, -999, -999, -999, -999, -999, -999, -999, -999, -999, -999 
  2285898,19074491+3741456 ,10.84, 0,2,-999.00, 2.30, 0.01, -999, -999, -999, -999, -999, -999, -999, -999, -999, -999, -999, -999 
  2297785,19210286+3737297 ,11.68, 0,2,-999.00, 2.59, 0.01, -999, -999,0.157,0.002,0.710,0.005,0.882,0.006,0.728,0.006,0.573,0.007 
  2299926,19230332+3738009 ,12.07, 0,2,-999.00, 2.53, 0.01, -999, -999, -999, -999, -999, -999, -999, -999, -999, -999, -999, -999 
  2303367,19260880+3740242 ,10.18, 0,2,-999.00, 2.44, 0.01, -999, -999,0.157,0.006,0.608,0.015,0.852,0.022,0.779,0.017,0.533,0.021 
  2305407,19275908+3741282 ,12.43, 2,1, 95.00, 3.18, 0.01, -999, -999, -999, -999, -999, -999, -999, -999, -999, -999, -999, -999 
  2305590,19280882+3736381 ,11.60, 0,1,-999.00, 2.59, 0.01, -999, -999, -999, -999, -999, -999, -999, -999, -999, -999, -999, -999 
  2305930,19282563+3741232 ,10.80, 2,2, 33.00, 2.36, 0.01, -999, -999,0.196,0.002,0.633,0.005,0.879,0.006,0.719,0.006,0.593,0.007 
  2305992,19282855+3739572 ,11.99, 0,1,-999.00, 2.91, 0.01, -999, -999,0.152,0.002,0.581,0.005,0.869,0.006,0.736,0.005,0.566,0.007 
  2307683,19295606+3740555 ,11.55, 0,0,-999.00, 2.51, 0.01, -999, -999,0.140,0.002,0.620,0.004,0.876,0.005,0.741,0.005,0.575,0.005 
  2309469,19312880+3738391 ,11.61, 0,2,-999.00, 2.35, 0.01, -999, -999,0.122,0.001,0.578,0.003,0.852,0.004,0.752,0.003,0.517,0.004 
  2309550,19313386+3740119 , 9.21, 0,2,-999.00, 2.61, 0.01, -999, -999, -999, -999, -999, -999, -999, -999, -999, -999, -999, -999 
  2310129,19320618+3741449 ,10.93, 0,2,-999.00, 2.62, 0.01, -999, -999, -999, -999, -999, -999, -999, -999, -999, -999, -999, -999 
  2422073,19033301+3743183 ,11.19, 0,0,-999.00, 2.32, 0.01, -999, -999,0.190,0.004,0.604,0.008,0.848,0.009,0.769,0.009,0.554,0.008 
  2422635,19041758+3743261 ,12.06, 0,1,-999.00, 2.95, 0.01, -999, -999,0.187,0.004,0.663,0.016,0.874,0.020,0.772,0.021,0.589,0.023 
  2424822,19071517+3744455 ,11.68, 0,1,-999.00, 2.89, 0.01, -999, -999, -999, -999, -999, -999, -999, -999, -999, -999, -999, -999 
  2424934,19072299+3747068 ,10.38, 0,2,-999.00, 2.44, 0.01, -999, -999, -999, -999, -999, -999, -999, -999, -999, -999, -999, -999 
  2424955,19072522+3746459 ,10.74, 0,0,-999.00, 2.62, 0.01, -999, -999, -999, -999,0.576,0.059,0.858,0.070,0.774,0.069,0.559,0.074 
  2438368,19211415+3746578 ,11.52, 0,2,-999.00, 2.84, 0.01, -999, -999, -999, -999, -999, -999, -999, -999, -999, -999, -999, -999 
  2441154,19234503+3744304 ,10.33, 1,0, 32.00,-999.00,-999.00, -999, -999, -999, -999, -999, -999, -999, -999, -999, -999, -999, -999 
  2441995,19243350+3742045 ,11.44, 0,2,-999.00, 2.38, 0.01, -999, -999,0.156,0.003,0.702,0.007,0.892,0.008,0.732,0.006,0.587,0.007 
  2442606,19250766+3745047 ,10.98, 0,0,-999.00, 2.46, 0.01, -999, -999, -999, -999,0.732,0.022,0.887,0.023,0.703,0.025,0.637,0.026 
  2443035,19252964+3744385 ,12.22, 3,0,128.00, 2.53, 0.01, -999, -999, -999, -999, -999, -999, -999, -999, -999, -999, -999, -999 
  2443573,19255881+3742189 ,11.69, 0,0,-999.00, 2.56, 0.01, -999, -999, -999, -999, -999, -999, -999, -999, -999, -999, -999, -999 
  2443903,19261694+3745527 ,11.82, 0,1,-999.00, 2.73, 0.01, -999, -999,0.566,0.004,0.658,0.006,0.923,0.008,0.743,0.007,0.598,0.010 
  2444348,19264049+3742146 ,10.32, 0,0,-999.00, 2.38, 0.01, -999, -999,0.134,0.001,0.562,0.003,0.844,0.004,0.769,0.004,0.554,0.004 
  2445947,19280577+3746363 ,12.50, 0,2,-999.00, 2.42, 0.01, -999, -999, -999, -999, -999, -999, -999, -999, -999, -999, -999, -999 
  2446327,19282549+3746240 ,12.39, 0,0,-999.00, 2.63, 0.01, -999, -999,0.042,0.003,0.609,0.013,0.864,0.017,0.773,0.016,0.563,0.018 
  2447046,19285988+3745187 ,12.08, 0,0,-999.00, 3.15, 0.01, -999, -999, -999, -999, -999, -999, -999, -999, -999, -999, -999, -999 
  2447529,19292229+3746530 ,11.64, 2,2,101.00, 2.95, 0.01, -999, -999,0.235,0.003,0.641,0.006,0.870,0.009,0.692,0.006,0.563,0.006 
  2447604,19292597+3743597 ,10.75, 0,2,-999.00, 2.65, 0.01, -999, -999, -999, -999, -999, -999, -999, -999, -999, -999, -999, -999 
  2448225,19295922+3747032 ,10.81, 0,2,-999.00, 2.46, 0.01, -999, -999, -999, -999, -999, -999, -999, -999, -999, -999,0.441,0.020 
  2448260,19300102+3742402 ,11.28, 0,2,-999.00, 2.51, 0.01, -999, -999,0.145,0.002,0.667,0.004,0.882,0.005,0.709,0.004,0.528,0.006 
  2448679,19302355+3745440 ,12.09, 0,2,-999.00, 2.49, 0.01, -999, -999, -999, -999, -999, -999, -999, -999, -999, -999, -999, -999 
  2448756,19302783+3746554 ,12.13, 0,2,-999.00, 2.46, 0.01, -999, -999, -999, -999, -999, -999, -999, -999, -999, -999, -999, -999 
  2449020,19304378+3745086 ,11.91, 0,2,-999.00, 2.74, 0.01, -999, -999, -999, -999, -999, -999, -999, -999, -999, -999, -999, -999 
  2449703,19312163+3743519 ,11.44, 0,2,-999.00, 2.41, 0.01, -999, -999,0.120,0.003,0.558,0.008,0.865,0.011,0.777,0.010,0.553,0.011 
  2450318,19315457+3747319 ,11.06, 0,1,-999.00, 3.05, 0.01, -999, -999,0.171,0.001,0.679,0.011,0.912,0.015,0.731,0.015,0.639,0.020 
  2451509,19325837+3742091 , 9.92, 0,1,-999.00, 2.82, 0.01, -999, -999,0.158,0.001,0.617,0.002,0.875,0.003,0.730,0.003,0.568,0.003 
  2556640,19062145+3750033 ,11.21, 0,2,-999.00, 2.51, 0.01, -999, -999, -999, -999, -999, -999, -999, -999, -999, -999, -999, -999 
  2568563,19200622+3753403 ,11.34, 0,2,-999.00, 2.65, 0.01, -999, -999, -999, -999, -999, -999, -999, -999, -999, -999, -999, -999 
  2572089,19222821+3752242 ,11.82, 0,2,-999.00, 2.55, 0.01, -999, -999, -999, -999, -999, -999, -999, -999, -999, -999, -999, -999 
  2573092,19232571+3752335 ,11.58, 0,2,-999.00, 2.47, 0.01, -999, -999,0.158,0.002,0.606,0.005,0.856,0.008,0.754,0.007,0.538,0.007 
  2574191,19242558+3748145 ,12.20, 0,2,-999.00, 2.41, 0.01, -999, -999,0.146,0.002,0.738,0.005,0.890,0.005,0.747,0.006,0.579,0.006 
  2575044,19251215+3751212 ,12.40, 0,2,-999.00, 2.42, 0.01, -999, -999,0.022,0.000,0.658,0.008,0.873,0.011,0.708,0.010,0.540,0.010 
  2576993,19265005+3753434 ,10.89, 0,2,-999.00, 2.41, 0.01, -999, -999,0.141,0.002,0.726,0.007,0.899,0.010,0.735,0.008,0.567,0.010 
  2578198,19274843+3753327 ,11.70, 0,2,-999.00, 2.73, 0.01, -999, -999,0.145,0.001,0.657,0.004,0.888,0.005,0.758,0.006,0.582,0.004 
  2579661,19290451+3753345 ,12.20, 0,1,-999.00, 3.06, 0.01, -999, -999,0.200,0.006,0.609,0.013,0.879,0.017,0.720,0.014,0.557,0.018 
  2583386,19321986+3751336 ,11.76, 0,1,-999.00, 2.77, 0.01, -999, -999,0.146,0.001,0.562,0.003,0.849,0.004,0.756,0.004,0.535,0.004 
  2583651,19323428+3748489 ,10.61, 0,2,-999.00, 2.43, 0.01, -999, -999,0.122,0.002, -999, -999,0.841,0.005,0.773,0.005,0.522,0.004 
  2583884,19324627+3751249 ,10.41, 0,2,-999.00, 2.67, 0.01, -999, -999, -999, -999, -999, -999, -999, -999, -999, -999, -999, -999 
  2584477,19331715+3749192 ,12.41, 0,0,-999.00, 2.96, 0.01, -999, -999,0.145,0.003,0.541,0.007,0.860,0.011,0.736,0.011,0.547,0.008 
  2584997,19334631+3748114 ,12.15, 0,1,-999.00, 3.19, 0.01, -999, -999,0.169,0.002,0.512,0.004,0.857,0.007,0.758,0.006,0.557,0.005 
  2585190,19335608+3752239 ,12.24, 0,2,-999.00, 2.59, 0.01, -999, -999, -999, -999, -999, -999, -999, -999, -999, -999, -999, -999 
  2693261,19034982+3755463 ,10.08, 0,0,-999.00, 2.43, 0.01, -999, -999,0.164,0.003,0.644,0.005,0.845,0.007,0.764,0.006,0.549,0.007 
  2695267,19061931+3756414 , 9.51, 0,2,-999.00, 2.38, 0.01, -999, -999, -999, -999, -999, -999, -999, -999, -999, -999, -999, -999 
  2696262,19074020+3757048 ,11.27, 0,2,-999.00, 2.81, 0.01, -999, -999,0.155,0.002,0.691,0.033,0.873,0.049,0.717,0.036,0.564,0.046 
  2696732,19081605+3757052 ,11.49, 0,1,-999.00, 2.88, 0.01, -999, -999, -999, -999, -999, -999, -999, -999, -999, -999, -999, -999 
  2696739,19081665+3755043 ,12.11, 0,1,-999.00, 3.20, 0.01, -999, -999, -999, -999, -999, -999, -999, -999, -999, -999, -999, -999 
  2696955,19083373+3754367 , 7.99, 0,2,-999.00, 2.95, 0.01, -999, -999, -999, -999, -999, -999, -999, -999, -999, -999, -999, -999 
  2697501,19091637+3754037 ,12.04, 0,2,-999.00, 2.61, 0.01, -999, -999, -999, -999,0.617,0.094,0.841,0.133,0.735,0.095,0.526,0.079 
  2708803,19214847+3757485 , 9.44, 0,1,-999.00, 2.37, 0.01, -999, -999,0.186,0.001,0.708,0.004,0.905,0.005,0.733,0.005,0.589,0.006 
  2710194,19230991+3755447 ,12.15, 0,1,-999.00, 2.67, 0.01, -999, -999, -999, -999, -999, -999, -999, -999, -999, -999, -999, -999 
  2713305,19255860+3757452 ,12.27, 0,1,-999.00, 2.65, 0.01, -999, -999, -999, -999, -999, -999, -999, -999, -999, -999, -999, -999 
  2713894,19262891+3758173 ,12.12, 0,2,-999.00, 2.48, 0.01, -999, -999, -999, -999, -999, -999, -999, -999, -999, -999, -999, -999 
  2714090,19263881+3758455 ,12.34, 0,2,-999.00, 2.62, 0.01, -999, -999, -999, -999, -999, -999, -999, -999, -999, -999, -999, -999 
  2714397,19265491+3756300 ,10.51, 0,2,-999.00, 2.43, 0.01, -999, -999,0.133,0.005,0.712,0.009,0.911,0.010,0.747,0.011,0.583,0.010 
  2714785,19271735+3755229 ,12.29, 0,0,-999.00, 2.97, 0.01, -999, -999, -999, -999, -999, -999, -999, -999, -999, -999, -999, -999 
  2716608,19285203+3754010 ,10.53, 0,2,-999.00, 2.75, 0.01, -999, -999,0.158,0.002,0.696,0.005,0.881,0.008,0.702,0.007,0.573,0.006 
  2719113,19310386+3759524 ,12.03, 2,0, 98.00, 2.41, 0.01, -999, -999,0.213,0.001,0.566,0.002,0.853,0.003,0.752,0.003,0.539,0.002 
  2719795,19313875+3758224 ,11.07, 0,0,-999.00, 2.63, 0.01, -999, -999, -999, -999, -999, -999, -999, -999, -999, -999, -999, -999 
  2831788,19025800+3801446 ,10.01, 0,1,-999.00, 2.64, 0.01, -999, -999, -999, -999, -999, -999, -999, -999, -999, -999, -999, -999 
  2832426,19034933+3800119 ,12.01, 0,2,-999.00, 2.58, 0.01, -999, -999,0.144,0.003,0.638,0.005,0.872,0.006,0.752,0.005,0.573,0.006 
  2833697,19052193+3803206 , 9.42, 2,2, 41.50, 2.39, 0.01, -999, -999,0.205,0.003,0.764,0.008,0.898,0.011,0.731,0.009,0.613,0.012 
  2833709,19052220+3803266 , 9.62, 3,0, 41.00, 2.42, 0.01, -999, -999, -999, -999, -999, -999, -999, -999, -999, -999, -999, -999 
  2834230,19060000+3803403 ,10.43, 0,0,-999.00, 2.87, 0.01, -999, -999, -999, -999, -999, -999, -999, -999, -999, -999, -999, -999 
  2836038,19082467+3805588 ,11.33, 0,2,-999.00, 2.48, 0.01, -999, -999, -999, -999, -999, -999, -999, -999, -999, -999, -999, -999 
  2845408,19191455+3805185 ,10.66, 0,2,-999.00, 2.80, 0.01, -999, -999, -999, -999, -999, -999, -999, -999, -999, -999, -999, -999 
  2845610,19192741+3801411 , 9.30, 2,1, 81.00, 2.88, 0.01, -999, -999,0.219,0.001,0.707,0.002,0.883,0.003,0.713,0.002,0.572,0.003 
  2846659,19202786+3800415 ,12.04, 0,1,-999.00, 2.91, 0.01, -999, -999, -999, -999, -999, -999, -999, -999, -999, -999, -999, -999 
  2848618,19222484+3803157 ,11.87, 0,2,-999.00, 2.50, 0.01, -999, -999,0.112,0.001,0.591,0.002,0.854,0.003,0.779,0.003,0.529,0.003 
  2848725,19223049+3800110 ,11.97, 0,2,-999.00, 2.37, 0.01, -999, -999,0.157,0.003,0.714,0.007,0.898,0.008,0.715,0.008,0.582,0.008 
  2852961,19261136+3803107 ,10.15, 1,0, 35.50,-999.00,-999.00, -999, -999,0.548,0.003,0.687,0.009,0.880,0.011,0.833,0.010,0.659,0.024 
  2854994,19275853+3803252 ,10.50, 2,1,138.00, 3.05, 0.01, -999, -999, -999, -999, -999, -999, -999, -999, -999, -999, -999, -999 
  2856412,19290517+3803467 ,12.18, 4,0,-999.00, 2.47, 0.01, -999, -999, -999, -999, -999, -999, -999, -999, -999, -999, -999, -999 
  2856589,19291467+3803394 ,11.07, 0,1,-999.00, 2.39, 0.01, -999, -999, -999, -999, -999, -999, -999, -999, -999, -999, -999, -999 
  2856795,19292444+3801077 ,11.35, 0,2,-999.00, 2.89, 0.01, -999, -999, -999, -999, -999, -999, -999, -999, -999, -999, -999, -999 
  2856803,19292463+3803437 ,12.49, 0,2,-999.00, 2.41, 0.01, -999, -999, -999, -999, -999, -999, -999, -999, -999, -999, -999, -999 
  2858440,19304793+3800478 ,10.75, 0,2,-999.00, 2.58, 0.01, -999, -999, -999, -999, -999, -999, -999, -999, -999, -999, -999, -999 
  2858740,19310450+3801429 ,12.29, 0,2,-999.00, 2.39, 0.01, -999, -999, -999, -999, -999, -999, -999, -999, -999, -999, -999, -999 
  2860010,19320975+3800165 ,11.54, 0,2,-999.00, 2.82, 0.01, -999, -999,0.171,0.004,0.672,0.005,0.881,0.006,0.733,0.005,0.554,0.007 
  2860936,19325804+3802361 ,10.07, 2,0,112.50, 2.92, 0.01, -999, -999,0.220,0.001,0.714,0.003,0.874,0.005,0.744,0.004,0.596,0.005 
  2861630,19333419+3803329 ,12.02, 0,0,-999.00, 2.36, 0.01, -999, -999,0.136,0.004,0.629,0.008,0.861,0.005,0.759,0.005,0.546,0.013 
  2969462,19024148+3808125 , 8.15, 0,0,-999.00, 2.42, 0.01, -999, -999, -999, -999, -999, -999, -999, -999, -999, -999, -999, -999 
  2970584,19040919+3810112 ,10.03, 0,0,-999.00, 2.69, 0.01, -999, -999, -999, -999, -999, -999, -999, -999, -999, -999, -999, -999 
  2972545,19064769+3809487 ,12.29, 0,1,-999.00, 3.04, 0.01, -999, -999, -999, -999, -999, -999, -999, -999, -999, -999, -999, -999 
  2972876,19071422+3806375 ,12.47, 0,1,-999.00, 2.90, 0.01, -999, -999, -999, -999, -999, -999, -999, -999, -999, -999, -999, -999 
  2973238,19074383+3810198 ,12.44, 0,0,-999.00, 2.63, 0.01, -999, -999, -999, -999, -999, -999, -999, -999, -999, -999, -999, -999 
  2975717,19105228+3808309 ,10.52, 0,2,-999.00, 2.33, 0.01, -999, -999, -999, -999, -999, -999, -999, -999, -999, -999, -999, -999 
  2984102,19202430+3809412 ,11.27, 0,0,-999.00, 2.74, 0.01, -999, -999,0.148,0.001,0.710,0.004,0.876,0.005,0.732,0.005,0.545,0.005 
  2987113,19232525+3809143 ,10.61, 0,2,-999.00, 2.42, 0.01, -999, -999, -999, -999,0.589,0.003,0.832,0.004,0.769,0.004,0.539,0.004 
  2988295,19243289+3807545 ,12.03, 0,1,-999.00, 3.25, 0.01, -999, -999,0.166,0.002,0.603,0.011,0.893,0.013,0.739,0.012,0.611,0.018 
  2988638,19244988+3807300 ,12.16, 0,2,-999.00, 2.88, 0.01, -999, -999,0.131,0.002,0.653,0.005,0.872,0.006,0.736,0.006,0.562,0.007 
  2988988,19250923+3808230 ,10.85, 0,2,-999.00, 2.49, 0.01, -999, -999,0.098,0.001,0.614,0.004,0.851,0.005,0.758,0.004,0.540,0.005 
  2990932,19265090+3809336 ,12.47, 0,0,-999.00, 3.17, 0.01, -999, -999,0.145,0.002,0.584,0.062,0.865,0.079,0.811,0.076,0.584,0.078 
  2992250,19280093+3809445 ,11.32, 0,2,-999.00, 2.53, 0.01, -999, -999,0.142,0.007,0.731,0.043,0.904,0.047,0.775,0.046,0.598,0.056 
  2992350,19280531+3806147 , 9.52, 0,2,-999.00, 2.56, 0.01, -999, -999,0.159,0.003,0.699,0.004,0.879,0.005,0.778,0.005,0.594,0.006 
  2992573,19281588+3809123 ,11.87, 0,2,-999.00, 2.56, 0.01, -999, -999, -999, -999, -999, -999, -999, -999, -999, -999, -999, -999 
  2995130,19303091+3809429 ,11.35, 0,0,-999.00, 2.58, 0.01, -999, -999, -999, -999, -999, -999, -999, -999, -999, -999, -999, -999 
  2996019,19311597+3809168 ,11.82, 0,2,-999.00, 2.40, 0.01, -999, -999, -999, -999, -999, -999, -999, -999, -999, -999, -999, -999 
  2997437,19323048+3806073 ,11.85, 0,2,-999.00, 2.59, 0.01, -999, -999,0.162,0.001,0.716,0.032,0.887,0.040,0.756,0.041,0.573,0.045 
  3001851,19361538+3806129 ,10.16, 0,2,-999.00, 2.35, 0.01, -999, -999,0.118,0.002,0.638,0.005,0.896,0.006,0.799,0.007,0.618,0.007 
  3096473,19012952+3812423 ,11.85, 0,0,-999.00, 2.47, 0.01, -999, -999, -999, -999, -999, -999, -999, -999, -999, -999, -999, -999 
  3098045,19034948+3812416 ,11.82, 0,2,-999.00, 2.45, 0.01, -999, -999, -999, -999, -999, -999, -999, -999, -999, -999, -999, -999 
  3098179,19035980+3815152 ,12.30, 0,1,-999.00, 3.05, 0.01, -999, -999,0.213,0.001,0.650,0.004,0.874,0.005,0.747,0.005,0.615,0.005 
  3098716,19044513+3817311 ,11.95, 0,2,-999.00, 2.39, 0.01, -999, -999,0.163,0.003,0.710,0.006,0.897,0.007,0.715,0.008,0.586,0.007 
  3099949,19063040+3815359 ,11.92, 0,2,-999.00, 2.40, 0.01, -999, -999, -999, -999, -999, -999, -999, -999, -999, -999, -999, -999 
  3100053,19063888+3814040 ,12.14, 0,2,-999.00, 2.39, 0.01, -999, -999,0.119,0.002,0.592,0.006,0.870,0.008,0.764,0.008,0.591,0.009 
  3100193,19064911+3812223 ,11.22, 0,0,-999.00, 2.37, 0.01, -999, -999, -999, -999, -999, -999,0.818,0.120,0.795,0.117,0.516,0.132 
  3100505,19071698+3812351 ,12.09, 0,0,-999.00, 2.44, 0.01, -999, -999, -999, -999, -999, -999, -999, -999, -999, -999, -999, -999 
  3101090,19080373+3816090 ,11.35, 0,2,-999.00, 2.41, 0.01, -999, -999,0.147,0.003,0.622,0.048,0.872,0.004,0.752,0.004,0.561,0.004 
  3101632,19085244+3816370 ,10.92, 0,2,-999.00, 2.38, 0.01, -999, -999, -999, -999,0.568,0.059,0.835,0.082,0.772,0.074,0.545,0.062 
  3102411,19095722+3813515 ,11.45, 0,1,-999.00, 3.05, 0.01, -999, -999, -999, -999, -999, -999, -999, -999, -999, -999, -999, -999 
  3102479,19100327+3817519 ,11.80, 0,2,-999.00, 2.49, 0.01, -999, -999, -999, -999, -999, -999, -999, -999, -999, -999, -999, -999 
  3109520,19183941+3815099 ,11.44, 0,2,-999.00, 2.67, 0.01, -999, -999, -999, -999, -999, -999,0.846,0.089,0.794,0.099,0.548,0.099 
  3110626,19194889+3816529 ,12.20, 0,2,-999.00, 2.57, 0.01, -999, -999,0.166,0.002,0.613,0.040,0.884,0.004,0.760,0.003,0.583,0.004 
  3110733,19195432+3815128 ,12.29, 0,2,-999.00, 2.66, 0.01, -999, -999, -999, -999, -999, -999,0.847,0.008,0.779,0.006,0.530,0.007 
  3112021,19211410+3812367 ,11.18, 0,0,-999.00, 2.60, 0.01, -999, -999, -999, -999, -999, -999, -999, -999, -999, -999, -999, -999 
  3113433,19224315+3816298 ,11.66, 0,1,-999.00, 2.63, 0.01, -999, -999, -999, -999,0.581,0.006,0.839,0.005,0.796,0.005,0.581,0.006 
  3114408,19234415+3813463 ,11.58, 0,0,-999.00, 2.38, 0.01, -999, -999,0.125,0.003,0.604,0.019,0.867,0.023,0.769,0.024,0.564,0.026 
  3115946,19251454+3815181 ,11.93, 0,1,-999.00, 2.88, 0.01, -999, -999,0.138,0.002,0.577,0.004,0.856,0.007,0.783,0.006,0.560,0.005 
  3116848,19260519+3816196 ,11.84, 0,2,-999.00, 2.45, 0.01, -999, -999,0.129,0.003,0.613,0.006,0.868,0.009,0.762,0.008,0.531,0.008 
  3118806,19274878+3813108 ,10.99, 4,0,-999.00, 2.18, 0.01, -999, -999,0.144,0.002,0.572,0.005,0.883,0.006,0.859,0.006,0.543,0.007 
  3119526,19282605+3813491 ,12.03, 0,2,-999.00, 2.49, 0.01, -999, -999,0.160,0.003,0.685,0.005,0.886,0.011,0.745,0.010,0.574,0.009 
  3119555,19282751+3817054 ,12.12, 0,1,-999.00, 2.84, 0.01, -999, -999,0.151,0.002,0.580,0.039,0.869,0.045,0.776,0.044,0.584,0.042 
  3120004,19285121+3813282B,11.61, 0,2,-999.00, 2.43, 0.01, -999, -999,0.136,0.002,0.688,0.031,0.894,0.038,0.748,0.033,0.586,0.033 
  3120486,19291841+3812145 ,11.75, 0,1,-999.00, 3.06, 0.01, -999, -999,0.179,0.003,0.594,0.007,0.871,0.009,0.761,0.008,0.568,0.007 
  3120567,19292243+3817523 ,11.86, 0,2,-999.00, 2.75, 0.01, -999, -999,0.163,0.002,0.662,0.035,0.866,0.048,0.721,0.049,0.540,0.051 
  3120585,19292399+3813101 ,11.58, 0,0,-999.00, 2.93, 0.01, -999, -999,0.108,0.003,0.645,0.007,0.871,0.009,0.754,0.008,0.618,0.010 
  3120676,19293022+3816119 ,11.29, 0,2,-999.00, 2.46, 0.01, -999, -999,0.147,0.002,0.753,0.005,0.916,0.008,0.753,0.008,0.602,0.010 
  3121940,19304110+3814357 ,11.94, 0,0,-999.00, 2.35, 0.01, -999, -999, -999, -999,0.621,0.006,0.879,0.007,0.767,0.007,0.631,0.008 
  3122185,19305546+3815037 ,11.18, 0,2,-999.00, 2.91, 0.01, -999, -999,0.131,0.002,0.661,0.010,0.874,0.011,0.737,0.012,0.559,0.010 
  3123206,19315385+3816358 ,11.37, 0,2,-999.00, 2.42, 0.01, -999, -999,0.126,0.002,0.698,0.006,0.885,0.008,0.730,0.008,0.568,0.006 
  3127825,19360025+3812098 ,10.80, 0,2,-999.00, 2.51, 0.01, -999, -999,0.153,0.001,0.726,0.004,0.877,0.005,0.742,0.004,0.563,0.004 
  3130295,19380574+3817532 ,11.66, 0,0,-999.00, 3.15, 0.01, -999, -999,0.295,0.002,0.617,0.006,0.903,0.007,0.782,0.006,0.632,0.006 
  3130335,19380803+3813394 ,12.07, 0,1,-999.00, 3.16, 0.01, -999, -999,0.271,0.002,0.638,0.005,0.914,0.007,0.762,0.005,0.644,0.007 
  3216467,19020873+3821317 ,11.21, 2,0,163.00, 2.40, 0.01, -999, -999, -999, -999, -999, -999, -999, -999, -999, -999, -999, -999 
  3217051,19030505+3820112 ,11.38, 0,2,-999.00, 2.47, 0.01, -999, -999, -999, -999, -999, -999, -999, -999, -999, -999, -999, -999 
  3221239,19092441+3818002 ,11.35, 0,1,-999.00, 3.00, 0.01, -999, -999, -999, -999, -999, -999, -999, -999, -999, -999, -999, -999 
  3222220,19104824+3818427 ,11.18, 0,2,-999.00, 2.38, 0.01, -999, -999,0.135,0.002,0.614,0.023,0.869,0.026,0.776,0.027,0.565,0.022 
  3222670,19112583+3819562 ,10.23, 0,2,-999.00, 2.45, 0.01, -999, -999, -999, -999, -999, -999, -999, -999, -999, -999, -999, -999 
  3222834,19113725+3823205 ,12.12, 0,1,-999.00, 3.14, 0.01, -999, -999, -999, -999, -999, -999, -999, -999, -999, -999, -999, -999 
  3231503,19215076+3820311 ,10.71, 0,2,-999.00, 2.54, 0.01, -999, -999, -999, -999, -999, -999, -999, -999, -999, -999,0.588,0.011 
  3232397,19225537+3819219 ,11.89, 0,0,-999.00, 2.43, 0.01, -999, -999,0.154,0.001,0.700,0.003,0.888,0.003,0.741,0.003,0.580,0.034 
  3232838,19232529+3821466 ,12.03, 0,2,-999.00, 2.47, 0.01, -999, -999,0.172,0.002,0.617,0.005,0.858,0.007,0.773,0.006,0.553,0.006 
  3234396,19250957+3822265 ,10.82, 0,2,-999.00, 2.42, 0.01, -999, -999,0.148,0.002,0.703,0.004,0.894,0.007,0.748,0.005,0.583,0.005 
  3234597,19252219+3820105 ,10.09, 0,2,-999.00, 2.50, 0.01, -999, -999,0.132,0.003,0.625,0.010,0.857,0.013,0.765,0.012,0.543,0.012 
  3234666,19252648+3822227 ,11.32, 0,0,-999.00, 2.61, 0.01, -999, -999, -999, -999, -999, -999, -999, -999, -999, -999, -999, -999 
  3234703,19252877+3821271 ,10.54, 0,2,-999.00, 2.83, 0.01, -999, -999,0.166,0.001,0.686,0.002,0.872,0.004,0.728,0.003,0.557,0.003 
  3235616,19262249+3822579 ,11.42, 0,2,-999.00, 2.94, 0.01, -999, -999,0.158,0.001,0.655,0.003,0.875,0.004,0.725,0.004,0.551,0.020 
  3236379,19270639+3823310 ,11.24, 0,2,-999.00, 2.68, 0.01, -999, -999, -999, -999, -999, -999, -999, -999, -999, -999, -999, -999 
  3238626,19292318+3821329 ,12.29, 0,0,-999.00, 2.29, 0.01, -999, -999, -999, -999, -999, -999,0.826,0.006,0.805,0.006,0.535,0.005 
  3238859,19293605+3822505 ,11.47, 0,2,-999.00, 2.62, 0.01, -999, -999,0.188,0.002,0.661,0.004,0.869,0.022,0.738,0.023,0.549,0.024 
  3239707,19302401+3823598 ,11.25, 0,1,-999.00, 2.56, 0.01, -999, -999,0.128,0.002,0.627,0.005,0.846,0.006,0.793,0.006,0.567,0.007 
  3240111,19304819+3821154 ,12.32, 0,0,-999.00, 2.41, 0.01, -999, -999, -999, -999, -999, -999, -999, -999, -999, -999, -999, -999 
  3240670,19312295+3822115 ,10.72, 0,1,-999.00, 3.12, 0.01, -999, -999,0.168,0.001,0.642,0.002,0.886,0.002,0.758,0.002,0.608,0.002 
  3241374,19320616+3818346 ,10.27, 0,2,-999.00, 2.49, 0.01, -999, -999, -999, -999,0.686,0.005,0.884,0.006,0.785,0.006,0.579,0.008 
  3241822,19323557+3822424 ,11.39, 0,2,-999.00, 2.49, 0.01, -999, -999,0.148,0.002,0.632,0.018,0.857,0.021,0.770,0.020,0.549,0.020 
  3241947,19324316+3818052 ,11.61, 0,2,-999.00, 2.68, 0.01, -999, -999,0.229,0.003,0.578,0.003,0.853,0.004,0.795,0.003,0.543,0.003 
  3247016,19373071+3819003 , 9.57, 0,0,-999.00, 2.40, 0.01, -999, -999,0.149,0.001,0.618,0.006,0.850,0.007,0.767,0.009,0.555,0.007 
  3247531,19375740+3819517 ,11.99, 0,2,-999.00, 2.48, 0.01, -999, -999,0.173,0.001,0.669,0.003,0.847,0.005,0.720,0.004, -999, -999 
  3323943,19022255+3829390 ,11.61, 0,2,-999.00, 2.42, 0.01, -999, -999, -999, -999, -999, -999, -999, -999, -999, -999, -999, -999 
  3324929,19035797+3825320 ,10.27, 0,2,-999.00, 2.58, 0.01, -999, -999,0.148,0.002,0.672,0.004,0.884,0.005,0.781,0.005,0.607,0.004 
  3326392,19061556+3827459 ,12.35, 0,1,-999.00, 3.00, 0.01, -999, -999,0.113,0.001,0.599,0.003,0.882,0.004,0.779,0.004,0.575,0.005 
  3326790,19065295+3829474 ,11.03, 0,2,-999.00, 2.32, 0.01, -999, -999,0.135,0.003,0.644,0.009,0.886,0.012,0.776,0.011,0.559,0.009 
  3335660,19183709+3825479 ,10.54, 0,1,-999.00, 3.05, 0.01, -999, -999,0.186,0.001,0.565,0.002,0.893,0.003,0.773,0.003,0.605,0.003 
  3336731,19194691+3824269 ,10.27, 3,0,150.00, 2.52, 0.01, -999, -999,0.177,0.001,0.713,0.003,0.889,0.003,0.737,0.003,0.585,0.003 
  3337400,19203034+3824436 ,10.68, 0,2,-999.00, 2.59, 0.01, -999, -999, -999, -999, -999, -999, -999, -999, -999, -999, -999, -999 
  3337740,19205193+3825594 ,10.67, 0,1,-999.00, 3.02, 0.01, -999, -999,0.161,0.001,0.657,0.004,0.888,0.007,0.737,0.006,0.588,0.008 
  3339203,19223338+3827192 ,12.26, 0,2,-999.00, 2.51, 0.01, -999, -999, -999, -999, -999, -999, -999, -999, -999, -999, -999, -999 
  3339443,19225048+3824164 ,11.91, 0,2,-999.00, 2.49, 0.01, -999, -999,0.154,0.001,0.634,0.003,0.876,0.004,0.766,0.005,0.579,0.005 
  3339519,19225570+3829124 ,12.50, 0,1,-999.00, 2.68, 0.01, -999, -999, -999, -999, -999, -999, -999, -999, -999, -999, -999, -999 
  3339894,19232223+3826312 ,11.34, 3,0,100.00, 2.39, 0.01, -999, -999,0.255,0.002,0.682,0.004,0.885,0.004,0.754,0.004,0.598,0.005 
  3341327,19245785+3826426 ,10.55, 0,2,-999.00, 2.48, 0.01, -999, -999,0.156,0.001,0.597,0.002,0.849,0.004,0.777,0.003,0.549,0.003 
  3342658,19261764+3824435 ,12.36, 0,2,-999.00, 2.47, 0.01, -999, -999,0.165,0.002,0.675,0.004,0.878,0.006,0.728,0.006,0.557,0.005 
  3343931,19273205+3826255 ,11.11, 0,0,-999.00, 2.80, 0.01, -999, -999,0.133,0.002,0.640,0.032,0.886,0.037,0.796,0.036,0.577,0.041 
  3346501,19300393+3824150 ,11.84, 0,1,-999.00, 2.21, 0.01, -999, -999, -999, -999,0.530,0.006,0.856,0.065,0.835,0.080,0.568,0.067 
  3346779,19302254+3826160 ,11.93, 0,0,-999.00, 2.25, 0.01, -999, -999,0.264,0.002,0.644,0.051,0.896,0.005,0.805,0.005,0.539,0.006 
  3347431,19310355+3829062 ,12.20, 0,1,-999.00, 2.76, 0.01, -999, -999,0.166,0.004,0.677,0.019,0.890,0.024,0.754,0.022,0.611,0.025 
  3348134,19314453+3824456 ,11.95, 0,2,-999.00, 2.44, 0.01, -999, -999, -999, -999, -999, -999, -999, -999, -999, -999, -999, -999 
  3353773,19371838+3825466 ,11.17, 0,0,-999.00, 2.36, 0.01, -999, -999,0.218,0.002,0.687,0.007,0.896,0.009,0.755,0.009,0.626,0.007 
  3355015,19382715+3827580 ,11.90, 0,2,-999.00, 2.34, 0.01, -999, -999,0.158,0.001,0.699,0.004,0.877,0.004,0.758,0.004,0.572,0.004 
  3356438,19394318+3828431 ,11.97, 0,2,-999.00, 2.73, 0.01, -999, -999,0.250,0.002,0.681,0.004,0.873,0.006,0.719,0.005,0.578,0.005 
  3424072,18595946+3835219 ,10.28, 0,0,-999.00, 3.17, 0.01, -999, -999,0.139,0.004,0.653,0.007,0.884,0.010,0.750,0.008,0.602,0.008 
  3424105,19000206+3832494 ,11.53, 0,1,-999.00, 2.61, 0.01, -999, -999, -999, -999, -999, -999, -999, -999, -999, -999, -999, -999 
  3425476,19021896+3835545 ,11.68, 0,2,-999.00, 2.52, 0.01, -999, -999,0.149,0.002,0.652,0.010,0.890,0.015,0.811,0.014,0.641,0.012 
  3425675,19023891+3835251 ,11.30, 0,2,-999.00, 2.42, 0.01, -999, -999, -999, -999, -999, -999, -999, -999, -999, -999, -999, -999 
  3426898,19042962+3835044 ,11.99, 0,1,-999.00, 2.72, 0.01, -999, -999, -999, -999, -999, -999, -999, -999, -999, -999, -999, -999 
  3427629,19053643+3830125 ,12.30, 0,2,-999.00, 2.39, 0.01, -999, -999,0.219,0.003, -999, -999,0.829,0.011,0.780,0.012,0.576,0.013 
  3427850,19055584+3835278 , 9.21, 0,0,-999.00, 2.34, 0.01, -999, -999,0.130,0.005,0.703,0.008,0.888,0.012,0.750,0.012,0.564,0.015 
  3428530,19065821+3832051 ,12.49, 0,1,-999.00, 3.19, 0.01, -999, -999,0.143,0.003,0.558,0.009,0.852,0.012,0.790,0.011,0.601,0.013 
  3429738,19084683+3835523 ,10.05, 0,1,-999.00, 2.66, 0.01, -999, -999, -999, -999, -999, -999, -999, -999, -999, -999, -999, -999 
  3430868,19102701+3833417 , 8.14, 0,2,-999.00, 2.83, 0.01, -999, -999, -999, -999, -999, -999, -999, -999, -999, -999, -999, -999 
  3431022,19104036+3833285 ,11.65, 0,2,-999.00, 2.43, 0.01, -999, -999, -999, -999, -999, -999, -999, -999, -999, -999, -999, -999 
  3432732,19125731+3834515 ,10.74, 2,2,117.00, 2.82, 0.01, -999, -999,0.202,0.002,0.660,0.006,0.870,0.008,0.724,0.007,0.573,0.010 
  3432802,19130311+3834596 ,11.99, 0,1,-999.00, 3.07, 0.01, -999, -999,0.159,0.003,0.592,0.011,0.869,0.015,0.772,0.015,0.606,0.015 
  3437031,19181953+3830139 ,11.94, 3,0,141.00, 2.71, 0.01, -999, -999,0.208,0.004,0.652,0.073,0.861,0.086,0.749,0.087,0.573,0.105 
  3438609,19200564+3834338 ,11.51, 0,2,-999.00, 2.83, 0.01, -999, -999, -999, -999, -999, -999, -999, -999, -999, -999, -999, -999 
  3439353,19205281+3830283 ,12.36, 0,1,-999.00, 2.83, 0.01, -999, -999,0.135,0.002,0.603,0.004,0.882,0.005,0.751,0.004,0.584,0.004 
  3443483,19253516+3832018 ,11.61, 0,1,-999.00, 3.05, 0.01, -999, -999,0.168,0.002,0.612,0.004,0.873,0.006,0.756,0.005,0.583,0.005 
  3444374,19263222+3830564 ,11.77, 0,1,-999.00, 2.66, 0.01, -999, -999,0.147,0.002,0.545,0.004,0.857,0.007,0.753,0.006,0.536,0.007 
  3445822,19275660+3830157 ,12.18, 0,1,-999.00, 2.41, 0.01, -999, -999,0.190,0.002,0.606,0.005,0.876,0.007,0.751,0.007,0.559,0.007 
  3446775,19285335+3835118 ,10.95, 0,1,-999.00, 3.33, 0.01, -999, -999,0.166,0.004,0.590,0.007,0.879,0.011,0.734,0.010,0.588,0.009 
  3448282,19303106+3834297 ,12.44, 2,0, 57.00, 2.37, 0.01, -999, -999, -999, -999,0.553,0.004,0.846,0.005,0.811,0.006,0.528,0.005 
  3449907,19320483+3834476 ,11.98, 0,1,-999.00, 2.63, 0.01, -999, -999,0.159,0.002,0.591,0.009,0.855,0.013,0.758,0.013,0.585,0.011 
  3453419,19352770+3835254 ,11.74, 0,2,-999.00, 2.56, 0.01, -999, -999,0.102,0.002,0.645,0.006,0.846,0.007,0.751,0.006,0.517,0.005 
  3455760,19374569+3835356 ,10.94, 0,1,-999.00, 2.59, 0.01, -999, -999,0.217,0.003,0.546,0.009,0.877,0.013,0.784,0.011,0.592,0.013 
  3455784,19374713+3831498 ,12.05, 0,0,-999.00, 2.94, 0.01, -999, -999, -999, -999, -999, -999, -999, -999, -999, -999, -999, -999 
  3455843,19375076+3833246 ,10.68, 0,0,-999.00, 2.34, 0.01, -999, -999,0.472,0.001,0.631,0.003,0.852,0.003,0.802,0.003,0.577,0.004 
  3456215,19381242+3830280 ,12.27, 0,1,-999.00, 3.33, 0.01, -999, -999, -999, -999, -999, -999, -999, -999, -999, -999, -999, -999 
  3456313,19381772+3831436 ,12.39, 0,0,-999.00, 2.86, 0.01, -999, -999, -999, -999, -999, -999, -999, -999, -999, -999, -999, -999 
  3457190,19390600+3832450 ,10.08, 0,2,-999.00, 2.41, 0.01, -999, -999,0.185,0.002,0.692,0.004,0.893,0.005,0.730,0.004,0.594,0.003 
  3457618,19392860+3831486 ,11.50, 0,0,-999.00, 2.44, 0.01, -999, -999,0.170,0.003,0.573,0.008,0.844,0.013,0.778,0.008,0.572,0.012 
  3458643,19401962+3831015 ,10.23, 2,2, 54.00, 2.76, 0.01, -999, -999,0.203,0.003,0.701,0.005,0.856,0.007,0.697,0.006,0.576,0.005 
  3459199,19404868+3831103 ,10.05,14,0, 11.60,-999.00,-999.00, -999, -999,0.404,0.001,0.711,0.003,0.866,0.004,0.592,0.004,0.696,0.004 
  3526061,19004471+3836399 ,10.00, 0,0,-999.00, 3.02, 0.01, -999, -999, -999, -999, -999, -999, -999, -999, -999, -999, -999, -999 
  3526625,19014365+3840029 ,11.41, 0,0,-999.00, 2.45, 0.01, -999, -999,0.091,0.003,0.622,0.006,0.858,0.007,0.767,0.005,0.566,0.009 
  3527032,19022606+3837425 ,10.67, 0,1,-999.00, 2.54, 0.01, -999, -999, -999, -999, -999, -999, -999, -999, -999, -999, -999, -999 
  3527891,19035108+3840253 ,10.19, 0,0,-999.00, 2.40, 0.01, -999, -999, -999, -999, -999, -999, -999, -999, -999, -999, -999, -999 
  3528656,19050492+3839005 ,11.40, 0,0,-999.00, 2.22, 0.01, -999, -999, -999, -999, -999, -999, -999, -999, -999, -999, -999, -999 
  3529276,19060125+3839521 ,11.06, 0,0,-999.00, 2.67, 0.01, -999, -999, -999, -999,0.696,0.003,0.890,0.003,0.737,0.004,0.567,0.003 
  3529480,19061973+3838374 , 9.77, 0,2,-999.00, 2.54, 0.01, -999, -999, -999, -999, -999, -999, -999, -999, -999, -999,0.647,0.038 
  3529597,19063175+3840417 ,11.71, 0,2,-999.00, 2.63, 0.01, -999, -999,0.144,0.001,0.682,0.009,0.871,0.012,0.761,0.010,0.597,0.028 
  3530520,19075613+3839270 ,11.97, 0,0,-999.00, 2.45, 0.01, -999, -999, -999, -999,0.570,0.008,0.837,0.011,0.786,0.011,0.550,0.008 
  3530823,19082428+3836125 ,11.74, 0,2,-999.00, 2.56, 0.01, -999, -999, -999, -999, -999, -999, -999, -999, -999, -999, -999, -999 
  3531478,19092089+3838265 ,11.64, 0,1,-999.00, 3.30, 0.01, -999, -999, -999, -999, -999, -999, -999, -999, -999, -999, -999, -999 
  3532113,19101852+3837462 ,11.94, 0,1,-999.00, 2.57, 0.01, -999, -999, -999, -999, -999, -999, -999, -999, -999, -999, -999, -999 
  3532734,19111567+3838265 ,11.56, 0,1,-999.00, 3.09, 0.01, -999, -999, -999, -999, -999, -999, -999, -999, -999, -999, -999, -999 
  3532985,19113963+3838268 ,11.32, 4,0,-999.00, 2.89, 0.01, -999, -999,0.175,0.002,0.628,0.009,0.869,0.015,0.776,0.017,0.618,0.017 
  3533464,19122505+3839187 ,10.39, 0,1,-999.00, 3.20, 0.01, -999, -999, -999, -999, -999, -999, -999, -999, -999, -999, -999, -999 
  3539261,19193960+3840346 ,12.43, 0,2,-999.00, 2.37, 0.01, -999, -999,0.131,0.002,0.671,0.006,0.874,0.007,0.738,0.007,0.554,0.006 
  3539408,19194946+3840506 , 9.66, 0,1,-999.00, 2.98, 0.01, -999, -999,0.188,0.002,0.664,0.005,0.890,0.007,0.738,0.006,0.583,0.006 
  3544637,19254348+3837073 ,12.49, 0,2,-999.00, 2.40, 0.01, -999, -999, -999, -999, -999, -999, -999, -999, -999, -999, -999, -999 
  3545033,19261178+3836085 ,12.41, 0,0,-999.00, 2.80, 0.01, -999, -999,0.155,0.002,0.542,0.003,0.850,0.004,0.752,0.004,0.536,0.005 
  3545147,19261850+3838331 ,10.46, 0,2,-999.00, 2.65, 0.01, -999, -999,0.130,0.003,0.595,0.007,0.858,0.011,0.737,0.008,0.527,0.011 
  3546046,19271321+3838527 ,11.96, 0,1,-999.00, 3.17, 0.01, -999, -999,0.164,0.003,0.562,0.006,0.861,0.007,0.750,0.007,0.565,0.007 
  3547041,19281556+3840132 ,11.96, 0,1,-999.00, 2.92, 0.01, -999, -999, -999, -999, -999, -999, -999, -999, -999, -999, -999, -999 
  3547236,19282834+3841228 ,12.29, 0,1,-999.00, 3.05, 0.01, -999, -999,0.114,0.002,0.559,0.004,0.871,0.007,0.764,0.006,0.569,0.006 
  3547853,19290679+3837402 ,11.81, 0,2,-999.00, 2.55, 0.01, -999, -999, -999, -999, -999, -999, -999, -999, -999, -999, -999, -999 
  3547943,19291197+3839398 ,11.60, 0,0,-999.00, 2.40, 0.01, -999, -999, -999, -999, -999, -999, -999, -999, -999, -999, -999, -999 
  3548732,19300208+3841340 , 9.92, 0,0,-999.00, 2.55, 0.01, -999, -999, -999, -999,0.681,0.009,0.920,0.014,0.871,0.013,0.604,0.009 
  3553319,19343241+3840480 ,11.76, 0,0,-999.00, 2.69, 0.01, -999, -999,0.169,0.003,0.704,0.040,0.885,0.056,0.723,0.049,0.570,0.047 
  3554912,19360465+3841487 ,12.25, 0,2,-999.00, 2.65, 0.01, -999, -999, -999, -999, -999, -999, -999, -999, -999, -999, -999, -999 
  3556801,19375671+3837221 ,12.07, 0,0,-999.00, 2.67, 0.01, -999, -999,0.211,0.002,0.557,0.006,0.856,0.009,0.787,0.008,0.575,0.009 
  3557606,19384342+3840517 ,11.47, 2,2,100.00, 2.94, 0.01, -999, -999,0.216,0.003,0.642,0.005,0.869,0.005,0.742,0.005,0.604,0.006 
  3558705,19394056+3838367 , 8.27, 0,2,-999.00, 2.58, 0.01, -999, -999,0.180,0.001,0.668,0.003,0.881,0.004,0.770,0.004,0.581,0.004 
  3558848,19394790+3839491 ,10.66, 0,2,-999.00, 2.63, 0.01, -999, -999,0.148,0.003,0.621,0.007,0.856,0.010,0.752,0.009,0.558,0.012 
  3559502,19402099+3836566 ,11.90, 0,1,-999.00, 2.78, 0.01, -999, -999, -999, -999, -999, -999,0.836,0.006,0.764,0.006,0.526,0.005 
  3560093,19405262+3836194 ,10.99, 0,2,-999.00, 2.84, 0.01, -999, -999, -999, -999, -999, -999, -999, -999, -999, -999, -999, -999 
  3560181,19405762+3840384 ,11.04, 0,1,-999.00, 2.41, 0.01, -999, -999, -999, -999,0.568,0.005,0.854,0.008,0.742,0.006,0.538,0.005 
  3631092,19071907+3843427 ,11.84, 0,0,-999.00, 3.22, 0.01, -999, -999,0.173,0.002,0.648,0.005,0.879,0.007,0.737,0.006,0.623,0.008 
  3631402,19074964+3847308 ,11.74, 0,2,-999.00, 2.58, 0.01, -999, -999,0.157,0.002,0.636,0.005,0.849,0.007,0.754,0.006,0.604,0.007 
  3631821,19082717+3845234 ,10.12, 0,2,-999.00, 2.69, 0.01, -999, -999, -999, -999, -999, -999, -999, -999, -999, -999, -999, -999 
  3633057,19102671+3846290 ,11.49, 0,1,-999.00, 2.61, 0.01, -999, -999, -999, -999, -999, -999, -999, -999, -999, -999, -999, -999 
  3633152,19103603+3845504 ,10.97, 0,0,-999.00, 2.43, 0.01, -999, -999,0.124,0.002,0.549,0.004,0.886,0.006,0.767,0.005,0.581,0.006 
  3634488,19122853+3847306 ,10.65, 0,1,-999.00, 3.28, 0.01, -999, -999,0.183,0.001,0.623,0.003,0.911,0.005,0.753,0.005,0.638,0.009 
  3634542,19123310+3847084 ,12.24, 0,0,-999.00, 2.51, 0.01, -999, -999,0.164,0.001,0.574,0.004,0.905,0.005,0.767,0.005,0.584,0.006 
  3634720,19124737+3847265 , 9.75, 0,2,-999.00, 2.48, 0.01, -999, -999,0.144,0.002,0.676,0.012,0.905,0.020,0.775,0.019,0.514,0.014 
  3642038,19214128+3844323 ,11.27, 0,0,-999.00, 2.51, 0.01, -999, -999,0.138,0.001,0.645,0.002,0.869,0.003,0.754,0.003,0.557,0.003 
  3642135,19214848+3842568 ,12.24, 0,2,-999.00, 2.61, 0.01, -999, -999,0.152,0.001,0.721,0.004,0.887,0.004,0.722,0.004,0.574,0.005 
  3642873,19224355+3842204 ,11.29, 0,2,-999.00, 2.43, 0.01, -999, -999, -999, -999, -999, -999, -999, -999, -999, -999, -999, -999 
  3644223,19241848+3847170 , 9.57, 0,1,-999.00, 3.13, 0.01, -999, -999,0.147,0.003,0.655,0.007,0.890,0.008,0.767,0.008,0.581,0.010 
  3644958,19250786+3845203 ,10.99, 0,1,-999.00, 2.96, 0.01, -999, -999,0.164,0.001,0.703,0.002,0.892,0.003,0.777,0.002,0.576,0.002 
  3647918,19280862+3843424 ,12.40, 0,2,-999.00, 2.55, 0.01, -999, -999,0.152,0.001,0.660,0.004,0.873,0.007,0.737,0.005,0.555,0.005 
  3649673,19295710+3844523 ,12.36, 0,2,-999.00, 2.41, 0.01, -999, -999,0.175,0.003,0.648,0.007,0.869,0.008,0.779,0.009,0.572,0.009 
  3651360,19313909+3843409 ,11.00, 0,2,-999.00, 2.35, 0.01, -999, -999,0.134,0.002,0.669,0.005,0.867,0.011,0.775,0.009,0.533,0.010 
  3654361,19344508+3847416 ,11.27, 2,1, 41.50, 3.33, 0.04, -999, -999,0.284,0.001,0.686,0.004,0.899,0.005,0.726,0.004,0.646,0.005 
  3654420,19344881+3844457 ,10.21, 0,2,-999.00, 2.62, 0.01, -999, -999,0.183,0.003,0.736,0.008,0.885,0.010,0.748,0.010,0.571,0.013 
  3654437,19344966+3846370 ,11.14, 0,2,-999.00, 2.75, 0.01, -999, -999,0.160,0.001,0.710,0.002,0.876,0.003,0.750,0.003,0.576,0.003 
  3656231,19363361+3847186 ,11.65, 0,0,-999.00, 2.49, 0.01, -999, -999,0.210,0.002,0.672,0.006,0.867,0.007,0.775,0.007,0.563,0.008 
  3656240,19363399+3842024 ,12.45, 0,2,-999.00, 2.92, 0.01, -999, -999,0.178,0.003,0.730,0.006,0.901,0.008,0.733,0.008,0.612,0.008 
  3660007,19400396+3846464 ,12.04, 0,2,-999.00, 2.50, 0.01, -999, -999,0.232,0.003,0.613,0.010,0.853,0.013,0.771,0.012,0.553,0.015 
  3660182,19401272+3847563 ,12.06,26,0,-999.00, 2.36, 0.01, -999, -999, -999, -999, -999, -999, -999, -999, -999, -999, -999, -999 
  3660374,19402287+3845318 ,11.92, 0,0,-999.00, 2.59, 0.01, -999, -999, -999, -999,0.671,0.007,0.876,0.008,0.777,0.008,0.541,0.009 
  3660498,19402963+3843100 ,11.06, 0,0,-999.00, 2.67, 0.01, -999, -999,0.198,0.004,0.601,0.025,0.896,0.029,0.791,0.033,0.589,0.026 
  3660820,19404571+3845426 ,11.87, 4,0,-999.00, 2.41, 0.01, -999, -999, -999, -999, -999, -999, -999, -999, -999, -999, -999, -999 
  3660866,19404868+3846383 ,11.39, 0,2,-999.00, 2.62, 0.01, -999, -999, -999, -999, -999, -999, -999, -999, -999, -999, -999, -999 
  3660976,19405526+3847465 ,11.66, 0,2,-999.00, 2.52, 0.01, -999, -999, -999, -999, -999, -999, -999, -999, -999, -999, -999, -999 
  3661494,19412154+3843123 ,10.58, 0,1,-999.00, 2.86, 0.01, -999, -999,0.156,0.002,0.618,0.005,0.895,0.007,0.716,0.007,0.582,0.005 
  3663200,19424202+3847430 ,11.33, 0,2,-999.00, 2.88, 0.01, -999, -999,0.160,0.001,0.659,0.003,0.877,0.003,0.695,0.003,0.556,0.004 
  3729799,19024540+3853198 ,11.92, 0,0,-999.00, 2.48, 0.01, -999, -999,0.097,0.003,0.638,0.010,0.890,0.014,0.786,0.012,0.620,0.013 
  3729833,19024877+3852416 ,11.23, 0,1,-999.00, 2.62, 0.01, -999, -999, -999, -999, -999, -999, -999, -999, -999, -999, -999, -999 
  3730689,19041909+3848224 ,12.34, 0,2,-999.00, 2.55, 0.01, -999, -999,0.158,0.005,0.638,0.011,0.892,0.014,0.811,0.014,0.636,0.016 
  3730953,19044337+3853535 , 8.82, 0,2,-999.00, 2.60, 0.01, -999, -999, -999, -999, -999, -999, -999, -999, -999, -999, -999, -999 
  3733028,19080055+3852026 ,11.73, 0,1,-999.00, 3.17, 0.01, -999, -999,0.144,0.007,0.623,0.023,0.878,0.037,0.745,0.028,0.817,0.040 
  3735269,19112461+3848276 ,10.97, 0,1,-999.00, 2.46, 0.01, -999, -999,0.134,0.001,0.584,0.005,0.863,0.007,0.733,0.006,0.565,0.006 
  3736195,19124495+3853526 ,12.49, 0,2,-999.00, 2.45, 0.01, -999, -999, -999, -999, -999, -999, -999, -999, -999, -999, -999, -999 
  3736289,19125144+3850261 ,10.86, 0,2,-999.00, 2.61, 0.01, -999, -999,0.167,0.001,0.684,0.004,0.886,0.004,0.746,0.004,0.570,0.004 
  3736477,19130861+3853507 ,11.82, 0,2,-999.00, 2.36, 0.01, -999, -999,0.161,0.001,0.685,0.003,0.906,0.004,0.749,0.003,0.634,0.002 
  3742673,19205111+3848386 ,10.98, 0,1,-999.00, 2.71, 0.01, -999, -999,0.132,0.002, -999, -999,0.870,0.006,0.770,0.006,0.558,0.005 
  3744043,19222743+3850529 , 9.66, 0,1,-999.00, 2.97, 0.01, -999, -999,0.206,0.002,0.670,0.003,0.903,0.008,0.751,0.009,0.621,0.007 
  3744681,19231435+3852566 ,10.38, 0,2,-999.00, 2.70, 0.01, -999, -999,0.173,0.001,0.682,0.002,0.866,0.003,0.748,0.002,0.561,0.002 
  3745153,19234679+3853099 ,11.34, 0,2,-999.00, 2.55, 0.01, -999, -999,0.172,0.003,0.693,0.007,0.879,0.010,0.742,0.009,0.572,0.008 
  3747777,19263999+3853246 ,11.26, 0,0,-999.00, 2.54, 0.01, -999, -999,0.167,0.003,0.621,0.008,0.860,0.010,0.795,0.009,0.574,0.011 
  3747860,19264567+3851090 ,11.75, 0,1,-999.00, 2.46, 0.01, -999, -999,0.178,0.002,0.639,0.006,0.895,0.007,0.750,0.006,0.588,0.007 
  3748585,19272877+3848096 , 8.60, 0,2,-999.00, 2.55, 0.01, -999, -999,0.158,0.003,0.578,0.007,0.856,0.009,0.781,0.007,0.626,0.008 
  3748691,19273465+3850493 ,11.59, 0,2,-999.00, 2.51, 0.01, -999, -999,0.170,0.002,0.637,0.004,0.867,0.004,0.766,0.004,0.548,0.004 
  3749487,19282356+3852186 ,10.76, 0,1,-999.00, 2.76, 0.01, -999, -999,0.164,0.002,0.654,0.004,0.883,0.004,0.771,0.004,0.564,0.004 
  3750614,19294097+3848242 ,11.87, 0,0,-999.00, 2.61, 0.01, -999, -999, -999, -999, -999, -999, -999, -999, -999, -999, -999, -999 
  3750783,19295160+3849186 ,11.82, 3,0,129.00, 2.96, 0.01, -999, -999,0.266,0.004,0.696,0.008,0.887,0.014,0.748,0.013,0.612,0.012 
  3750794,19295236+3848393 ,11.34, 0,2,-999.00, 2.41, 0.01, -999, -999, -999, -999, -999, -999, -999, -999, -999, -999, -999, -999 
  3750891,19295885+3848030 ,11.99, 0,1,-999.00, 2.64, 0.01, -999, -999, -999, -999,0.550,0.007,0.849,0.008,0.756,0.009,0.543,0.009 
  3754895,19340370+3851576 ,10.60, 0,1,-999.00, 2.72, 0.01, -999, -999,0.130,0.004,0.558,0.007,0.878,0.012,0.776,0.010,0.595,0.008 
  3755923,19345962+3848543 ,11.05, 0,2,-999.00, 2.54, 0.01, -999, -999, -999, -999, -999, -999, -999, -999, -999, -999, -999, -999 
  3758458,19372526+3851425 ,11.28, 0,2,-999.00, 2.76, 0.01, -999, -999,0.030,0.003,0.672,0.007,0.870,0.012,0.766,0.010,0.610,0.010 
  3758731,19374321+3849021 ,10.66, 0,2,-999.00, 2.80, 0.01, -999, -999,0.165,0.001,0.730,0.005,0.870,0.006,0.727,0.006,0.579,0.007 
  3759654,19383697+3853306 ,10.19, 0,2,-999.00, 2.88, 0.01, -999, -999,0.178,0.002,0.751,0.003,0.889,0.004,0.759,0.003,0.625,0.003 
  3759814,19384625+3851324 ,10.71, 0,0,-999.00, 3.26, 0.01, -999, -999,0.110,0.001,0.628,0.032,0.903,0.041,0.774,0.041,0.646,0.036 
  3760337,19391906+3850197 ,10.36, 0,0,-999.00, 2.48, 0.01, -999, -999, -999, -999,0.650,0.003,0.868,0.004,0.842,0.004,0.558,0.005 
  3763790,19421705+3851182 , 9.98, 0,2,-999.00, 2.55, 0.01, -999, -999,0.277,0.001,0.560,0.016,0.869,0.024,0.699,0.019,0.521,0.017 
  3765594,19433703+3852397 ,11.23, 0,2,-999.00, 2.38, 0.01, -999, -999, -999, -999,0.551,0.013,0.852,0.022,0.741,0.018,0.542,0.019 
  3831992,19002068+3854582 ,10.76, 0,1,-999.00, 3.23, 0.01, -999, -999,0.153,0.007,0.621,0.005,0.872,0.007,0.758,0.006,0.596,0.007 
  3833399,19024305+3854594 , 9.22, 0,2,-999.00, 2.48, 0.01, -999, -999, -999, -999, -999, -999, -999, -999, -999, -999, -999, -999 
  3833819,19032549+3856334 ,11.92, 0,1,-999.00, 3.10, 0.01, -999, -999, -999, -999, -999, -999, -999, -999, -999, -999, -999, -999 
  3834190,19035788+3857041 ,12.36, 0,2,-999.00, 2.43, 0.01, -999, -999,0.105,0.001,0.572,0.002,0.843,0.003,0.764,0.003,0.548,0.004 
  3835996,19070488+3855567 ,11.60, 0,1,-999.00, 2.58, 0.01, -999, -999,0.162,0.001,0.624,0.003,0.873,0.004,0.752,0.004,0.614,0.004 
  3837107,19084996+3856477 ,10.19, 3,0, 93.00, 2.93, 0.01, -999, -999,0.104,0.003,0.649,0.007,0.869,0.009,0.718,0.011,0.564,0.011 
  3838075,19102163+3855184 ,12.03, 0,2,-999.00, 2.46, 0.01, -999, -999, -999, -999, -999, -999, -999, -999, -999, -999, -999, -999 
  3838180,19102983+3859037 ,11.88, 0,0,-999.00, 2.67, 0.01, -999, -999, -999, -999, -999, -999, -999, -999, -999, -999, -999, -999 
  3839443,19122757+3856275 ,12.32, 0,0,-999.00, 2.51, 0.01, -999, -999,0.185,0.002,0.743,0.008,0.882,0.012,0.684,0.010,0.564,0.014 
  3842255,19161442+3859114 ,12.10, 0,0,-999.00, 2.38, 0.01, -999, -999,0.031,0.002,0.599,0.010,0.857,0.013,0.773,0.011,0.521,0.013 
  3842778,19165404+3858193 ,11.19, 0,1,-999.00, 2.79, 0.01, -999, -999,0.158,0.003,0.609,0.005,0.906,0.005,0.742,0.005,0.587,0.005 
  3847071,19220223+3854251 ,11.69, 0,1,-999.00, 2.70, 0.01, -999, -999,0.175,0.002,0.636,0.005,0.878,0.009,0.774,0.007,0.580,0.008 
  3847697,19224762+3859230 ,11.61, 0,0,-999.00, 2.56, 0.01, -999, -999,0.191,0.002,0.605,0.005,0.853,0.008,0.766,0.006,0.549,0.008 
  3849027,19242133+3854402 ,11.75, 0,2,-999.00, 2.34, 0.01, -999, -999, -999, -999, -999, -999, -999, -999, -999, -999, -999, -999 
  3849996,19252892+3858022 ,12.11, 0,2,-999.00, 2.36, 0.01, -999, -999,0.217,0.002,0.742,0.004,0.886,0.006,0.758,0.006,0.555,0.005 
  3854605,19302201+3855545 , 8.65, 3,0,170.00, 2.50, 0.01, -999, -999,0.127,0.004,0.627,0.010,0.877,0.013,0.826,0.013,0.573,0.015 
  3938291,19045945+3900266 ,10.54, 0,1,-999.00, 2.98, 0.01, -999, -999,0.174,0.002,0.641,0.007,0.895,0.011,0.787,0.009,0.655,0.011 
  3939679,19070654+3903388 ,11.10, 0,1,-999.00, 3.23, 0.01, -999, -999,0.185,0.002,0.641,0.006,0.874,0.008,0.759,0.009,0.616,0.010 
  3940854,19090448+3903344 ,12.18, 0,0,-999.00, 2.66, 0.01, -999, -999,0.173,0.002, -999, -999,0.829,0.009,0.810,0.008,0.609,0.010 
  3941538,19100701+3901564 ,11.85, 0,0,-999.00, 2.29, 0.01, -999, -999, -999, -999, -999, -999, -999, -999, -999, -999, -999, -999 
  3941607,19101352+3904276 ,12.17, 0,0,-999.00, 2.84, 0.01, -999, -999,0.185,0.002,0.714,0.003,0.893,0.004,0.738,0.004,0.606,0.005 
  3942191,19111214+3904588 ,12.41, 0,2,-999.00, 2.39, 0.01, -999, -999, -999, -999, -999, -999, -999, -999, -999, -999, -999, -999 
  3942203,19111335+3903138 ,11.05, 0,2,-999.00, 2.44, 0.01, -999, -999, -999, -999, -999, -999, -999, -999, -999, -999, -999, -999 
  3942701,19115665+3901274 ,12.22, 0,1,-999.00, 3.07, 0.01, -999, -999,0.217,0.002,0.536,0.006,0.880,0.007,0.772,0.008,0.604,0.008 
  3946270,19163742+3902195 ,10.30, 0,2,-999.00, 2.43, 0.01, -999, -999,0.157,0.001,0.684,0.003,0.884,0.003,0.740,0.003,0.541,0.003 
  3946389,19164612+3905171 ,12.13, 0,1,-999.00, 2.27, 0.01, -999, -999,0.126,0.006,0.549,0.008,0.842,0.011,0.777,0.010,0.524,0.009 
  3946593,19165952+3902436 ,11.72, 0,2,-999.00, 2.51, 0.01, -999, -999,0.152,0.002,0.658,0.004,0.863,0.005,0.736,0.004,0.530,0.004 
  3951839,19231072+3905568 ,12.13, 0,2,-999.00, 2.53, 0.01, -999, -999, -999, -999, -999, -999, -999, -999, -999, -999, -999, -999 
  3954000,19254393+3902229 ,12.42, 0,2,-999.00, 2.49, 0.01, -999, -999, -999, -999, -999, -999, -999, -999, -999, -999, -999, -999 
  3954857,19264086+3905307 ,11.85, 0,2,-999.00, 2.47, 0.01, -999, -999,0.097,0.001,0.615,0.002,0.864,0.003,0.759,0.002,0.552,0.003 
  3955590,19272677+3900456 ,10.34, 4,0,-999.00, 2.22, 0.01, -999, -999,0.179,0.001,0.583,0.002,0.845,0.004,0.790,0.004,0.568,0.004 
  3956786,19283748+3902402 ,12.19, 0,2,-999.00, 2.43, 0.01, -999, -999,0.147,0.003,0.722,0.005,0.904,0.005,0.720,0.005,0.600,0.006 
  3957521,19292494+3904112 ,12.36, 0,2,-999.00, 2.39, 0.01, -999, -999,0.146,0.002,0.777,0.005,0.906,0.007,0.742,0.005,0.618,0.007 
  3958400,19301845+3904562 ,10.41, 0,2,-999.00, 2.64, 0.01, -999, -999,0.171,0.003,0.693,0.012,0.898,0.013,0.817,0.012,0.578,0.013 
  3958463,19302269+3904401 ,12.49, 0,2,-999.00, 2.43, 0.01, -999, -999,0.154,0.003,0.577,0.005,0.855,0.015,0.773,0.013,0.544,0.006 
  3965022,19370444+3905345 ,10.93, 0,2,-999.00, 2.70, 0.01, -999, -999,0.180,0.002,0.686,0.009,0.881,0.009,0.764,0.007,0.628,0.012 
  3965149,19371183+3905233 ,11.57, 0,2,-999.00, 2.41, 0.01, -999, -999,0.203,0.004,0.772,0.008,0.906,0.012,0.740,0.011,0.678,0.011 
  3854943,19304278+3854561 ,10.85, 0,2,-999.00, 3.17, 0.01, -999, -999,0.207,0.003,0.644,0.008,0.905,0.017,0.757,0.019,0.612,0.022 
  3855032,19304907+3855555 ,12.12, 0,2,-999.00, 2.40, 0.01, -999, -999, -999, -999, -999, -999, -999, -999, -999, -999, -999, -999 
  3855126,19305588+3855263 ,12.21, 0,1,-999.00, 2.66, 0.01, -999, -999,0.147,0.002,0.579,0.005,0.873,0.008,0.767,0.007,0.573,0.009 
  3858634,19343154+3855411 ,11.04, 0,0,-999.00, 2.50, 0.01, -999, -999,0.218,0.003,0.627,0.008,0.867,0.012,0.782,0.011,0.598,0.014 
  3858714,19343604+3857272 ,11.94, 0,2,-999.00, 2.59, 0.01, -999, -999,0.150,0.001,0.657,0.003,0.866,0.004,0.776,0.004,0.565,0.003 
  3858850,19344399+3858565 ,12.01, 0,0,-999.00, 2.29, 0.01, -999, -999,0.257,0.003, -999, -999,0.826,0.006,0.785,0.005,0.523,0.005 
  3860176,19360089+3856475 ,11.61, 0,0,-999.00, 2.80, 0.01, -999, -999,0.099,0.002,0.673,0.004,0.875,0.007,0.762,0.006,0.592,0.006 
  3860179,19360107+3859431 ,12.09, 0,1,-999.00, 3.19, 0.01, -999, -999,0.169,0.001,0.597,0.006,0.880,0.007,0.747,0.008,0.594,0.008 
  3860253,19360616+3854028 ,10.07, 0,0,-999.00, 2.85, 0.01, -999, -999,0.183,0.002,0.649,0.005,0.863,0.021,0.749,0.017,0.598,0.022 
  3861797,19373667+3857118 ,12.38, 0,1,-999.00, 3.08, 0.01, -999, -999,0.082,0.002,0.609,0.009,0.880,0.012,0.770,0.012,0.643,0.015 
  3863402,19391040+3859460 ,11.06, 0,2,-999.00, 2.64, 0.01, -999, -999,0.169,0.003,0.669,0.010,0.882,0.014,0.777,0.013,0.582,0.014 
  3866912,19421686+3859004 ,12.29, 0,1,-999.00, 2.87, 0.01, -999, -999, -999, -999, -999, -999, -999, -999, -999, -999, -999, -999 
  3867193,19422941+3857457 ,12.04, 0,0,-999.00, 2.58, 0.01, -999, -999, -999, -999, -999, -999, -999, -999, -999, -999, -999, -999 
  3868080,19430999+3855511 ,11.48, 0,2,-999.00, 2.57, 0.01, -999, -999, -999, -999, -999, -999, -999, -999, -999, -999, -999, -999 
  3868144,19431310+3859045 ,11.37, 0,1,-999.00, 3.02, 0.01, -999, -999, -999, -999, -999, -999, -999, -999, -999, -999, -999, -999 
  3869241,19440471+3858451 ,12.07, 0,2,-999.00, 2.45, 0.01, -999, -999, -999, -999, -999, -999, -999, -999, -999, -999, -999, -999 
  3869326,19440792+3856121 ,11.60, 0,2,-999.00, 2.58, 0.01, -999, -999, -999, -999, -999, -999, -999, -999, -999, -999, -999, -999 
  3934458,18583476+3900115 ,10.44, 0,2,-999.00, 2.46, 0.01, -999, -999,0.183,0.002,0.686,0.006,0.868,0.007,0.783,0.007,0.587,0.006 
  3935726,19003436+3903472 ,10.86, 0,2,-999.00, 2.39, 0.01, -999, -999, -999, -999, -999, -999, -999, -999, -999, -999, -999, -999 
  3936047,19010531+3903502 ,12.45, 0,1,-999.00, 3.23, 0.01, -999, -999, -999, -999, -999, -999, -999, -999, -999, -999, -999, -999 
  3936507,19015342+3900078 ,12.38, 0,2,-999.00, 2.43, 0.01, -999, -999,0.155,0.004,0.664,0.006,0.903,0.007,0.749,0.007,0.618,0.006 
  3936801,19022697+3903059 , 8.86, 0,1,-999.00, 3.27, 0.01, -999, -999, -999, -999, -999, -999, -999, -999, -999, -999, -999, -999 
  3936921,19023934+3905592 ,10.72, 0,2,-999.00, 2.32, 0.01, -999, -999, -999, -999, -999, -999, -999, -999, -999, -999, -999, -999 
  3937217,19031206+3903066 ,11.63, 2,2, 57.00, 2.36, 0.01, -999, -999, -999, -999, -999, -999, -999, -999, -999, -999, -999, -999 
  3965887,19375458+3904550 ,11.03, 0,2,-999.00, 2.69, 0.01, -999, -999,0.160,0.002,0.740,0.004,0.900,0.006,0.769,0.006,0.650,0.006 
  3967300,19391946+3900222 ,10.51, 0,1,-999.00, 3.13, 0.01, -999, -999,0.169,0.002,0.648,0.006,0.884,0.009,0.763,0.006,0.602,0.007 
  3967501,19393249+3905031 , 9.93, 2,2, 85.50, 2.96, 0.03, -999, -999, -999, -999, -999, -999,0.826,0.006,0.861,0.005,0.649,0.004 
  3968382,19402228+3902270 ,10.64, 0,2,-999.00, 2.52, 0.01, -999, -999,0.174,0.002,0.668,0.004,0.869,0.007,0.795,0.006,0.572,0.007 
  3968710,19403958+3905021 ,10.39, 0,2,-999.00, 2.48, 0.01, -999, -999,0.145,0.002,0.643,0.005,0.873,0.033,0.764,0.043,0.552,0.034 
  3968764,19404277+3901305 ,12.22, 0,1,-999.00, 2.69, 0.01, -999, -999,0.168,0.002,0.669,0.005,0.893,0.006,0.755,0.006,0.608,0.007 
  3970223,19415537+3902207 ,12.34, 0,2,-999.00, 2.49, 0.01, -999, -999, -999, -999, -999, -999, -999, -999, -999, -999, -999, -999 
  3970395,19420303+3904352 ,11.88, 0,2,-999.00, 2.45, 0.01, -999, -999, -999, -999, -999, -999, -999, -999, -999, -999, -999, -999 
  3972026,19431585+3904014 ,11.96, 0,2,-999.00, 2.46, 0.01, -999, -999, -999, -999, -999, -999, -999, -999, -999, -999, -999, -999 
  3972701,19434713+3901477 ,11.56, 0,1,-999.00, 3.35, 0.01, -999, -999, -999, -999, -999, -999, -999, -999, -999, -999, -999, -999 
  3973001,19440043+3903486 ,11.72, 0,2,-999.00, 2.48, 0.01, -999, -999, -999, -999, -999, -999, -999, -999, -999, -999, -999, -999 
  3973247,19441130+3905143 ,12.15, 0,1,-999.00, 3.09, 0.01, -999, -999, -999, -999, -999, -999, -999, -999, -999, -999, -999, -999 
  3974163,19445164+3901343 ,11.77, 0,2,-999.00, 2.75, 0.01, -999, -999, -999, -999, -999, -999, -999, -999, -999, -999, -999, -999 
  4036007,18590060+3908481 ,11.43, 0,2,-999.00, 2.48, 0.01, -999, -999,0.217,0.003,0.733,0.008,0.903,0.011,0.798,0.008,0.662,0.009 
  4038624,19021934+3909176 , 8.54, 0,2,-999.00, 2.68, 0.01, -999, -999, -999, -999, -999, -999, -999, -999, -999, -999, -999, -999 
  4039306,19032027+3909475 ,11.55, 0,2,-999.00, 2.44, 0.01, -999, -999, -999, -999, -999, -999, -999, -999, -999, -999, -999, -999 
  4041405,19063068+3909078 ,11.05, 0,0,-999.00, 2.17, 0.01, -999, -999, -999, -999, -999, -999, -999, -999, -999, -999, -999, -999 
  4041406,19063073+3909438 ,10.40, 0,2,-999.00, 2.92, 0.01, -999, -999,0.181,0.003,0.758,0.008,0.902,0.010,0.699,0.011,0.586,0.012 
  4042951,19085447+3908037 ,11.52, 0,2,-999.00, 2.42, 0.01, -999, -999,0.149,0.003,0.712,0.007,0.889,0.008,0.636,0.008,0.542,0.010 
  4042977,19085669+3906498 ,11.24, 0,1,-999.00, 3.05, 0.01, -999, -999, -999, -999, -999, -999, -999, -999, -999, -999, -999, -999 
  4044238,19105061+3910180 , 7.83, 0,2,-999.00, 2.43, 0.01, -999, -999, -999, -999, -999, -999, -999, -999, -999, -999, -999, -999 
  4048951,19170362+3910511 ,11.04, 0,1,-999.00, 2.98, 0.01, -999, -999,0.209,0.003,0.623,0.010,0.878,0.013,0.743,0.011,0.572,0.017 
  4049944,19181419+3908494 ,11.99, 0,1,-999.00, 3.26, 0.01, -999, -999,0.199,0.002,0.608,0.004,0.880,0.005,0.731,0.004,0.593,0.005 
  4055294,19241086+3907357 , 9.77, 0,1,-999.00, 2.99, 0.01, -999, -999, -999, -999, -999, -999, -999, -999, -999, -999, -999, -999 
  4056079,19250427+3907044 ,10.00, 0,1,-999.00, 2.57, 0.01, -999, -999, -999, -999, -999, -999, -999, -999, -999, -999, -999, -999 
  4056266,19251710+3906201 ,11.78, 0,2,-999.00, 2.86, 0.01, -999, -999,0.184,0.003,0.711,0.007,0.874,0.009,0.750,0.007,0.558,0.010 
  4056365,19252402+3910201 ,10.90, 0,1,-999.00, 2.96, 0.01, -999, -999, -999, -999, -999, -999, -999, -999, -999, -999, -999, -999 
  4057076,19261031+3909036 ,11.84, 0,2,-999.00, 2.53, 0.01, -999, -999,0.153,0.002,0.661,0.004,0.892,0.006,0.805,0.005,0.613,0.005 
  4058265,19272875+3911109 ,10.54, 0,2,-999.00, 2.52, 0.01, -999, -999, -999, -999, -999, -999, -999, -999, -999, -999, -999, -999 
  4058403,19273812+3910080 ,11.88, 0,1,-999.00, 2.64, 0.01, -999, -999,0.137,0.002,0.648,0.004,0.867,0.005,0.756,0.005,0.550,0.005 
  4060545,19294498+3906374 ,10.30, 0,2,-999.00, 2.58, 0.01, -999, -999,0.177,0.003,0.688,0.006,0.876,0.008,0.746,0.007,0.615,0.006 
  4064447,19334342+3909063 ,11.43, 0,1,-999.00, 3.37, 0.01, -999, -999,0.217,0.001,0.705,0.003,0.901,0.004,0.706,0.003,0.637,0.003 
  4066278,19353433+3907055 ,12.07, 0,1,-999.00, 3.00, 0.01, -999, -999,0.187,0.001,0.603,0.003,0.865,0.003,0.773,0.003,0.599,0.004 
  4066326,19353725+3909031 ,11.15, 0,2,-999.00, 2.44, 0.01, -999, -999,0.149,0.003,0.653,0.007,0.873,0.010,0.773,0.009,0.574,0.008 
  4070714,19394925+3907298 ,11.32, 0,2,-999.00, 2.60, 0.01, -999, -999,0.154,0.002,0.673,0.004,0.861,0.005,0.751,0.004,0.545,0.004 
  4070746,19395150+3909100 ,10.64, 2,1, 82.00, 3.23, 0.01, -999, -999,0.202,0.005,0.691,0.014,0.900,0.021,0.768,0.016,0.631,0.015 
  4071543,19403411+3907329 ,11.91, 0,2,-999.00, 2.46, 0.01, -999, -999,0.164,0.003,0.632,0.004,0.852,0.006,0.757,0.006,0.572,0.005 
  4072740,19414033+3910226 , 9.69, 0,1,-999.00, 3.34, 0.01, -999, -999,0.174,0.001,0.553,0.014,0.870,0.019,0.772,0.016,0.604,0.013 
  4075403,19434391+3906047 ,12.49, 0,2,-999.00, 2.68, 0.01, -999, -999, -999, -999, -999, -999, -999, -999, -999, -999, -999, -999 
  4077931,19454441+3907521 ,11.39, 0,2,-999.00, 2.40, 0.01, -999, -999, -999, -999, -999, -999, -999, -999, -999, -999, -999, -999 
  4079504,19465495+3911527 ,12.48, 0,0,-999.00, 2.98, 0.01, -999, -999, -999, -999,0.668,0.008,0.879,0.011,0.753,0.011,0.589,0.008 
  4136374,18592010+3912373 ,10.84, 0,2,-999.00, 2.61, 0.01, -999, -999, -999, -999, -999, -999, -999, -999, -999, -999, -999, -999 
  4136835,18595244+3917513 ,12.39, 0,0,-999.00, 2.81, 0.01, -999, -999, -999, -999, -999, -999, -999, -999, -999, -999, -999, -999 
  4137210,19002049+3914595 ,12.41, 0,1,-999.00, 2.98, 0.01, -999, -999,0.172,0.002,0.639,0.009,0.914,0.011,0.775,0.013,0.666,0.013 
  4139784,19041566+3913194 ,11.26, 0,2,-999.00, 2.58, 0.01, -999, -999,0.100,0.003,0.566,0.007,0.852,0.009,0.781,0.009,0.563,0.011 
  4139805,19041820+3917094 ,10.58, 0,2,-999.00, 2.85, 0.01, -999, -999,0.162,0.002,0.693,0.004,0.895,0.006,0.777,0.006,0.639,0.006 
  4139914,19042759+3913355 ,10.17, 0,2,-999.00, 2.46, 0.01, -999, -999, -999, -999, -999, -999, -999, -999, -999, -999, -999, -999 
  4140726,19054715+3912431 ,11.73, 0,0,-999.00, 2.61, 0.01, -999, -999, -999, -999, -999, -999, -999, -999, -999, -999, -999, -999 
  4141815,19072538+3915428 ,10.76, 0,2,-999.00, 2.54, 0.01, -999, -999, -999, -999, -999, -999, -999, -999, -999, -999, -999, -999 
  4143334,19095779+3912585 , 9.58, 0,2,-999.00, 2.44, 0.01, -999, -999,0.157,0.002,0.636,0.005,0.864,0.006,0.770,0.006,0.633,0.006 
  4143460,19101154+3914584 ,11.69, 0,2,-999.00, 2.51, 0.01, -999, -999, -999, -999, -999, -999, -999, -999, -999, -999, -999, -999 
  4147993,19160346+3914372 ,12.00, 0,1,-999.00, 3.27, 0.01, -999, -999,0.166,0.001,0.549,0.004,0.861,0.004,0.764,0.004,0.571,0.004 
  4149966,19181793+3915177 ,10.07, 0,2,-999.00, 2.79, 0.01, -999, -999, -999, -999, -999, -999, -999, -999, -999, -999,0.548,0.006 
  4155520,19242053+3914483 ,11.17, 0,2,-999.00, 2.55, 0.01, -999, -999, -999, -999, -999, -999, -999, -999, -999, -999, -999, -999 
  4155571,19242365+3914242 ,11.80, 0,0,-999.00, 2.28, 0.01, -999, -999, -999, -999, -999, -999, -999, -999, -999, -999, -999, -999 
  4164910,19332189+3912064 ,11.03, 0,2,-999.00, 2.49, 0.01, -999, -999,0.126,0.001,0.633,0.006,0.865,0.008,0.763,0.007,0.559,0.012 
  4168541,19363885+3917391 , 9.85, 0,2,-999.00, 2.50, 0.01, -999, -999,0.181,0.001,0.703,0.003,0.889,0.003,0.740,0.003,0.593,0.003 
  4168909,19365930+3913582 ,10.87, 0,1,-999.00, 3.07, 0.01, -999, -999,0.159,0.001,0.537,0.004,0.849,0.005,0.779,0.004,0.577,0.005 
  4169130,19371105+3916514 ,11.11, 0,2,-999.00, 2.49, 0.01, -999, -999,0.134,0.002,0.632,0.004,0.873,0.005,0.794,0.005,0.618,0.006 
  4169517,19373168+3913481 ,11.89, 0,2,-999.00, 2.73, 0.01, -999, -999,0.189,0.002,0.688,0.004,0.904,0.005,0.711,0.005,0.603,0.006 
  4171788,19393367+3912426 ,12.28, 0,1,-999.00, 2.87, 0.01, -999, -999, -999, -999, -999, -999, -999, -999, -999, -999, -999, -999 
  4177811,19441873+3914113 , 9.38, 0,1,-999.00, 2.38, 0.01, -999, -999, -999, -999, -999, -999, -999, -999, -999, -999, -999, -999 
  4180820,19462882+3915595 ,10.65, 0,2,-999.00, 2.90, 0.01, -999, -999, -999, -999, -999, -999, -999, -999, -999, -999, -999, -999 
  4180903,19463312+3912164 , 9.44, 0,2,-999.00, 2.67, 0.01, -999, -999,0.060,0.002,0.694,0.004,0.860,0.005,0.756,0.005,0.560,0.006 
  4241369,18584517+3919401 ,10.43, 0,2,-999.00, 2.69, 0.01, -999, -999, -999, -999, -999, -999, -999, -999, -999, -999, -999, -999 
  4242873,19005046+3921272 ,12.49, 2,1, 74.00, 2.99, 0.01, -999, -999,0.266,0.002,0.588,0.005,0.875,0.005,0.741,0.005,0.602,0.006 
  4243796,19021801+3923330 ,10.80, 0,2,-999.00, 2.48, 0.01, -999, -999,0.112,0.003,0.594,0.013,0.851,0.018,0.786,0.016,0.556,0.014 
  4244856,19035735+3919254 ,12.18, 0,2,-999.00, 2.39, 0.01, -999, -999,0.242,0.003,0.730,0.006,0.907,0.010,0.738,0.008,0.596,0.008 
  4244973,19040802+3919394 ,10.30, 0,2,-999.00, 2.63, 0.01, -999, -999,0.286,0.002,0.604,0.005,0.879,0.006,0.807,0.006,0.588,0.007 
  4246481,19062915+3918002 ,12.05, 0,2,-999.00, 2.54, 0.01, -999, -999, -999, -999, -999, -999, -999, -999, -999, -999, -999, -999 
  4249128,19104300+3918364 ,11.97, 0,2,-999.00, 2.53, 0.01, -999, -999, -999, -999, -999, -999, -999, -999, -999, -999, -999, -999 
  4249357,19110008+3922263 ,11.91, 0,1,-999.00, 2.59, 0.01, -999, -999,0.157,0.004,0.579,0.009,0.862,0.013,0.758,0.010,0.585,0.011 
  4253026,19155474+3918470 ,12.18, 0,2,-999.00, 2.48, 0.01, -999, -999,0.185,0.003,0.716,0.006,0.896,0.007,0.742,0.007,0.611,0.008 
  4261757,19254615+3918404 ,11.84, 0,2,-999.00, 2.51, 0.01, -999, -999, -999, -999, -999, -999, -999, -999, -999, -999, -999, -999 
  4262505,19263055+3919247 ,10.36, 0,1,-999.00, 2.86, 0.01, -999, -999,0.172,0.001,0.655,0.002,0.890,0.003,0.765,0.002,0.589,0.003 
  4263884,19275160+3921030 ,12.22, 0,2,-999.00, 2.46, 0.01, -999, -999, -999, -999, -999, -999, -999, -999, -999, -999, -999, -999 
  4269252,19330715+3923359 ,10.59, 0,2,-999.00, 2.42, 0.01, -999, -999, -999, -999, -999, -999,0.836,0.005,0.816,0.004,0.538,0.004 
  4269391,19331611+3919030 ,10.97, 0,0,-999.00, 2.49, 0.01, -999, -999,0.139,0.001,0.598,0.005,0.847,0.007,0.773,0.006,0.549,0.007 
  4269457,19332141+3923273 ,11.08, 0,0,-999.00, 2.43, 0.01, -999, -999, -999, -999, -999, -999, -999, -999, -999, -999, -999, -999 
  4270423,19341734+3920444 ,11.93, 0,1,-999.00, 2.62, 0.01, -999, -999,0.165,0.001,0.628,0.004,0.897,0.005,0.749,0.004,0.603,0.004 
  4271033,19345132+3922567 ,11.48, 0,2,-999.00, 2.59, 0.01, -999, -999,0.160,0.002,0.630,0.015,0.858,0.017,0.754,0.016,0.562,0.017 
  4271039,19345154+3921379 ,11.80, 0,0,-999.00, 2.58, 0.01, -999, -999,0.147,0.004,0.727,0.005,0.887,0.010,0.742,0.011,0.584,0.006 
  4271855,19353855+3921212 ,11.28, 0,2,-999.00, 2.50, 0.01, -999, -999,0.173,0.002,0.637,0.014,0.865,0.005,0.770,0.006,0.563,0.015 
  4273491,19370733+3922256 ,11.62, 0,0,-999.00, 2.76, 0.01, -999, -999,0.199,0.004,0.695,0.009,0.882,0.011,0.723,0.010,0.599,0.014 
  4274759,19381369+3919459 ,12.34, 0,2,-999.00, 2.93, 0.01, -999, -999,0.184,0.007,0.672,0.017,0.896,0.019,0.759,0.018,0.647,0.023 
  4275434,19384992+3922582 ,12.16, 0,2,-999.00, 2.54, 0.01, -999, -999,0.157,0.002,0.695,0.004,0.878,0.005,0.774,0.004,0.568,0.005 
  4275625,19385957+3918194 ,11.03, 0,2,-999.00, 2.41, 0.01, -999, -999,0.118,0.002,0.624,0.007,0.847,0.009,0.752,0.007,0.542,0.007 
  4276070,19392245+3920266 ,12.00, 0,2,-999.00, 2.56, 0.01, -999, -999,0.164,0.003,0.640,0.008,0.872,0.011,0.789,0.009,0.562,0.009 
  4277245,19402642+3919581 ,11.38, 0,2,-999.00, 2.47, 0.01, -999, -999, -999, -999, -999, -999, -999, -999, -999, -999, -999, -999 
  4278024,19410755+3920580 ,11.48, 1,0, 37.00,-999.00,-999.00, -999, -999, -999, -999, -999, -999, -999, -999, -999, -999, -999, -999 
  4279165,19420353+3921441 ,12.38, 0,0,-999.00, 2.61, 0.01, -999, -999, -999, -999, -999, -999, -999, -999, -999, -999, -999, -999 
  4279700,19422931+3920196 ,11.74, 0,0,-999.00, 2.39, 0.01, -999, -999,0.169,0.002,0.597,0.006,0.866,0.006,0.770,0.006,0.561,0.006 
  4280043,19424605+3920512 ,11.43, 0,2,-999.00, 2.51, 0.01, -999, -999, -999, -999, -999, -999, -999, -999, -999, -999, -999, -999 
  4280299,19425914+3918052 ,12.23, 0,1,-999.00, 3.11, 0.01, -999, -999,0.251,0.003,0.668,0.005,0.894,0.008,0.775,0.007,0.622,0.005 
  4280842,19432235+3918585 ,11.76, 0,1,-999.00, 3.26, 0.01, -999, -999,0.171,0.002,0.621,0.005,0.877,0.007,0.746,0.006,0.582,0.005 
  4281362,19434580+3918086 ,11.85, 0,2,-999.00, 2.55, 0.01, -999, -999,0.138,0.002,0.641,0.005,0.856,0.006,0.755,0.006,0.543,0.006 
  4281420,19434843+3922148 ,11.71, 0,2,-999.00, 2.49, 0.01, -999, -999,0.150,0.003,0.706,0.006,0.876,0.007,0.734,0.007,0.556,0.007 
  4281490,19435178+3921158 ,10.35, 0,2,-999.00, 2.64, 0.01, -999, -999, -999, -999, -999, -999, -999, -999, -999, -999, -999, -999 
  4281702,19440356+3918311 ,12.05, 0,2,-999.00, 2.39, 0.01, -999, -999,0.214,0.002,0.708,0.008,0.893,0.010,0.736,0.008,0.576,0.010 
  4281847,19441050+3921211 ,12.37, 0,2,-999.00, 2.85, 0.01, -999, -999,0.208,0.003,0.701,0.006,0.876,0.007,0.724,0.007,0.555,0.008 
  4283484,19452558+3923599 , 9.02, 0,2,-999.00, 2.39, 0.01, -999, -999,0.160,0.001,0.766,0.003,0.926,0.003,0.732,0.003,0.592,0.003 
  4284367,19460622+3921381 ,10.99, 0,2,-999.00, 2.48, 0.01, -999, -999, -999, -999, -999, -999, -999, -999, -999, -999, -999, -999 
  4345370,18593517+3926488 ,11.50, 0,0,-999.00, 2.42, 0.01, -999, -999, -999, -999, -999, -999, -999, -999, -999, -999, -999, -999 
  4346319,19011998+3924387 ,11.41, 0,2,-999.00, 2.57, 0.01, -999, -999,0.146,0.001,0.629,0.003,0.847,0.004,0.762,0.003, -999, -999 
  4346893,19022272+3925218 ,10.15, 0,2,-999.00, 2.42, 0.01, -999, -999, -999, -999, -999, -999, -999, -999, -999, -999, -999, -999 
  4346953,19023044+3924283 ,11.64, 0,0,-999.00, 2.33, 0.01, -999, -999, -999, -999, -999, -999, -999, -999, -999, -999, -999, -999 
  4346971,19023172+3924322 ,11.86, 0,0,-999.00, 2.61, 0.01, -999, -999, -999, -999, -999, -999, -999, -999, -999, -999, -999, -999 
  4347652,19033775+3924225 ,11.25, 0,2,-999.00, 3.31, 0.01, -999, -999,0.181,0.000,0.596,0.002,0.884,0.002,0.792,0.002,0.627,0.004 
  4348593,19050911+3924239 , 8.97, 2,2,107.00, 2.72, 0.01, -999, -999, -999, -999, -999, -999, -999, -999, -999, -999, -999, -999 
  4348666,19051568+3926328 ,11.78, 0,2,-999.00, 3.19, 0.01, -999, -999, -999, -999, -999, -999, -999, -999, -999, -999, -999, -999 
  4350501,19081716+3924583 ,11.74, 0,1,-999.00, 3.06, 0.01, -999, -999,0.145,0.001,0.607,0.003,0.881,0.004,0.764,0.004,0.618,0.003 
  4355819,19154984+3928192 ,12.11, 0,0,-999.00, 2.38, 0.01, -999, -999,0.164,0.003,0.704,0.008,0.906,0.012,0.741,0.009,0.612,0.009 
  4355900,19155529+3929143 ,12.06, 0,2,-999.00, 2.75, 0.01, -999, -999,0.179,0.001,0.748,0.003,0.905,0.004,0.746,0.004,0.615,0.004 
  4356390,19163037+3924154 ,12.01, 0,2,-999.00, 2.46, 0.01, -999, -999, -999, -999,0.646,0.009,0.871,0.014,0.741,0.011,0.535,0.011 
  4357662,19180313+3928383 ,10.92, 0,1,-999.00, 2.58, 0.01, -999, -999,0.159,0.003,0.644,0.009,0.863,0.012,0.754,0.011,0.572,0.009 
  4359478,19195711+3926419 ,12.02, 0,2,-999.00, 2.44, 0.01, -999, -999,0.158,0.003,0.685,0.022,0.888,0.027,0.739,0.027,0.552,0.024 
  4360072,19203389+3928547 ,11.16, 0,2,-999.00, 2.42, 0.01, -999, -999,0.220,0.002,0.699,0.004,0.888,0.006,0.744,0.005,0.561,0.005 
  4365609,19265646+3927123 ,12.12, 0,2,-999.00, 2.43, 0.01, -999, -999,0.122,0.002,0.720,0.005,0.912,0.008,0.804,0.006,0.605,0.006 
  4366731,19281342+3924012 ,12.49, 0,2,-999.00, 2.40, 0.01, -999, -999,0.114,0.002,0.628,0.007,0.889,0.010,0.750,0.008,0.552,0.007 
  4366880,19282346+3924283 ,11.23, 0,2,-999.00, 2.72, 0.01, -999, -999,0.167,0.001,0.678,0.004,0.881,0.005,0.782,0.004,0.602,0.005 
  4370592,19321880+3928485 , 9.49, 0,0,-999.00, 2.62, 0.01, -999, -999,0.161,0.001,0.705,0.002,0.863,0.003,0.743,0.003,0.550,0.003 
  4371406,19330806+3925557 ,11.66, 0,0,-999.00, 2.56, 0.01, -999, -999,0.170,0.003,0.641,0.009,0.889,0.011,0.769,0.010,0.611,0.012 
  4371615,19331991+3924256 ,10.54, 0,2,-999.00, 2.80, 0.01, -999, -999,0.182,0.001,0.669,0.003,0.880,0.004,0.749,0.004,0.587,0.004 
  4372082,19334998+3928559 ,10.54, 0,2,-999.00, 2.80, 0.01, -999, -999,0.155,0.002,0.681,0.007,0.877,0.010,0.752,0.008,0.641,0.008 
  4373583,19351457+3925108 ,12.35, 0,0,-999.00, 2.90, 0.01, -999, -999, -999, -999,0.617,0.006,0.867,0.008,0.779,0.008,0.586,0.004 
  4378473,19394334+3929329 ,10.95, 0,1,-999.00, 2.26, 0.01, -999, -999,0.109,0.002,0.656,0.004,0.858,0.005,0.801,0.004,0.589,0.035 
  4381518,19421965+3927472 ,11.53, 0,2,-999.00, 2.55, 0.01, -999, -999, -999, -999, -999, -999, -999, -999, -999, -999, -999, -999 
  4381604,19422387+3925141 ,10.20, 0,2,-999.00, 2.58, 0.01, -999, -999,0.154,0.001,0.675,0.009,0.889,0.016,0.746,0.016,0.556,0.010 
  4383388,19434719+3928255 ,11.04, 0,1,-999.00, 2.56, 0.01, -999, -999,0.164,0.002,0.608,0.006,0.841,0.008,0.774,0.009,0.579,0.019 
  4390912,19492010+3926513 ,12.47, 4,0,-999.00, 2.59, 0.01, -999, -999,0.223,0.002,0.570,0.010,0.883,0.007,0.788,0.007,0.575,0.007 
  4445711,19002413+3933085 ,10.72, 0,2,-999.00, 2.46, 0.01, -999, -999,0.159,0.007,0.706,0.008,0.875,0.010,0.736,0.011,0.585,0.011 
  4446181,19011309+3930132 ,10.61, 0,2,-999.00, 2.38, 0.01, -999, -999, -999, -999, -999, -999, -999, -999, -999, -999, -999, -999 
  4446405,19013780+3931538 ,11.87, 0,0,-999.00, 2.69, 0.01, -999, -999,0.156,0.003,0.627,0.008,0.891,0.009,0.807,0.011, -999, -999 
  4448636,19053720+3935214 ,11.78, 0,2,-999.00, 2.42, 0.01, -999, -999,0.148,0.001, -999, -999,0.846,0.004,0.816,0.003,0.560,0.006 
  4448777,19055103+3930412 ,11.56, 0,1,-999.00, 3.26, 0.01, -999, -999, -999, -999, -999, -999, -999, -999, -999, -999, -999, -999 
  4455406,19155202+3931440 ,12.03, 0,2,-999.00, 2.63, 0.01, -999, -999,0.156,0.003,0.628,0.005,0.856,0.008,0.739,0.009,0.556,0.009 
  4456739,19172708+3932421 ,12.02, 0,2,-999.00, 2.47, 0.01, -999, -999,0.197,0.003,0.558,0.003,0.825,0.007,0.775,0.007,0.514,0.008 
  4457200,19180229+3931168 , 8.65, 0,2,-999.00, 2.55, 0.01, -999, -999,0.160,0.002,0.591,0.004,0.851,0.004,0.781,0.004,0.529,0.005 
  4457395,19181631+3933038 ,11.74, 0,2,-999.00, 2.42, 0.01, -999, -999,0.158,0.004,0.637,0.007,0.853,0.010,0.751,0.010,0.541,0.009 
  4457761,19183959+3935086 ,11.34, 0,2,-999.00, 2.65, 0.01, -999, -999,0.198,0.002,0.561,0.004,0.840,0.007,0.789,0.006,0.529,0.007 
  4459408,19202694+3934242 ,11.81, 0,0,-999.00, 2.54, 0.01, -999, -999,0.360,0.003,0.668,0.006,0.884,0.008,0.746,0.007,0.600,0.008 
  4459786,19204925+3930395 ,10.41, 0,2,-999.00, 2.56, 0.01, -999, -999, -999, -999, -999, -999, -999, -999, -999, -999, -999, -999 
  4464180,19260910+3930431 ,10.32, 0,2,-999.00, 2.44, 0.01, -999, -999, -999, -999, -999, -999, -999, -999, -999, -999, -999, -999 
  4466582,19290068+3930252 ,12.48, 0,1,-999.00, 2.98, 0.01, -999, -999,0.166,0.004,0.528,0.007,0.867,0.010,0.779,0.008,0.579,0.009 
  4469602,19321449+3931177 ,11.09, 0,0,-999.00, 2.42, 0.01, -999, -999,0.145,0.001,0.663,0.003,0.892,0.004,0.778,0.004,0.607,0.003 
  4469886,19323232+3930040 ,11.79, 0,2,-999.00, 2.67, 0.01, -999, -999,0.161,0.002,0.727,0.007,0.892,0.010,0.764,0.011,0.626,0.009 
  4473473,19361140+3935279 ,10.68, 0,0,-999.00, 2.38, 0.01, -999, -999, -999, -999,0.591,0.004,0.869,0.006,0.788,0.004,0.553,0.006 
  4474383,19370790+3934123 , 9.87, 0,2,-999.00, 2.59, 0.01, -999, -999, -999, -999, -999, -999, -999, -999, -999, -999, -999, -999 
  4475934,19383947+3931439 ,11.51, 0,2,-999.00, 2.51, 0.01, -999, -999,0.078,0.002,0.670,0.005,0.876,0.007,0.787,0.005,0.641,0.005 
  4476422,19390766+3930360 ,10.98, 0,2,-999.00, 2.81, 0.01, -999, -999,0.150,0.001,0.667,0.007,0.870,0.009,0.702,0.009,0.539,0.011 
  4480938,19430914+3932335 ,11.80, 0,2,-999.00, 2.45, 0.01, -999, -999,0.143,0.003,0.648,0.006,0.864,0.007,0.763,0.007,0.541,0.008 
  4489185,19494259+3931486 ,11.71, 0,1,-999.00, 2.89, 0.01, -999, -999,0.173,0.002,0.638,0.004,0.888,0.005,0.746,0.005,0.601,0.004 
  4543371,19011769+3938293 ,11.42, 0,2,-999.00, 2.89, 0.01, -999, -999, -999, -999,0.741,0.006,0.887,0.009,0.764,0.008,0.654,0.007 
  4545474,19050807+3936007 ,10.77, 0,0,-999.00, 2.47, 0.01, -999, -999, -999, -999, -999, -999, -999, -999, -999, -999, -999, -999 
  4546625,19070489+3941133 ,11.61, 0,2,-999.00, 2.43, 0.01, -999, -999, -999, -999, -999, -999, -999, -999, -999, -999, -999, -999 
  4548564,19102651+3938261 ,11.81, 0,1,-999.00, 2.66, 0.01, -999, -999, -999, -999, -999, -999, -999, -999, -999, -999, -999, -999 
  4552198,19154793+3939492 ,12.03, 0,0,-999.00, 2.48, 0.01, -999, -999, -999, -999, -999, -999, -999, -999, -999, -999, -999, -999 
  4553631,19173156+3938251 ,12.30, 0,0,-999.00, 2.65, 0.01, -999, -999, -999, -999, -999, -999, -999, -999, -999, -999, -999, -999 
  4553892,19174913+3940269 ,11.62, 0,0,-999.00, 2.53, 0.01, -999, -999,0.175,0.002,0.618,0.011,0.867,0.013,0.754,0.016,0.561,0.016 
  4554044,19175892+3939179 ,12.25, 0,2,-999.00, 2.47, 0.01, -999, -999,0.128,0.002,0.585,0.003,0.841,0.004,0.760,0.004,0.522,0.004 
  4556465,19203486+3940523 ,12.19, 0,2,-999.00, 2.43, 0.01, -999, -999,0.146,0.002,0.627,0.004,0.866,0.006,0.752,0.005,0.538,0.005 
  4556646,19204638+3941203 ,11.73, 0,1,-999.00, 2.64, 0.01, -999, -999,0.184,0.003,0.539,0.007,0.837,0.009,0.787,0.008,0.533,0.010 
  4557817,19220588+3940299 ,10.95, 0,2,-999.00, 2.83, 0.01, -999, -999,0.177,0.002,0.705,0.004,0.882,0.005,0.733,0.005,0.563,0.005 
  4562675,19275373+3940070 , 9.21, 0,2,-999.00, 2.72, 0.01, -999, -999,0.160,0.002,0.713,0.004,0.884,0.006,0.745,0.005,0.546,0.006 
  4566232,19320044+3941185 ,12.34, 0,1,-999.00, 2.92, 0.01, -999, -999,0.236,0.000,0.616,0.002,0.921,0.002,0.744,0.002,0.632,0.002 
  4567028,19325048+3941438 ,11.06, 0,2,-999.00, 2.39, 0.01, -999, -999,0.191,0.002,0.712,0.005,0.876,0.007,0.755,0.006,0.560,0.008 
  4568872,19344311+3936355 ,12.37, 0,2,-999.00, 2.56, 0.01, -999, -999, -999, -999, -999, -999, -999, -999, -999, -999, -999, -999 
  4570120,19355625+3939394 ,11.64, 0,2,-999.00, 2.88, 0.01, -999, -999,0.191,0.002,0.707,0.005,0.880,0.007,0.748,0.006,0.584,0.006 
  4570555,19362311+3938494 ,11.54, 4,0,-999.00, 3.21, 0.01, -999, -999,0.178,0.002,0.639,0.005,0.895,0.006,0.754,0.006,0.621,0.006 
  4571402,19371348+3941307 , 8.47, 0,2,-999.00, 2.49, 0.01, -999, -999, -999, -999, -999, -999, -999, -999, -999, -999, -999, -999 
  4571448,19371675+3938504 ,12.39, 0,1,-999.00, 3.27, 0.01, -999, -999, -999, -999,0.574,0.005,0.878,0.006,0.802,0.007,0.668,0.007 
  4571650,19372938+3939261 ,10.84, 0,1,-999.00, 3.16, 0.01, -999, -999,0.240,0.002,0.667,0.005,0.901,0.009,0.779,0.007,0.670,0.008 
  4575645,19411276+3937217 ,10.37, 0,2,-999.00, 2.52, 0.01, -999, -999,0.145,0.002,0.629,0.008,0.853,0.012,0.795,0.009, -999, -999 
  4577784,19430006+3938442 ,11.20, 0,0,-999.00, 2.43, 0.01, -999, -999,0.146,0.002,0.653,0.004,0.879,0.005,0.785,0.005,0.572,0.013 
  4578246,19432405+3941091 ,10.83, 0,2,-999.00, 2.83, 0.01, -999, -999,0.154,0.002,0.681,0.007,0.872,0.008,0.749,0.008,0.553,0.007 
  4578488,19433628+3939040 ,11.84, 0,0,-999.00, 2.59, 0.01, -999, -999,0.103,0.001,0.597,0.002,0.880,0.003,0.780,0.003,0.590,0.003 
  4580189,19445427+3941586 ,11.36, 0,0,-999.00, 2.70, 0.01, -999, -999,0.130,0.002,0.614,0.006,0.866,0.008,0.760,0.007,0.574,0.008 
  4585010,19484539+3940222 ,12.36, 0,0,-999.00, 2.78, 0.01, -999, -999, -999, -999, -999, -999, -999, -999, -999, -999, -999, -999 
  4585508,19490856+3940517 ,10.91, 0,2,-999.00, 2.44, 0.01, -999, -999,0.268,0.002,0.628,0.004,0.855,0.006,0.768,0.005,0.560,0.004 
  4586875,19501206+3940293 ,11.21, 0,2,-999.00, 2.36, 0.01, -999, -999, -999, -999, -999, -999,0.831,0.003,0.791,0.003,0.534,0.004 
  4633131,18552618+3943555 ,10.39, 0,1,-999.00, 2.96, 0.01, -999, -999, -999, -999, -999, -999, -999, -999, -999, -999, -999, -999 
  4633238,18553605+3942002 ,11.29, 0,2,-999.00, 2.48, 0.01, -999, -999,0.163,0.001,0.669,0.003,0.877,0.003,0.767,0.003,0.574,0.003 
  4633376,18555085+3944445 ,10.83, 0,1,-999.00, 3.04, 0.01, -999, -999, -999, -999, -999, -999, -999, -999, -999, -999, -999, -999 
  4633721,18562554+3944021 ,11.06, 0,2,-999.00, 2.73, 0.01, -999, -999,0.183,0.002,0.613,0.005,0.873,0.006,0.760,0.006,0.583,0.006 
  4633907,18564805+3946115 ,10.84, 0,2,-999.00, 2.38, 0.01, -999, -999, -999, -999, -999, -999, -999, -999, -999, -999, -999, -999 
  4636731,19015849+3947218 ,12.09, 0,1,-999.00, 2.26, 0.01, -999, -999,0.128,0.001,0.527,0.002,0.874,0.003,0.825,0.003,0.613,0.003 
  4637793,19035057+3946161 ,12.39, 0,0,-999.00, 2.44, 0.01, -999, -999, -999, -999, -999, -999, -999, -999, -999, -999, -999, -999 
  4638317,19044459+3947192 ,11.30, 0,0,-999.00, 2.35, 0.01, -999, -999, -999, -999, -999, -999, -999, -999, -999, -999, -999, -999 
  4640537,19083362+3944043 ,11.82, 0,2,-999.00, 2.44, 0.01, -999, -999,0.159,0.001,0.602,0.003,0.840,0.004,0.774,0.004,0.578,0.004 
  4640930,19091350+3947572 ,11.94, 0,0,-999.00, 3.16, 0.01, -999, -999,0.206,0.004,0.618,0.005,0.866,0.006,0.752,0.005,0.618,0.007 
  4643888,19134585+3946100 , 9.07, 0,2,-999.00, 2.61, 0.01, -999, -999,0.132,0.003,0.660,0.015,0.856,0.019,0.770,0.017,0.555,0.024 
  4644949,19151456+3947520 ,11.75, 0,0,-999.00, 2.69, 0.01, -999, -999,0.180,0.002,0.612,0.006,0.902,0.009,0.755,0.007,0.592,0.009 
  4645474,19155363+3944549 ,11.90, 0,1,-999.00, 3.10, 0.01, -999, -999, -999, -999, -999, -999, -999, -999, -999, -999, -999, -999 
  4645692,19160916+3944448 ,11.10, 0,2,-999.00, 2.45, 0.01, -999, -999,0.160,0.002,0.681,0.004,0.878,0.006,0.791,0.005,0.612,0.006 
  4646012,19163133+3942485 ,11.37, 0,2,-999.00, 2.50, 0.01, -999, -999,0.141,0.002,0.635,0.012,0.856,0.014,0.747,0.013,0.548,0.017 
  4646245,19164960+3942200 ,10.93, 0,2,-999.00, 2.54, 0.01, -999, -999,0.151,0.002,0.590,0.005,0.856,0.007,0.809,0.007,0.555,0.008 
  4646477,19170738+3944290 ,11.50, 0,1,-999.00, 3.31, 0.01, -999, -999,0.170,0.002,0.577,0.003,0.873,0.005,0.743,0.004,0.578,0.004 
  4647117,19175310+3942390 , 9.98, 0,2,-999.00, 2.45, 0.01, -999, -999,0.177,0.001,0.660,0.004,0.868,0.005,0.738,0.005,0.555,0.006 
  4648485,19193317+3945381 ,10.55, 0,1,-999.00, 3.06, 0.01, -999, -999, -999, -999, -999, -999, -999, -999, -999, -999, -999, -999 
  4649525,19203886+3947028 ,11.41, 0,2,-999.00, 2.65, 0.01, -999, -999, -999, -999, -999, -999, -999, -999, -999, -999, -999, -999 
  4650494,19214150+3944504 ,11.49, 0,2,-999.00, 2.41, 0.01, -999, -999, -999, -999, -999, -999, -999, -999, -999, -999, -999, -999 
  4651366,19224588+3947416 ,11.92, 0,2,-999.00, 2.64, 0.01, -999, -999, -999, -999, -999, -999, -999, -999, -999, -999, -999, -999 
  4655788,19280757+3942044 ,10.87, 0,0,-999.00, 2.49, 0.01, -999, -999,0.128,0.004,0.569,0.011,0.873,0.016,0.784,0.012,0.557,0.013 
  4659706,19324055+3946338 , 9.94, 0,0,-999.00, 2.47, 0.01, -999, -999,0.182,0.002, -999, -999,0.830,0.007,0.789,0.006,0.525,0.006 
  4659808,19324861+3944015 ,11.31, 2,2, 75.00, 2.79, 0.01, -999, -999, -999, -999, -999, -999, -999, -999, -999, -999, -999, -999 
  4659821,19324955+3945234 ,11.40, 0,2,-999.00, 2.93, 0.01, -999, -999,0.177,0.001,0.687,0.006,0.867,0.005,0.730,0.005,0.563,0.004 
  4660577,19333810+3947287 ,11.94, 0,2,-999.00, 2.45, 0.01, -999, -999,0.215,0.001,0.718,0.003,0.896,0.004,0.695,0.004,0.574,0.005 
  4662939,19360356+3945297 ,10.99, 0,2,-999.00, 2.72, 0.01, -999, -999,0.169,0.001,0.624,0.003,0.861,0.004,0.763,0.003,0.565,0.004 
  4663478,19363769+3945006 ,11.48, 0,0,-999.00, 2.54, 0.01, -999, -999,0.258,0.002,0.717,0.003,0.886,0.005,0.722,0.004,0.588,0.003 
  4663801,19365895+3943293 ,11.30, 2,2, 57.00, 2.71, 0.01, -999, -999,0.257,0.002,0.694,0.004,0.884,0.006,0.734,0.006,0.596,0.005 
  4664515,19373957+3947585 ,12.38, 0,1,-999.00, 3.18, 0.01, -999, -999, -999, -999, -999, -999, -999, -999, -999, -999, -999, -999 
  4667909,19404755+3942100 ,12.18, 0,1,-999.00, 3.05, 0.01, -999, -999,0.156,0.002,0.553,0.003,0.864,0.004,0.764,0.003,0.576,0.004 
  4667911,19404764+3942376 ,10.50, 0,2,-999.00, 2.46, 0.01, -999, -999, -999, -999, -999, -999, -999, -999, -999, -999, -999, -999 
  4669400,19420788+3947570 ,11.02, 0,0,-999.00, 2.56, 0.01, -999, -999,0.153,0.002,0.655,0.005,0.887,0.007,0.795,0.007, -999, -999 
  4671329,19434517+3947188 ,12.11, 0,2,-999.00, 2.59, 0.01, -999, -999, -999, -999,0.654,0.011,0.853,0.019,0.768,0.014,0.564,0.009 
  4671738,19440767+3945102 ,11.71, 0,2,-999.00, 2.83, 0.01, -999, -999, -999, -999, -999, -999, -999, -999, -999, -999, -999, -999 
  4672904,19450279+3942250 ,12.22, 0,1,-999.00, 2.68, 0.01, -999, -999,0.215,0.002,0.650,0.009,0.887,0.012,0.761,0.011,0.594,0.031 
  4678118,19490499+3943012 ,12.33, 0,1,-999.00, 2.78, 0.01, -999, -999,0.202,0.002,0.678,0.005,0.905,0.006,0.743,0.005,0.631,0.007 
  4726049,18560850+3952312 ,11.83, 0,1,-999.00, 3.31, 0.01, -999, -999,0.209,0.003,0.647,0.009,0.896,0.008,0.762,0.007,0.622,0.009 
  4729586,19025839+3951559 ,12.28, 0,0,-999.00, 2.37, 0.01, -999, -999, -999, -999, -999, -999, -999, -999, -999, -999, -999, -999 
  4731118,19053815+3951472 ,12.35, 0,1,-999.00, 2.77, 0.01, -999, -999, -999, -999, -999, -999, -999, -999, -999, -999, -999, -999 
  4736611,19144383+3952544 ,11.75, 0,1,-999.00, 2.88, 0.01, -999, -999,0.133,0.003,0.688,0.008,0.891,0.095,0.791,0.077,0.623,0.007 
  4737442,19155447+3951414 ,12.45, 0,2,-999.00, 2.40, 0.01, -999, -999,0.197,0.004,0.699,0.021,0.889,0.009,0.786,0.009,0.600,0.010 
  4737942,19162872+3949410 ,11.27, 0,1,-999.00, 2.29, 0.01, -999, -999,0.153,0.002,0.636,0.011,0.899,0.013,0.753,0.012,0.583,0.015 
  4738539,19171521+3953162 ,12.04, 0,0,-999.00, 2.76, 0.01, -999, -999, -999, -999, -999, -999,0.863,0.005,0.862,0.005,0.598,0.004 
  4738764,19173331+3952433 , 9.83, 0,0,-999.00, 2.42, 0.01, -999, -999,0.174,0.002,0.598,0.004,0.844,0.008,0.759,0.008,0.527,0.007 
  4739728,19184566+3952060 ,11.00, 0,2,-999.00, 2.37, 0.01, -999, -999,0.142,0.001,0.662,0.003,0.867,0.004,0.758,0.004,0.543,0.004 
  4741000,19201269+3952346 ,12.36, 0,0,-999.00, 2.45, 0.01, -999, -999, -999, -999, -999, -999, -999, -999, -999, -999, -999, -999 
  4741931,19211459+3950251 ,11.21, 0,2,-999.00, 2.48, 0.01, -999, -999,0.145,0.001,0.650,0.004,0.867,0.005,0.762,0.004,0.555,0.004 
  4742356,19214405+3951375 ,12.08, 0,2,-999.00, 2.57, 0.01, -999, -999,0.083,0.002,0.707,0.004,0.881,0.004,0.748,0.005,0.561,0.005 
  4743924,19234592+3951573 ,11.29, 0,2,-999.00, 2.93, 0.01, -999, -999,0.186,0.002,0.603,0.016,0.853,0.022,0.709,0.019,0.532,0.023 
  4750456,19313737+3953227 ,11.52, 0,1,-999.00, 2.65, 0.01, -999, -999,0.114,0.001,0.604,0.006,0.879,0.008,0.772,0.007,0.586,0.009 
  4751953,19331733+3948194 ,11.65, 0,0,-999.00, 2.24, 0.01, -999, -999,0.168,0.001,0.706,0.003,0.894,0.004,0.738,0.003,0.583,0.004 
  4755467,19365174+3949545 ,10.89, 0,2,-999.00, 2.48, 0.01, -999, -999,0.170,0.002,0.674,0.005,0.883,0.006,0.741,0.005,0.580,0.006 
  4756133,19373195+3950417 ,10.58, 0,0,-999.00, 2.82, 0.01, -999, -999, -999, -999, -999, -999, -999, -999, -999, -999, -999, -999 
  4756445,19375183+3949461 ,10.75, 0,2,-999.00, 2.80, 0.01, -999, -999, -999, -999, -999, -999, -999, -999, -999, -999, -999, -999 
  4756746,19380984+3951285 ,12.12, 0,1,-999.00, 3.09, 0.01, -999, -999, -999, -999, -999, -999, -999, -999, -999, -999, -999, -999 
  4760954,19420590+3952599 ,11.65, 0,2,-999.00, 2.56, 0.01, -999, -999,0.213,0.001,0.656,0.003,0.863,0.003,0.762,0.003,0.534,0.014 
  4761037,19421008+3953561 ,11.99, 0,2,-999.00, 2.88, 0.01, -999, -999,0.310,0.003,0.696,0.005,0.877,0.006,0.709,0.006,0.554,0.005 
  4762516,19432127+3949522 ,11.91, 0,2,-999.00, 2.54, 0.01, -999, -999,0.152,0.002,0.699,0.005,0.879,0.005,0.739,0.006,0.581,0.004 
  4763063,19434730+3953080 , 9.94, 0,0,-999.00, 2.90, 0.01, -999, -999, -999, -999,0.700,0.004,0.894,0.005,0.721,0.004,0.575,0.005 
  4764420,19445163+3949238 ,11.56, 0,2,-999.00, 2.50, 0.01, -999, -999,0.206,0.004,0.622,0.010,0.846,0.011,0.780,0.011,0.533,0.009 
  4769799,19491617+3952406 ,10.95, 4,0,-999.00, 3.20, 0.01, -999, -999,0.204,0.002,0.608,0.026,0.890,0.034,0.749,0.030,0.603,0.046 
  4770149,19493316+3953131 ,11.75, 0,2,-999.00, 2.42, 0.01, -999, -999,0.161,0.002,0.651,0.003,0.873,0.005,0.756,0.004,0.574,0.005 
  4770846,19500458+3952215 , 9.54, 0,2,-999.00, 2.66, 0.01, -999, -999,0.189,0.002,0.678,0.004,0.877,0.005,0.767,0.004,0.564,0.004 
  4772722,19513410+3952162 ,11.58, 0,2,-999.00, 2.48, 0.01, -999, -999,0.079,0.003,0.627,0.009,0.860,0.013,0.763,0.012,0.548,0.013 
  4773539,19521590+3951127 ,11.71, 0,1,-999.00, 2.53, 0.01, -999, -999,0.132,0.001,0.631,0.005,0.884,0.006,0.767,0.005,0.545,0.006 
  4774298,19525060+3949149 ,11.65, 0,1,-999.00, 3.15, 0.01, -999, -999,0.163,0.003,0.611,0.008,0.915,0.011,0.734,0.010,0.597,0.011 
  4774429,19525636+3949043 ,12.25, 8,0,-999.00, 2.67, 0.08, -999, -999, -999, -999, -999, -999, -999, -999, -999, -999, -999, -999 
  4813971,18550752+3959290 ,12.03, 0,2,-999.00, 2.44, 0.01, -999, -999, -999, -999, -999, -999, -999, -999, -999, -999, -999, -999 
  4818312,19032074+3958448 ,11.85, 0,1,-999.00, 2.56, 0.01, -999, -999, -999, -999, -999, -999, -999, -999, -999, -999, -999, -999 
  4818830,19041252+3959394 ,12.01, 0,0,-999.00, 2.52, 0.01, -999, -999, -999, -999, -999, -999, -999, -999, -999, -999, -999, -999 
  4826087,19154014+3957514 , 9.50, 2,0, 16.00, 2.56, 0.01, -999, -999,0.164,0.001,0.635,0.003,0.865,0.004,0.771,0.004,0.564,0.005 
  4826855,19163624+3959027 ,12.30, 0,1,-999.00, 3.25, 0.01, -999, -999,0.169,0.002,0.569,0.012,0.890,0.016,0.795,0.016,0.618,0.013 
  4827618,19173233+3955170 ,11.88, 0,2,-999.00, 2.41, 0.01, -999, -999, -999, -999, -999, -999, -999, -999, -999, -999, -999, -999 
  4828553,19184001+3959220 ,12.17, 0,0,-999.00, 2.59, 0.01, -999, -999,0.155,0.002,0.618,0.005,0.876,0.007,0.766,0.007,0.603,0.008 
  4828670,19184742+3954579 ,11.38, 0,2,-999.00, 2.54, 0.01, -999, -999,0.142,0.003,0.597,0.012,0.850,0.016,0.763,0.014,0.551,0.019 
  4829525,19194716+3955087 ,12.24, 0,1,-999.00, 2.68, 0.01, -999, -999, -999, -999, -999, -999, -999, -999, -999, -999, -999, -999 
  4829682,19195736+3955170 ,12.19, 0,1,-999.00, 3.18, 0.01, -999, -999, -999, -999, -999, -999, -999, -999, -999, -999, -999, -999 
  4829985,19201819+3955367 ,11.90, 0,2,-999.00, 2.44, 0.01, -999, -999, -999, -999, -999, -999, -999, -999, -999, -999, -999, -999 
  4830178,19203153+3954339 ,12.41, 0,0,-999.00, 2.57, 0.01, -999, -999,0.076,0.008,0.670,0.003,0.905,0.004,0.741,0.004,0.595,0.005 
  4830268,19203712+3957177 ,11.03, 0,1,-999.00, 3.17, 0.01, -999, -999, -999, -999, -999, -999, -999, -999, -999, -999, -999, -999 
  4831826,19222622+3957069 ,11.43, 0,0,-999.00, 2.54, 0.01, -999, -999,0.162,0.003,0.628,0.014,0.898,0.020,0.751,0.018,0.612,0.016 
  4831859,19222858+3959282 ,10.88, 0,2,-999.00, 2.36, 0.01, -999, -999, -999, -999, -999, -999, -999, -999, -999, -999, -999, -999 
  4831888,19223179+3959084 ,12.41, 0,1,-999.00, 2.62, 0.01, -999, -999, -999, -999, -999, -999, -999, -999, -999, -999, -999, -999 
  4832376,19230989+3956157 ,10.42, 0,0,-999.00, 2.68, 0.01, -999, -999, -999, -999,0.732,0.006, -999, -999, -999, -999,0.670,0.008 
  4832773,19233811+3955530 ,11.44, 0,0,-999.00, 3.03, 0.01, -999, -999, -999, -999, -999, -999, -999, -999, -999, -999, -999, -999 
  4833377,19242285+3958258 ,11.45, 0,1,-999.00, 3.01, 0.01, -999, -999,0.173,0.002,0.640,0.005,0.869,0.007,0.709,0.006,0.560,0.008 
  4833670,19244544+3959308 , 9.06, 0,2,-999.00, 2.96, 0.01, -999, -999,0.165,0.002,0.637,0.027,0.883,0.005,0.777,0.004,0.598,0.046 
  4840401,19323838+3954307 ,11.72, 6,0,-999.00, 2.39, 0.01, -999, -999, -999, -999, -999, -999, -999, -999, -999, -999, -999, -999 
  4841140,19332815+3954580 ,10.86, 0,0,-999.00, 2.44, 0.01, -999, -999,0.154,0.001,0.633,0.001,0.865,0.001,0.753,0.001,0.554,0.001 
  4843143,19353778+3955326 ,10.51, 0,2,-999.00, 2.42, 0.01, -999, -999,0.090,0.000,0.612,0.002,0.853,0.003,0.778,0.002,0.570,0.003 
  4845272,19375078+3958263 , 8.96, 0,0,-999.00, 2.38, 0.01, -999, -999, -999, -999, -999, -999, -999, -999, -999, -999, -999, -999 
  4845694,19381638+3957310 ,11.65, 0,2,-999.00, 2.46, 0.01, -999, -999, -999, -999, -999, -999, -999, -999, -999, -999, -999, -999 
  4849836,19420798+3954481 ,10.75, 0,2,-999.00, 2.39, 0.01, -999, -999, -999, -999, -999, -999, -999, -999, -999, -999, -999, -999 
  4850368,19423625+3957108 ,10.79, 0,2,-999.00, 2.59, 0.01, -999, -999,0.162,0.001,0.613,0.003,0.844,0.004,0.767,0.003,0.541,0.004 
  4851832,19435129+3957072 ,12.03, 0,2,-999.00, 2.68, 0.01, -999, -999,0.127,0.001,0.567,0.003,0.887,0.004,0.773,0.004,0.584,0.003 
  4851948,19435731+3954053 ,10.83, 0,0,-999.00, 2.64, 0.01, -999, -999,0.152,0.002,0.638,0.005,0.870,0.008,0.782,0.006,0.540,0.007 
  4856592,19474449+3955296 ,11.37, 0,1,-999.00, 3.23, 0.01, -999, -999,0.211,0.001,0.678,0.004,0.922,0.005,0.722,0.004,0.645,0.005 
  4857279,19482137+3958003 ,12.05, 0,1,-999.00, 3.09, 0.01, -999, -999, -999, -999,0.527,0.004, -999, -999, -999, -999, -999, -999 
  4857853,19485458+3957415 ,12.03, 2,0,144.00, 2.38, 0.01, -999, -999,0.279,0.001, -999, -999,0.840,0.005,0.777,0.004,0.528,0.004 
  4858315,19491686+3954461 ,11.64, 0,1,-999.00, 2.74, 0.01, -999, -999, -999, -999, -999, -999, -999, -999, -999, -999, -999, -999 
  4862353,19523982+3956061 ,12.50, 0,2,-999.00, 2.69, 0.01, -999, -999,0.140,0.002,0.656,0.006,0.871,0.007,0.716,0.007,0.540,0.008 
  4902641,18553229+4001284 ,10.76, 0,2,-999.00, 2.91, 0.01, -999, -999, -999, -999, -999, -999, -999, -999, -999, -999, -999, -999 
  4902701,18553834+4000576 ,11.61, 0,0,-999.00, 2.45, 0.01, -999, -999,0.141,0.002,0.571,0.037, -999, -999, -999, -999, -999, -999 
  4906950,19035235+4004005 ,10.65, 0,0,-999.00, 2.63, 0.01, -999, -999,0.078,0.005,0.573,0.007,0.852,0.009,0.782,0.010,0.560,0.009 
  4907665,19050709+4000366 ,10.77, 0,1,-999.00, 3.18, 0.01, -999, -999,0.185,0.005,0.679,0.002,0.910,0.010,0.758,0.008,0.662,0.009 
  4912702,19132639+4004394 , 9.86, 0,0,-999.00, 2.80, 0.01, -999, -999,0.164,0.003,0.751,0.007,0.906,0.009,0.761,0.008,0.625,0.005 
  4912918,19134676+4001306 ,11.34, 0,1,-999.00, 2.91, 0.01, -999, -999,0.175,0.001,0.583,0.004,0.886,0.005,0.766,0.006,0.590,0.025 
  4913049,19135948+4005110 ,10.32, 0,1,-999.00, 3.25, 0.01, -999, -999,0.184,0.002,0.551,0.007,0.880,0.009,0.778,0.011,0.600,0.010 
  4914234,19154465+4002397 ,11.76, 0,2,-999.00, 2.58, 0.01, -999, -999,0.143,0.003,0.637,0.006,0.872,0.009,0.788,0.008,0.576,0.012 
  4914456,19155931+4004517 ,10.87, 0,0,-999.00, 2.50, 0.01, -999, -999,0.111,0.003,0.592,0.008,0.853,0.010,0.793,0.009,0.546,0.011 
  4914533,19160519+4004272 ,11.94, 0,2,-999.00, 2.46, 0.01, -999, -999,0.123,0.003,0.640,0.004,0.864,0.005,0.777,0.005,0.559,0.006 
  4915387,19170895+4000345 , 9.80, 0,0,-999.00, 2.59, 0.01, -999, -999, -999, -999, -999, -999, -999, -999, -999, -999, -999, -999 
  4917014,19190460+4001159 ,11.97, 0,0,-999.00, 2.43, 0.01, -999, -999,0.191,0.002,0.705,0.010,0.885,0.013,0.705,0.015,0.577,0.014 
  4918972,19211267+4002573 ,12.31, 0,2,-999.00, 2.44, 0.01, -999, -999,0.136,0.002,0.712,0.006,0.885,0.008,0.741,0.009,0.574,0.006 
  4919067,19211947+4002070 ,11.62, 0,2,-999.00, 2.44, 0.01, -999, -999,0.124,0.003,0.587,0.005,0.849,0.008,0.777,0.008,0.535,0.008 
  4919205,19212776+4003292 ,12.04, 0,0,-999.00, 2.54, 0.01, -999, -999, -999, -999,0.635,0.010,0.862,0.014,0.744,0.012,0.550,0.012 
  4920497,19230374+4002115 ,12.24, 0,0,-999.00, 2.40, 0.01, -999, -999, -999, -999, -999, -999, -999, -999, -999, -999, -999, -999 
  4920600,19230954+4002509 ,12.32, 0,1,-999.00, 2.91, 0.01, -999, -999,0.163,0.002,0.584,0.005,0.876,0.007,0.762,0.008,0.601,0.006 
  4922182,19250896+4001590 ,10.42, 0,2,-999.00, 2.45, 0.01, -999, -999,0.147,0.002,0.555,0.018,0.841,0.013,0.777,0.011,0.548,0.011 
  4922201,19250993+4003512 ,12.40, 0,2,-999.00, 2.43, 0.01, -999, -999,0.071,0.002,0.648,0.005,0.864,0.006,0.744,0.005,0.568,0.005 
  4930018,19341062+4001292 ,12.03, 2,0,108.00, 2.96, 0.01, -999, -999,0.222,0.002,0.651,0.004,0.875,0.005,0.747,0.005,0.221,0.006 
  4930269,19342668+4005376 ,10.34, 0,2,-999.00, 2.82, 0.01, -999, -999,0.164,0.001,0.656,0.003,0.871,0.004,0.755,0.003,0.578,0.003 
  4930617,19345069+4004116 ,11.99, 0,2,-999.00, 2.58, 0.01, -999, -999,0.185,0.001,0.616,0.004,0.860,0.007,0.764,0.006,0.554,0.005 
  4930906,19350916+4004489 ,11.62, 0,2,-999.00, 2.40, 0.01, -999, -999,0.132,0.003,0.614,0.003,0.865,0.004,0.787,0.003,0.581,0.003 
  4931389,19353795+4004428 , 9.71, 0,0,-999.00, 3.23, 0.01, -999, -999, -999, -999, -999, -999, -999, -999, -999, -999, -999, -999 
  4932357,19363599+4002550 ,10.87, 4,0,-999.00, 2.62, 0.01, -999, -999,0.369,0.002, -999, -999, -999, -999, -999, -999, -999, -999 
  4932498,19364489+4000403 ,10.69, 0,2,-999.00, 2.44, 0.01, -999, -999, -999, -999, -999, -999, -999, -999, -999, -999, -999, -999 
  4933594,19375399+4002098 ,11.59, 0,2,-999.00, 2.43, 0.01, -999, -999, -999, -999, -999, -999, -999, -999, -999, -999, -999, -999 
  4934147,19383019+4000369 ,12.18, 0,0,-999.00, 2.56, 0.01, -999, -999,0.181,0.001,0.596,0.005,0.877,0.007,0.769,0.007,0.584,0.006 
  4934393,19384372+4002070 ,10.52, 0,0,-999.00, 2.43, 0.01, -999, -999, -999, -999, -999, -999, -999, -999, -999, -999, -999, -999 
  4934550,19385253+4001041 ,11.52, 0,0,-999.00, 3.22, 0.01, -999, -999,0.200,0.003,0.612,0.008,0.896,0.009,0.750,0.008,0.597,0.007 
  4936438,19404262+4003043 ,10.56, 0,0,-999.00, 2.99, 0.01, -999, -999,0.171,0.003,0.643,0.006,0.884,0.008,0.779,0.008,0.593,0.006 
  4937204,19412463+4003196 ,10.66, 0,1,-999.00, 2.51, 0.01, -999, -999, -999, -999, -999, -999, -999, -999, -999, -999, -999, -999 
  4940439,19440805+4000315 ,11.15, 0,0,-999.00, 2.77, 0.01, -999, -999, -999, -999, -999, -999, -999, -999, -999, -999,0.560,0.004 
  4940916,19443270+4003587 ,11.01, 0,2,-999.00, 2.78, 0.01, -999, -999, -999, -999, -999, -999, -999, -999, -999, -999, -999, -999 
  4948344,19505857+4000085 ,10.76, 0,2,-999.00, 2.69, 0.01, -999, -999, -999, -999, -999, -999, -999, -999, -999, -999, -999, -999 
  4948479,19510579+4004300 ,11.80, 0,0,-999.00, 2.78, 0.01, -999, -999, -999, -999,0.506,0.004,0.865,0.005,0.745,0.005,0.526,0.007 
  4949422,19515497+4001290 ,11.18, 0,2,-999.00, 2.59, 0.01, -999, -999,0.143,0.005,0.669,0.004,0.876,0.004,0.713,0.004,0.558,0.004 
  4949473,19515784+4004343 ,11.81, 0,2,-999.00, 2.54, 0.01, -999, -999, -999, -999,0.581,0.005,0.859,0.006,0.758,0.006,0.523,0.004 
  4950750,19530003+4000286 ,12.03, 2,0,124.00, 2.96, 0.01, -999, -999,0.164,0.002,0.666,0.003,0.890,0.004,0.709,0.004,0.591,0.008 
  4951617,19534240+4004039 ,10.88, 6,0,-999.00, 2.58, 0.01, -999, -999,0.140,0.002,0.637,0.004,0.868,0.004,0.737,0.004,0.533,0.005 
  4952454,19542568+4002582 ,12.17, 0,0,-999.00, 3.09, 0.01, -999, -999, -999, -999, -999, -999, -999, -999, -999, -999, -999, -999 
  4952516,19542848+4001357 ,12.47, 0,1,-999.00, 3.02, 0.01, -999, -999,0.144,0.002,0.525,0.006,0.868,0.007,0.778,0.006,0.551,0.008 
  4989752,18551540+4007383 , 8.90, 0,2,-999.00, 2.52, 0.01, -999, -999, -999, -999, -999, -999, -999, -999, -999, -999, -999, -999 
  4991033,18573038+4011144 ,11.76, 0,2,-999.00, 2.59, 0.01, -999, -999, -999, -999, -999, -999, -999, -999, -999, -999, -999, -999 
  4991732,18584812+4011357 ,11.55, 0,1,-999.00, 2.93, 0.01, -999, -999, -999, -999, -999, -999, -999, -999, -999, -999, -999, -999 
  4995064,19050698+4007338 ,10.43, 0,0,-999.00, 2.43, 0.01, -999, -999, -999, -999, -999, -999, -999, -999, -999, -999, -999, -999 
  4995788,19061805+4008027 ,11.72, 0,1,-999.00, 3.14, 0.01, -999, -999,0.148,0.002,0.516,0.004,0.856,0.005,0.807,0.005,0.594,0.005 
  4995956,19063629+4009201 ,10.78, 0,2,-999.00, 2.63, 0.01, -999, -999, -999, -999, -999, -999, -999, -999, -999, -999, -999, -999 
  4996676,19075302+4010304 ,12.30, 0,1,-999.00, 3.28, 0.01, -999, -999, -999, -999, -999, -999, -999, -999, -999, -999, -999, -999 
  4997023,19083351+4011218 ,11.14, 0,1,-999.00, 2.63, 0.01, -999, -999,0.162,0.002,0.678,0.003,0.889,0.005,0.772,0.005,0.603,0.004 
  4999260,19120475+4007374 , 9.33, 4,0,-999.00, 2.80, 0.01, -999, -999, -999, -999, -999, -999, -999, -999, -999, -999, -999, -999 
  5000089,19131774+4007193 ,12.02, 0,1,-999.00, 3.13, 0.01, -999, -999, -999, -999, -999, -999, -999, -999, -999, -999,0.554,0.003 
  5000307,19133911+4011046 ,11.23, 0,2,-999.00, 2.54, 0.01, -999, -999,0.154,0.001,0.728,0.006,0.896,0.007,0.734,0.008,0.585,0.021 
  5002776,19165985+4009476 ,11.13, 2,2, 76.00, 2.37, 0.01, -999, -999, -999, -999, -999, -999, -999, -999, -999, -999, -999, -999 
  5003549,19180114+4007142 ,12.14, 0,1,-999.00, 3.10, 0.01, -999, -999,0.155,0.003,0.578,0.003,0.883,0.004,0.788,0.003,0.604,0.004 
  5003625,19180702+4010413 ,12.43, 0,0,-999.00, 2.93, 0.01, -999, -999, -999, -999, -999, -999, -999, -999, -999, -999, -999, -999 
  5004282,19185751+4008407 ,11.86, 0,2,-999.00, 2.39, 0.01, -999, -999, -999, -999, -999, -999, -999, -999, -999, -999, -999, -999 
  5005217,19200185+4006210 ,10.97, 0,2,-999.00, 2.51, 0.01, -999, -999,0.141,0.001,0.579,0.003,0.829,0.004,0.751,0.004,0.528,0.004 
  5005243,19200362+4011035 ,12.33, 0,0,-999.00, 3.21, 0.01, -999, -999, -999, -999, -999, -999, -999, -999, -999, -999, -999, -999 
  5005508,19202288+4009407 ,11.14, 0,1,-999.00, 2.54, 0.01, -999, -999,0.192,0.003,0.633,0.038,0.865,0.048,0.763,0.053,0.580,0.040 
  5006454,19212464+4010013 ,10.95, 0,2,-999.00, 2.84, 0.01, -999, -999,0.142,0.001,0.647,0.004,0.862,0.006,0.730,0.006,0.549,0.004 
  5006817,19214942+4008446 ,10.87, 7,0,-999.00, 3.07, 0.01, -999, -999,0.159,0.001,0.532,0.006,0.840,0.008,0.729,0.007,0.527,0.006 
  5007645,19225709+4008483 ,12.49, 0,2,-999.00, 2.39, 0.01, -999, -999, -999, -999, -999, -999, -999, -999, -999, -999, -999, -999 
  5008936,19243733+4009169 ,12.18, 0,1,-999.00, 2.69, 0.01, -999, -999,0.168,0.003,0.552,0.002,0.853,0.003,0.783,0.003,0.572,0.003 
  5008996,19244189+4007410 ,11.92, 0,1,-999.00, 2.38, 0.01, -999, -999,0.231,0.001,0.573,0.005,0.896,0.006,0.786,0.006,0.618,0.007 
  5009393,19251197+4007555 ,11.75, 0,2,-999.00, 2.40, 0.01, -999, -999,0.120,0.001,0.581,0.004,0.849,0.005,0.743,0.004,0.526,0.005 
  5016065,19330005+4010127 , 9.99, 3,1,169.00, 3.05, 0.01, -999, -999,0.238,0.002,0.581,0.004,0.862,0.005,0.759,0.005,0.598,0.005 
  5016991,19340270+4007494 , 9.81, 0,2,-999.00, 2.51, 0.01, -999, -999,0.160,0.002,0.617,0.006,0.865,0.009,0.793,0.008,0.572,0.010 
  5017711,19344966+4010038 ,11.74, 0,2,-999.00, 2.44, 0.01, -999, -999,0.126,0.002,0.627,0.005,0.871,0.007,0.772,0.007,0.582,0.009 
  5018689,19355072+4007349 ,12.29, 0,0,-999.00, 3.14, 0.01, -999, -999, -999, -999, -999, -999, -999, -999, -999, -999, -999, -999 
  5021395,19383499+4011032 ,11.26, 0,2,-999.00, 2.49, 0.01, -999, -999, -999, -999, -999, -999, -999, -999, -999, -999, -999, -999 
  5022571,19394311+4011067 ,11.58, 0,2,-999.00, 2.70, 0.01, -999, -999, -999, -999, -999, -999, -999, -999, -999, -999, -999, -999 
  5023732,19404803+4008085 ,12.47, 0,0,-999.00, 2.33, 0.01, -999, -999,0.170,0.002,0.614,0.004,0.862,0.004,0.776,0.004,0.543,0.007 
  5023889,19405560+4006292 ,12.01, 0,0,-999.00, 2.63, 0.01, -999, -999,0.109,0.002,0.554,0.006,0.852,0.008,0.772,0.006,0.561,0.006 
  5025895,19421683+4008114 ,11.54, 0,0,-999.00, 3.04, 0.01, -999, -999,0.177,0.002,0.637,0.005,0.881,0.006,0.766,0.005,0.584,0.006 
  5026008,19422325+4009213 , 9.77, 0,0,-999.00, 2.71, 0.01, -999, -999,0.154,0.001,0.622,0.003,0.875,0.004,0.758,0.003,0.583,0.003 
  5026399,19424601+4008325 , 9.11, 3,0, 72.00, 2.96, 0.01, -999, -999,0.204,0.001,0.725,0.002,0.897,0.003,0.735,0.003,0.583,0.003 
  5031925,19472726+4011199 ,11.98, 0,0,-999.00, 2.60, 0.01, -999, -999,0.152,0.001,0.613,0.003,0.883,0.004,0.759,0.005,0.589,0.004 
  5032140,19473707+4008381 ,11.63, 0,1,-999.00, 2.58, 0.01, -999, -999,0.143,0.001,0.614,0.003,0.871,0.004,0.756,0.004,0.565,0.008 
  5033804,19490441+4011101 ,11.23, 0,2,-999.00, 2.73, 0.01, -999, -999,0.132,0.003,0.682,0.006,0.888,0.007,0.733,0.007,0.558,0.008 
  5034571,19495106+4010119 ,11.43, 0,2,-999.00, 2.67, 0.01, -999, -999, -999, -999,0.545,0.005,0.848,0.004,0.780,0.004,0.553,0.004 
  5040572,19543360+4010082 ,10.60, 0,2,-999.00, 2.80, 0.01, -999, -999, -999, -999, -999, -999, -999, -999, -999, -999, -999, -999 
  5042253,19560012+4011170 , 9.90, 2,0, 19.00, 2.79, 0.01, -999, -999, -999, -999, -999, -999, -999, -999, -999, -999, -999, -999 
  5080290,18591909+4012547 , 9.51,16,0,-999.00, 3.31, 0.01, -999, -999, -999, -999, -999, -999, -999, -999, -999, -999, -999, -999 
  5080332,18592342+4015598 , 9.22, 0,2,-999.00, 2.85, 0.01, -999, -999,0.168,0.002,0.693,0.004,0.877,0.007,0.736,0.006,0.560,0.005 
  5083936,19062317+4016004 ,10.58, 0,2,-999.00, 2.45, 0.01, -999, -999,0.182,0.001,0.749,0.006,0.908,0.008,0.755,0.008,0.614,0.011 
  5084662,19074241+4017127 ,11.64, 0,2,-999.00, 2.53, 0.01, -999, -999,0.177,0.002,0.735,0.008,0.896,0.011,0.731,0.008,0.589,0.010 
  5087190,19115123+4013021 ,12.45, 2,2,157.00, 2.74, 0.01, -999, -999,0.180,0.002,0.626,0.002,0.871,0.002,0.751,0.002,0.570,0.002 
  5087542,19122185+4016545 ,11.86, 0,2,-999.00, 2.43, 0.01, -999, -999, -999, -999, -999, -999, -999, -999, -999, -999, -999, -999 
  5088148,19131391+4012298 ,11.57, 0,2,-999.00, 2.40, 0.01, -999, -999,0.122,0.001,0.595,0.007,0.877,0.010,0.812,0.010,0.581,0.008 
  5088362,19133204+4015143 ,11.15, 0,2,-999.00, 2.48, 0.01, -999, -999,0.123,0.001,0.634,0.003,0.858,0.004,0.756,0.004,0.548,0.003 
  5091962,19182137+4016085 ,11.74, 0,0,-999.00, 2.24, 0.01, -999, -999,0.119,0.002,0.616,0.005,0.889,0.006,0.786,0.007,0.571,0.007 
  5093559,19201643+4013279 ,11.21, 0,0,-999.00, 2.39, 0.01, -999, -999, -999, -999, -999, -999, -999, -999, -999, -999, -999, -999 
  5094118,19205327+4014146 ,11.42, 0,1,-999.00, 2.67, 0.01, -999, -999,0.139,0.002,0.673,0.005,0.893,0.006,0.788,0.005,0.574,0.007 
  5094436,19211324+4012002 ,12.31, 0,0,-999.00, 2.47, 0.01, -999, -999, -999, -999,0.538,0.006,0.847,0.006,0.796,0.005,0.544,0.006 
  5095464,19222963+4016215 ,10.91, 0,2,-999.00, 2.50, 0.01, -999, -999,0.142,0.001,0.621,0.005,0.855,0.008,0.771,0.007,0.542,0.005 
  5095946,19230745+4017484 , 9.87, 0,2,-999.00, 2.46, 0.01, -999, -999,0.147,0.001,0.621,0.005,0.864,0.006,0.761,0.007,0.519,0.010 
  5096114,19231917+4017517 ,12.34, 0,2,-999.00, 2.43, 0.01, -999, -999, -999, -999, -999, -999, -999, -999, -999, -999, -999, -999 
  5097690,19251664+4013039 ,10.45, 0,2,-999.00, 2.68, 0.01, -999, -999,0.182,0.001,0.738,0.004,0.887,0.007,0.713,0.005,0.579,0.007 
  5098194,19255556+4016266 ,12.06, 4,0,-999.00, 2.41, 0.01, -999, -999,0.300,0.002,0.710,0.004,0.877,0.005,0.753,0.004,0.567,0.005 
  5104153,19324737+4014234 ,10.34, 0,2,-999.00, 2.37, 0.01, -999, -999,0.177,0.001,0.667,0.008,0.895,0.012,0.761,0.009,0.598,0.011 
  5104573,19331626+4015131 ,11.89, 0,2,-999.00, 2.45, 0.01, -999, -999,0.164,0.003,0.646,0.005,0.857,0.007,0.757,0.005,0.552,0.007 
  5104949,19334130+4016593 ,11.52, 0,0,-999.00, 2.25, 0.01, -999, -999,0.206,0.002,0.639,0.005,0.872,0.006,0.766,0.006,0.571,0.005 
  5106217,19350341+4015079 ,12.30, 0,0,-999.00, 2.58, 0.01, -999, -999,0.190,0.002,0.719,0.006,0.900,0.008,0.735,0.007,0.580,0.007 
  5106376,19351424+4017104 ,10.95, 0,2,-999.00, 2.70, 0.01, -999, -999,0.187,0.002,0.703,0.004,0.881,0.005,0.753,0.005,0.587,0.005 
  5109878,19384759+4013234 ,12.41, 0,1,-999.00, 3.05, 0.01, -999, -999, -999, -999,0.732,0.013,0.856,0.020,0.615,0.021,0.610,0.019 
  5112281,19410468+4014514 ,12.24, 0,2,-999.00, 2.79, 0.01, -999, -999,0.120,0.002,0.690,0.004,0.878,0.005,0.698,0.005,0.565,0.004 
  5112741,19412199+4012020 ,12.45, 2,0,  8.80, 2.80, 0.03, -999, -999,0.288,0.002,0.732,0.026,0.868,0.031,0.772,0.024,0.652,0.036 
  5119742,19471363+4014352 ,12.17, 0,1,-999.00, 3.29, 0.01, -999, -999,0.174,0.003,0.555,0.006,0.877,0.007,0.769,0.006,0.602,0.008 
  5121605,19490625+4012310 ,11.24, 3,0,150.00, 2.43, 0.01, -999, -999,0.146,0.003,0.639,0.003,0.873,0.004,0.751,0.004,0.538,0.005 
  5123226,19503643+4017276 ,11.29, 0,2,-999.00, 2.46, 0.01, -999, -999,0.109,0.003,0.596,0.009,0.860,0.014,0.769,0.010,0.531,0.009 
  5123659,19505795+4016194 ,11.26, 2,2,112.30, 2.59, 0.01, -999, -999,0.184,0.002,0.684,0.013,0.887,0.019,0.729,0.018,0.576,0.022 
  5124813,19515245+4015073 ,12.43, 0,0,-999.00, 2.56, 0.01, -999, -999, -999, -999, -999, -999, -999, -999, -999, -999, -999, -999 
  5128171,19545270+4015091 ,10.10, 0,2,-999.00, 2.65, 0.01, -999, -999, -999, -999, -999, -999, -999, -999, -999, -999, -999, -999 
  5129011,19553674+4016323 ,11.67, 0,2,-999.00, 2.53, 0.01, -999, -999, -999, -999, -999, -999, -999, -999, -999, -999, -999, -999 
  5129971,19562046+4017546 ,12.49, 0,2,-999.00, 2.75, 0.01, -999, -999, -999, -999, -999, -999, -999, -999, -999, -999, -999, -999 
  5166444,18570712+4020044 , 9.70, 0,2,-999.00, 2.89, 0.01, -999, -999,0.195,0.004,0.680,0.005,0.873,0.007,0.756,0.005,0.579,0.005 
  5166899,18580401+4022274 ,10.91, 1,0, 23.80,-999.00,-999.00, -999, -999,0.421,0.002,0.676,0.007,0.873,0.010,0.800,0.009,0.691,0.010 
  5167473,18591075+4023417 ,11.56, 0,2,-999.00, 2.40, 0.01, -999, -999,0.143,0.004,0.697,0.006,0.893,0.008,0.735,0.007,0.565,0.008 
  5168382,19005636+4021518 ,11.43, 0,1,-999.00, 3.26, 0.01, -999, -999,0.177,0.011,0.646,0.002,0.902,0.003,0.738,0.003,0.621,0.003 
  5172229,19075054+4018279 , 9.96, 0,0,-999.00, 2.52, 0.01, -999, -999,0.218,0.003,0.702,0.019,0.848,0.030,0.786,0.023,0.626,0.038 
  5174562,19114058+4023039 ,12.27, 0,2,-999.00, 2.40, 0.01, -999, -999, -999, -999, -999, -999, -999, -999, -999, -999, -999, -999 
  5175152,19123289+4019038 ,10.44, 0,2,-999.00, 2.84, 0.01, -999, -999,0.160,0.001,0.719,0.002,0.887,0.003,0.733,0.003,0.576,0.003 
  5175172,19123537+4021491 ,10.47, 0,0,-999.00, 2.49, 0.01, -999, -999, -999, -999, -999, -999, -999, -999, -999, -999, -999, -999 
  5175621,19131222+4019167 ,10.39, 0,1,-999.00, 2.61, 0.01, -999, -999,0.121,0.001,0.605,0.035,0.869,0.042,0.761,0.039,0.578,0.046 
  5177023,19151125+4023493 ,12.17, 0,0,-999.00, 2.45, 0.01, -999, -999,0.307,0.001,0.689,0.004,0.884,0.007,0.759,0.006,0.643,0.006 
  5181651,19204509+4023102 ,10.52, 0,2,-999.00, 2.62, 0.01, -999, -999,0.129,0.001,0.654,0.007,0.861,0.010,0.779,0.010,0.555,0.006 
  5182131,19211638+4019128 ,12.41, 1,0, 76.00,-999.00,-999.00, -999, -999,0.389,0.005,0.632,0.003,0.867,0.005,0.783,0.005,0.693,0.108 
  5182688,19215178+4018234 ,11.66, 0,2,-999.00, 2.39, 0.01, -999, -999,0.139,0.006,0.724,0.005,0.895,0.005,0.741,0.006,0.575,0.005 
  5183325,19223798+4018088 ,11.39, 0,1,-999.00, 2.69, 0.01, -999, -999,0.165,0.001,0.586,0.020,0.866,0.025,0.788,0.029,0.557,0.012 
  5183935,19232643+4019386 ,10.58, 0,2,-999.00, 2.58, 0.01, -999, -999,0.152,0.004,0.712,0.003,0.885,0.004,0.754,0.004,0.579,0.009 
  5184199,19234842+4020362 , 9.91, 0,2,-999.00, 2.90, 0.01, -999, -999,0.196,0.002,0.688,0.011,0.882,0.016,0.732,0.014,0.600,0.015 
  5184276,19235444+4021068 ,10.83, 0,2,-999.00, 2.43, 0.01, -999, -999, -999, -999,0.712,0.005,0.906,0.007,0.746,0.006,0.612,0.006 
  5185820,19254822+4023533 ,11.61, 0,2,-999.00, 2.37, 0.01, -999, -999,0.140,0.002,0.673,0.010,0.882,0.013,0.721,0.011,0.554,0.013 
  5193311,19343395+4022423 ,12.46, 0,2,-999.00, 2.40, 0.01, -999, -999,0.122,0.006,0.720,0.004,0.889,0.007,0.758,0.005,0.617,0.007 
  5193840,19350864+4018241 ,12.38, 0,2,-999.00, 2.81, 0.01, -999, -999, -999, -999, -999, -999, -999, -999, -999, -999, -999, -999 
  5193912,19351305+4020438 ,12.44, 0,1,-999.00, 2.75, 0.01, -999, -999,0.132,0.002,0.544,0.004,0.893,0.005,0.750,0.005,0.603,0.006 
  5194072,19352306+4023194 ,12.29, 2,2, 82.70, 2.61, 0.01, -999, -999,0.185,0.001,0.620,0.007,0.850,0.008,0.760,0.010,0.586,0.007 
  5196152,19372689+4021276 ,11.59, 0,2,-999.00, 2.81, 0.01, -999, -999, -999, -999, -999, -999, -999, -999, -999, -999, -999, -999 
  5196297,19373650+4022557 ,10.32, 0,2,-999.00, 2.59, 0.01, -999, -999, -999, -999, -999, -999, -999, -999, -999, -999, -999, -999 
  5196300,19373657+4023215 ,12.04, 0,1,-999.00, 3.23, 0.01, -999, -999,0.206,0.001,0.547,0.010,0.865,0.016,0.791,0.015,0.600,0.015 
  5197249,19383344+4018285 ,12.12, 0,2,-999.00, 2.45, 0.01, -999, -999, -999, -999, -999, -999, -999, -999, -999, -999, -999, -999 
  5199906,19411085+4023048 ,12.09, 0,0,-999.00, 2.75, 0.01, -999, -999,0.320,0.002,0.664,0.005,0.862,0.004,0.751,0.004,0.558,0.009 
  5206349,19463874+4023341 ,12.39, 0,1,-999.00, 2.93, 0.01, -999, -999,0.212,0.003,0.721,0.005,0.930,0.007,0.721,0.005,0.653,0.006 
  5211720,19510245+4018183 ,11.31, 0,2,-999.00, 2.57, 0.01, -999, -999, -999, -999, -999, -999, -999, -999, -999, -999, -999, -999 
  5211806,19510653+4018409 ,11.01, 0,2,-999.00, 2.93, 0.01, -999, -999,0.175,0.003,0.704,0.013,0.889,0.021,0.712,0.015,0.677,0.012 
  5215820,19541241+4023379 ,12.01, 0,1,-999.00, 2.83, 0.01, -999, -999, -999, -999, -999, -999, -999, -999, -999, -999, -999, -999 
  5219465,19570572+4019438 ,11.44, 0,2,-999.00, 2.39, 0.01, -999, -999, -999, -999, -999, -999, -999, -999, -999, -999, -999, -999 
  5219637,19571659+4020106 ,12.14, 0,2,-999.00, 2.66, 0.01, -999, -999,0.223,0.003,0.691,0.008,0.883,0.010,0.719,0.010,0.547,0.058 
  5219773,19572315+4022062 ,11.04, 0,0,-999.00, 2.50, 0.01, -999, -999, -999, -999, -999, -999, -999, -999, -999, -999, -999, -999 
  5219779,19572353+4022198 ,12.25, 2,2,124.00, 2.95, 0.01, -999, -999, -999, -999, -999, -999, -999, -999, -999, -999, -999, -999 
  5262768,19112886+4025447 ,12.34, 0,0,-999.00, 2.49, 0.01, -999, -999, -999, -999, -999, -999, -999, -999, -999, -999, -999, -999 
  5262788,19113030+4029318 ,11.72, 0,2,-999.00, 2.52, 0.01, -999, -999, -999, -999, -999, -999, -999, -999, -999, -999, -999, -999 
  5264406,19135646+4026294 ,11.45, 0,2,-999.00, 2.28, 0.01, -999, -999,0.164,0.005,0.631,0.004,0.894,0.006,0.740,0.006,0.562,0.006 
  5264460,19135999+4025504 , 9.52, 0,2,-999.00, 2.40, 0.01, -999, -999,0.189,0.003,0.616,0.004,0.854,0.005,0.738,0.004,0.523,0.005 
  5264769,19142565+4025080 ,12.43, 0,2,-999.00, 2.46, 0.01, -999, -999, -999, -999, -999, -999, -999, -999, -999, -999, -999, -999 
  5265256,19150827+4029347 ,10.62, 0,2,-999.00, 2.62, 0.01, -999, -999,0.149,0.001,0.590,0.014,0.879,0.017,0.782,0.018,0.565,0.016 
  5265982,19160608+4025192 ,12.28, 0,2,-999.00, 3.27, 0.01, -999, -999,0.247,0.006,0.567,0.003,0.881,0.004,0.749,0.004,0.628,0.003 
  5266416,19164200+4026157 ,10.61, 0,2,-999.00, 2.41, 0.01, -999, -999,0.138,0.001,0.669,0.002,0.879,0.003,0.766,0.003,0.565,0.010 
  5268494,19191693+4028019 ,11.70, 0,2,-999.00, 2.42, 0.01, -999, -999, -999, -999, -999, -999, -999, -999, -999, -999, -999, -999 
  5269165,19200484+4028111 ,11.83, 0,2,-999.00, 2.38, 0.01, -999, -999,0.124,0.001,0.672,0.004,0.870,0.005,0.761,0.004,0.577,0.004 
  5270814,19215542+4024162 ,11.93, 0,2,-999.00, 2.37, 0.01, -999, -999,0.205,0.002,0.686,0.008,0.878,0.009,0.727,0.008,0.566,0.007 
  5270933,19220409+4025158 ,11.87, 0,2,-999.00, 2.46, 0.01, -999, -999, -999, -999, -999, -999,0.839,0.006,0.801,0.006,0.528,0.005 
  5271626,19225770+4026306 ,11.53, 0,2,-999.00, 2.32, 0.01, -999, -999,0.151,0.003,0.657,0.005,0.860,0.004,0.764,0.005,0.559,0.004 
  5282288,19353565+4025596 ,11.08, 0,2,-999.00, 2.63, 0.01, -999, -999, -999, -999, -999, -999, -999, -999, -999, -999, -999, -999 
  5282875,19361046+4026174 ,10.71, 0,2,-999.00, 2.57, 0.01, -999, -999, -999, -999, -999, -999, -999, -999, -999, -999, -999, -999 
  5283798,19370940+4025206 ,11.71, 0,2,-999.00, 2.65, 0.01, -999, -999, -999, -999, -999, -999, -999, -999, -999, -999, -999, -999 
  5284127,19373122+4027511 ,11.81, 0,2,-999.00, 2.42, 0.01, -999, -999,0.185,0.001,0.575,0.005,0.845,0.006,0.792,0.006,0.544,0.005 
  5285357,19385084+4029038 ,11.63, 0,2,-999.00, 2.41, 0.01, -999, -999,0.132,0.003,0.641,0.005,0.880,0.005,0.768,0.005,0.559,0.008 
  5286794,19401987+4027427 ,12.29, 0,2,-999.00, 2.45, 0.01, -999, -999,0.158,0.002,0.671,0.004,0.880,0.005,0.749,0.005,0.558,0.011 
  5287551,19410597+4025165 ,11.32, 0,2,-999.00, 2.45, 0.01, -999, -999,0.190,0.003,0.631,0.004,0.861,0.005,0.757,0.006,0.553,0.006 
  5287610,19410914+4029018 ,11.39, 0,1,-999.00, 2.69, 0.01, -999, -999,0.220,0.002,0.573,0.003,0.871,0.004,0.784,0.004,0.577,0.003 
  5288607,19420206+4027597 ,10.98, 0,2,-999.00, 2.70, 0.01, -999, -999,0.117,0.003,0.655,0.012,0.861,0.018,0.765,0.015,0.539,0.012 
  5288716,19420775+4029016 ,11.55, 0,2,-999.00, 2.46, 0.01, -999, -999,0.117,0.004,0.681,0.005,0.879,0.006,0.748,0.006,0.557,0.005 
  5295898,19481571+4028595 ,12.27, 0,1,-999.00, 3.07, 0.01, -999, -999,0.235,0.002,0.641,0.003,0.885,0.004,0.705,0.003,0.601,0.003 
  5300269,19515332+4027103 ,12.28, 0,2,-999.00, 2.94, 0.01, -999, -999,0.246,0.002,0.694,0.005,0.883,0.023,0.749,0.023,0.576,0.025 
  5300767,19521467+4025587 ,11.31, 0,1,-999.00, 2.63, 0.01, -999, -999,0.184,0.003,0.580,0.020,0.868,0.013,0.792,0.014,0.560,0.016 
  5305259,19553610+4026057 ,12.15, 0,1,-999.00, 2.66, 0.01, -999, -999, -999, -999, -999, -999, -999, -999, -999, -999, -999, -999 
  5305291,19553778+4025505 ,12.13, 0,1,-999.00, 3.31, 0.01, -999, -999, -999, -999, -999, -999, -999, -999, -999, -999, -999, -999 
  5307203,19570675+4028151 ,10.73, 0,1,-999.00, 2.60, 0.01, -999, -999, -999, -999, -999, -999, -999, -999, -999, -999, -999, -999 
  5307747,19573409+4027160 , 8.40, 0,2,-999.00, 2.83, 0.01, -999, -999, -999, -999, -999, -999, -999, -999, -999, -999, -999, -999 
  5308778,19581857+4027305 ,11.78, 2,0, 39.00, 2.59, 0.02, -999, -999, -999, -999, -999, -999, -999, -999, -999, -999, -999, -999 
  5309012,19582865+4028075 ,10.55, 0,2,-999.00, 2.57, 0.01, -999, -999,0.155,0.006,0.664,0.011,0.863,0.023,0.759,0.019,0.548,0.022 
  5339823,18522869+4033219 ,11.35, 0,2,-999.00, 2.52, 0.01, -999, -999,0.138,0.002,0.654,0.005,0.882,0.006,0.739,0.006,0.559,0.005 
  5343338,18590490+4030515 ,11.62, 0,1,-999.00, 3.00, 0.01, -999, -999, -999, -999, -999, -999, -999, -999, -999, -999, -999, -999 
  5343454,18592128+4033102 ,12.16, 0,1,-999.00, 2.98, 0.01, -999, -999,0.182,0.001,0.628,0.005,0.889,0.007,0.732,0.006,0.581,0.006 
  5347736,19071272+4030339 ,12.25, 0,0,-999.00, 3.10, 0.01, -999, -999,0.111,0.002,0.536,0.005,0.860,0.006,0.767,0.008,0.580,0.005 
  5350163,19111996+4032420 ,12.10, 0,1,-999.00, 2.78, 0.01, -999, -999, -999, -999,0.582,0.018,0.851,0.027,0.773,0.024,0.560,0.024 
  5351405,19130972+4032067 ,12.02, 0,0,-999.00, 2.50, 0.01, -999, -999,0.119,0.005,0.598,0.005,0.877,0.006,0.798,0.005,0.641,0.007 
  5352533,19144613+4031321 ,12.24, 0,2,-999.00, 3.36, 0.01, -999, -999,0.201,0.002,0.624,0.005,0.885,0.007,0.756,0.006,0.686,0.006 
  5353157,19153610+4033491 ,12.32, 0,0,-999.00, 2.86, 0.01, -999, -999,0.148,0.002,0.592,0.005,0.855,0.007,0.773,0.006,0.566,0.006 
  5353178,19153787+4034512 ,11.17, 0,2,-999.00, 2.34, 0.01, -999, -999, -999, -999, -999, -999, -999, -999, -999, -999, -999, -999 
  5353200,19154026+4033450 ,10.08, 0,2,-999.00, 2.40, 0.01, -999, -999,0.134,0.001,0.654,0.007,0.886,0.011,0.770,0.008,0.581,0.008 
  5353283,19154738+4030314 ,12.27, 0,0,-999.00, 2.20, 0.01, -999, -999,0.141,0.002,0.627,0.006,0.905,0.007,0.779,0.008,0.670,0.009 
  5355929,19190471+4033537 ,11.53, 0,1,-999.00, 2.53, 0.01, -999, -999, -999, -999, -999, -999, -999, -999, -999, -999, -999, -999 
  5356201,19192456+4031447 ,11.88, 0,1,-999.00, 3.23, 0.01, -999, -999,0.228,0.002,0.559,0.005,0.880,0.006,0.787,0.005,0.564,0.005 
  5358060,19213796+4033142 ,12.27, 0,2,-999.00, 2.41, 0.01, -999, -999,0.115,0.003,0.645,0.007,0.860,0.015,0.759,0.014,0.563,0.012 
  5358969,19225009+4031505 ,11.41, 0,1,-999.00, 3.24, 0.01, -999, -999,0.178,0.001,0.581,0.004,0.877,0.005,0.760,0.005,0.583,0.005 
  5359478,19233115+4032232 ,12.10, 0,2,-999.00, 2.40, 0.01, -999, -999,0.238,0.002,0.670,0.002,0.872,0.003,0.755,0.004,0.576,0.004 
  5359600,19234174+4034149 ,11.36, 0,1,-999.00, 2.58, 0.01, -999, -999,0.145,0.002,0.619,0.005,0.872,0.007,0.744,0.008,0.580,0.009 
  5360690,19250424+4034095 ,12.48, 0,0,-999.00, 2.32, 0.01, -999, -999,0.147,0.002,0.564,0.007,0.838,0.010,0.778,0.007,0.515,0.009 
  5360757,19250988+4030412 ,11.78, 0,0,-999.00, 2.47, 0.01, -999, -999,0.206,0.003, -999, -999,0.830,0.004,0.752,0.004,0.514,0.004 
  5360999,19252679+4033450 ,12.07, 0,1,-999.00, 3.21, 0.01, -999, -999,0.241,0.002,0.556,0.004,0.836,0.005,0.766,0.005,0.536,0.004 
  5361169,19253962+4035289 ,11.68, 0,2,-999.00, 2.48, 0.01, -999, -999,0.154,0.002,0.725,0.005,0.901,0.005,0.768,0.005,0.566,0.005 
  5364240,19292154+4034337 ,11.29, 0,1,-999.00, 2.76, 0.01, -999, -999,0.172,0.003,0.621,0.004,0.898,0.006,0.795,0.005,0.638,0.006 
  5370902,19365033+4030115 ,12.49, 0,1,-999.00, 2.99, 0.01, -999, -999, -999, -999, -999, -999, -999, -999, -999, -999, -999, -999 
  5371173,19370719+4035219 ,12.44, 0,1,-999.00, 2.56, 0.01, -999, -999,0.150,0.004,0.596,0.003,0.900,0.003,0.760,0.003,0.595,0.008 
  5371756,19374429+4031294 ,11.64, 0,1,-999.00, 2.99, 0.01, -999, -999,0.166,0.001,0.647,0.003,0.898,0.003,0.747,0.004,0.589,0.003 
  5372141,19380918+4031373 ,10.30, 2,2,  6.50, 2.57, 0.01, -999, -999,0.449,0.002,0.786,0.007,0.914,0.008,0.660,0.009,0.641,0.010 
  5373447,19392738+4033127 , 9.72, 0,0,-999.00, 2.51, 0.01, -999, -999, -999, -999, -999, -999, -999, -999, -999, -999, -999, -999 
  5374221,19401427+4035120 ,10.84, 0,1,-999.00, 2.33, 0.01, -999, -999,0.205,0.001,0.642,0.004,0.873,0.006,0.761,0.005,0.558,0.007 
  5376963,19424798+4035361 ,12.01, 0,2,-999.00, 2.56, 0.01, -999, -999, -999, -999, -999, -999, -999, -999, -999, -999, -999, -999 
  5380775,19461293+4034144 ,11.81, 0,1,-999.00, 2.72, 0.01, -999, -999,0.153,0.001,0.597,0.002,0.867,0.003,0.774,0.003,0.587,0.003 
  5382824,19475490+4032009 ,10.41, 2,2, 94.00, 2.93, 0.01, -999, -999,0.211,0.001,0.695,0.005,0.891,0.006,0.724,0.006,0.594,0.005 
  5383359,19482276+4032018 ,11.07, 0,2,-999.00, 2.41, 0.01, -999, -999,0.167,0.002,0.618,0.003,0.876,0.005,0.761,0.004,0.541,0.005 
  5384777,19494652+4031154 ,12.23, 0,1,-999.00, 3.24, 0.01, -999, -999,0.169,0.002,0.581,0.004,0.883,0.005,0.765,0.004,0.608,0.005 
  5385245,19501078+4033197 ,10.96, 2,2, 91.00, 3.00, 0.01, -999, -999, -999, -999, -999, -999, -999, -999, -999, -999, -999, -999 
  5385518,19502552+4034171 ,11.29, 0,1,-999.00, 2.66, 0.01, -999, -999,0.163,0.001,0.613,0.003,0.881,0.003,0.769,0.003,0.566,0.004 
  5392313,19555191+4031514 ,11.36, 0,0,-999.00, 2.64, 0.01, -999, -999, -999, -999, -999, -999, -999, -999, -999, -999, -999, -999 
  5392657,19560675+4035100 ,10.00, 0,2,-999.00, 2.55, 0.01, -999, -999, -999, -999, -999, -999, -999, -999, -999, -999, -999, -999 
  5393304,19563377+4030285 ,12.08, 0,0,-999.00, 2.46, 0.01, -999, -999,0.146,0.002,0.683,0.006,0.867,0.007,0.716,0.006,0.545,0.007 
  5393453,19564015+4035334 ,12.13, 0,1,-999.00, 3.02, 0.01, -999, -999, -999, -999, -999, -999, -999, -999, -999, -999, -999, -999 
  5426041,18522445+4041172 ,11.51, 0,0,-999.00, 2.60, 0.01, -999, -999,0.116,0.001,0.580,0.003,0.868,0.004,0.789,0.004,0.560,0.004 
  5428669,18574690+4040456 ,11.40, 0,0,-999.00, 2.60, 0.01, -999, -999, -999, -999, -999, -999, -999, -999, -999, -999, -999, -999 
  5430086,19003815+4036588 ,12.08, 2,2, 82.50, 2.35, 0.01, -999, -999, -999, -999, -999, -999,0.836,0.007,0.799,0.006,0.569,0.007 
  5430224,19005243+4038360 ,11.01, 2,0, 55.00, 2.65, 0.02, -999, -999,0.282,0.002,0.655,0.004,0.876,0.006,0.764,0.006,0.659,0.007 
  5430779,19015505+4040564 ,11.88, 0,1,-999.00, 3.02, 0.01, -999, -999,0.169,0.001,0.555,0.004,0.870,0.005,0.782,0.004,0.625,0.005 
  5436082,19105612+4038321 ,11.72, 0,2,-999.00, 2.49, 0.01, -999, -999,0.144,0.003,0.635,0.003,0.859,0.004,0.764,0.004,0.574,0.005 
  5436490,19113355+4040127 ,12.26, 0,0,-999.00, 2.59, 0.01, -999, -999, -999, -999, -999, -999, -999, -999, -999, -999, -999, -999 
  5437763,19133556+4038567 ,11.79, 1,0, 14.00,-999.00,-999.00, -999, -999,0.428,0.002,0.593,0.004,0.867,0.005,0.801,0.004,0.665,0.005 
  5437909,19135045+4041260 ,11.82, 0,1,-999.00, 3.24, 0.01, -999, -999,0.180,0.002,0.612,0.003,0.886,0.004,0.761,0.004,0.607,0.005 
  5439339,19155185+4040542 ,11.27, 2,2, 59.00, 2.92, 0.01, -999, -999,0.225,0.002,0.697,0.003,0.893,0.003,0.747,0.004,0.613,0.004 
  5439695,19162085+4039541 ,11.68, 0,2,-999.00, 2.54, 0.01, -999, -999,0.254,0.003,0.643,0.005,0.888,0.006,0.807,0.006,0.675,0.008 
  5440198,19170097+4036282 ,12.08, 0,1,-999.00, 3.04, 0.01, -999, -999,0.172,0.001,0.545,0.003,0.874,0.004,0.800,0.004,0.590,0.004 
  5443741,19211884+4037011 ,11.92, 0,2,-999.00, 2.64, 0.01, -999, -999,0.174,0.002,0.579,0.005,0.863,0.009,0.775,0.007,0.572,0.008 
  5446556,19245631+4036152 ,11.59, 0,2,-999.00, 2.40, 0.01, -999, -999, -999, -999, -999, -999, -999, -999, -999, -999, -999, -999 
  5449922,19290970+4037533 ,11.97, 0,2,-999.00, 2.30, 0.01, -999, -999, -999, -999, -999, -999, -999, -999, -999, -999, -999, -999 
  5450049,19291825+4041286 ,12.37, 0,2,-999.00, 2.56, 0.01, -999, -999,0.167,0.002,0.605,0.006,0.873,0.007,0.762,0.007,0.574,0.007 
  5450439,19294801+4040210 ,10.29, 0,1,-999.00, 3.27, 0.01, -999, -999,0.181,0.003,0.669,0.006,0.900,0.007,0.723,0.008,0.644,0.008 
  5456086,19361271+4038134 ,12.42, 0,0,-999.00, 2.64, 0.01, -999, -999, -999, -999, -999, -999, -999, -999, -999, -999, -999, -999 
  5457016,19371138+4039496 ,12.10, 0,2,-999.00, 2.47, 0.01, -999, -999, -999, -999, -999, -999, -999, -999, -999, -999, -999, -999 
  5457518,19374102+4036318 ,11.52, 0,0,-999.00, 3.13, 0.01, -999, -999, -999, -999, -999, -999, -999, -999, -999, -999, -999, -999 
  5457811,19375823+4040256 ,10.74, 0,0,-999.00, 2.38, 0.01, -999, -999, -999, -999, -999, -999,0.834,0.004,0.810,0.004,0.522,0.004 
  5459287,19393337+4037588 ,11.37, 0,2,-999.00, 2.82, 0.01, -999, -999, -999, -999, -999, -999, -999, -999, -999, -999, -999, -999 
  5459494,19394718+4038347 ,10.88, 0,0,-999.00, 2.85, 0.01, -999, -999,0.174,0.003,0.614,0.005,0.859,0.007,0.770,0.009,0.551,0.008 
  5459855,19401013+4041589 ,10.86, 0,1,-999.00, 2.79, 0.01, -999, -999,0.162,0.001,0.659,0.002,0.895,0.003,0.754,0.003,0.593,0.002 
  5460741,19410442+4036470 ,11.54, 2,0, 80.50, 2.53, 0.01, -999, -999,0.216,0.004,0.615,0.003,0.859,0.004,0.737,0.004,0.566,0.004 
  5467126,19464274+4038564 ,12.37, 4,0,-999.00, 2.18, 0.01, -999, -999, -999, -999, -999, -999, -999, -999, -999, -999, -999, -999 
  5471548,19504365+4040447 ,11.73, 2,0, 33.10, 2.44, 0.01, -999, -999,0.401,0.001,0.632,0.004,0.865,0.005,0.854,0.005,0.659,0.004 
  5472717,19515573+4040059 ,12.40, 0,1,-999.00, 2.90, 0.01, -999, -999,0.190,0.001,0.667,0.007,0.883,0.010,0.764,0.008,0.580,0.010 
  5472976,19520847+4041231 ,11.57, 0,0,-999.00, 2.84, 0.01, -999, -999,0.158,0.001,0.542,0.007,0.859,0.010,0.803,0.009,0.559,0.007 
  5473840,19525213+4041387 ,12.24, 0,2,-999.00, 2.88, 0.01, -999, -999,0.134,0.001,0.630,0.011,0.868,0.015,0.786,0.012,0.554,0.014 
  5478010,19560001+4041041 ,11.61, 0,2,-999.00, 2.45, 0.01, -999, -999, -999, -999, -999, -999, -999, -999, -999, -999, -999, -999 
  5478864,19564091+4040409 ,11.10, 0,2,-999.00, 2.44, 0.01, -999, -999, -999, -999, -999, -999, -999, -999, -999, -999, -999, -999 
  5514024,18574575+4042531 ,10.90, 0,1,-999.00, 3.07, 0.01, -999, -999, -999, -999, -999, -999, -999, -999, -999, -999, -999, -999 
  5514079,18575250+4044558 ,11.61, 0,1,-999.00, 2.84, 0.01, -999, -999,0.188,0.002,0.583,0.003,0.879,0.004,0.794,0.004,0.633,0.004 
  5514251,18581404+4046398 , 8.98, 2,2, 33.00, 2.40, 0.01, -999, -999, -999, -999, -999, -999, -999, -999, -999, -999, -999, -999 
  5514974,18594704+4045279 ,11.36, 0,2,-999.00, 2.41, 0.01, -999, -999,0.142,0.002,0.623,0.004,0.885,0.005,0.779,0.005,0.608,0.004 
  5515314,19003467+4045192 ,10.88, 0,1,-999.00, 3.04, 0.01, -999, -999, -999, -999,0.552,0.003,0.857,0.004,0.777,0.003,0.568,0.003 
  5517118,19035590+4044579 ,11.86, 0,2,-999.00, 2.41, 0.01, -999, -999, -999, -999, -999, -999, -999, -999, -999, -999, -999, -999 
  5517310,19041565+4047019 ,11.99, 0,1,-999.00, 2.20, 0.01, -999, -999, -999, -999, -999, -999, -999, -999, -999, -999, -999, -999 
  5517442,19043096+4047278 ,11.74, 0,2,-999.00, 2.47, 0.01, -999, -999, -999, -999, -999, -999, -999, -999, -999, -999, -999, -999 
  5521176,19105141+4042384 ,12.44, 0,2,-999.00, 2.38, 0.01, -999, -999, -999, -999, -999, -999, -999, -999, -999, -999, -999, -999 
  5521718,19114178+4043134 ,12.18, 0,0,-999.00, 2.65, 0.01, -999, -999,0.170,0.002,0.557,0.003,0.883,0.003,0.762,0.003,0.587,0.003 
  5522071,19121461+4045519 ,10.61, 0,1,-999.00, 2.97, 0.01, -999, -999,0.172,0.002,0.672,0.013,0.872,0.036,0.755,0.030,0.596,0.020 
  5522575,19130385+4045596 ,11.40, 0,1,-999.00, 2.97, 0.01, -999, -999,0.223,0.004,0.742,0.007,0.831,0.008,0.733,0.008,0.607,0.012 
  5524229,19152927+4046014 ,11.40, 0,1,-999.00, 3.10, 0.01, -999, -999,0.195,0.001,0.652,0.021,0.904,0.005,0.755,0.005,0.674,0.036 
  5524720,19160889+4044237 ,11.59, 0,1,-999.00, 2.19, 0.01, -999, -999,0.239,0.002, -999, -999,0.852,0.004,0.812,0.004,0.547,0.004 
  5525572,19171700+4043006 ,11.75, 0,2,-999.00, 2.38, 0.01, -999, -999,0.142,0.002,0.737,0.003,0.913,0.005,0.755,0.004,0.594,0.004 
  5526083,19175546+4047254 ,11.59, 0,2,-999.00, 2.51, 0.01, -999, -999,0.145,0.002,0.702,0.003,0.887,0.004,0.746,0.004,0.603,0.004 
  5530598,19231688+4042216 , 8.71, 0,1,-999.00, 2.93, 0.01, -999, -999, -999, -999, -999, -999, -999, -999, -999, -999, -999, -999 
  5530982,19234890+4044497 ,12.50, 0,1,-999.00, 2.54, 0.01, -999, -999,0.201,0.005,0.624,0.006,0.894,0.008,0.741,0.007,0.605,0.009 
  5531278,19241268+4042088 ,11.10, 2,2, 64.00, 2.36, 0.01, -999, -999, -999, -999, -999, -999,0.812,0.007,0.718,0.007,0.475,0.009 
  5534253,19281062+4045393 ,10.99, 0,2,-999.00, 2.47, 0.01, -999, -999, -999, -999, -999, -999, -999, -999, -999, -999, -999, -999 
  5534335,19281647+4047513 ,12.40, 0,2,-999.00, 2.56, 0.01, -999, -999,0.138,0.002,0.621,0.004,0.871,0.005,0.758,0.005,0.573,0.005 
  5534910,19285814+4046073 ,10.34, 2,0,102.00, 2.96, 0.01, -999, -999,0.197,0.001,0.615,0.004,0.883,0.008,0.795,0.007,0.606,0.022 
  5534973,19290307+4045358 ,12.18, 0,0,-999.00, 2.72, 0.01, -999, -999,0.182,0.002,0.577,0.005,0.846,0.007,0.787,0.006,0.556,0.028 
  5536129,19302317+4043266 ,12.30, 0,2,-999.00, 2.48, 0.01, -999, -999,0.213,0.002,0.692,0.003,0.861,0.004,0.733,0.004,0.553,0.003 
  5536758,19311042+4047161 ,12.08, 0,2,-999.00, 2.38, 0.01, -999, -999,0.395,0.003,0.637,0.004,0.845,0.005,0.723,0.005,0.552,0.006 
  5542907,19375711+4045001 ,10.52, 0,2,-999.00, 2.95, 0.01, -999, -999,0.148,0.003,0.692,0.006,0.884,0.009,0.743,0.009,0.581,0.008 
  5543249,19381987+4045350 ,11.31, 0,0,-999.00, 2.41, 0.01, -999, -999,0.195,0.001,0.672,0.006,0.911,0.007,0.753,0.008,0.604,0.006 
  5543289,19382194+4044252 ,12.45, 0,0,-999.00, 2.65, 0.01, -999, -999,0.173,0.001,0.660,0.011,0.902,0.013,0.752,0.013,0.621,0.010 
  5544606,19394480+4044184 ,11.32, 0,2,-999.00, 2.71, 0.01, -999, -999, -999, -999, -999, -999, -999, -999, -999, -999, -999, -999 
  5544763,19395553+4042529 ,11.00, 0,2,-999.00, 2.77, 0.01, -999, -999,0.148,0.002,0.638,0.005,0.868,0.007,0.765,0.006,0.547,0.006 
  5545340,19403122+4046286 , 9.56, 0,2,-999.00, 2.53, 0.01, -999, -999,0.139,0.004,0.644,0.003,0.869,0.003,0.752,0.004,0.553,0.003 
  5546141,19412186+4044586 ,10.43, 0,1,-999.00, 2.81, 0.01, -999, -999,0.189,0.002,0.579,0.003,0.866,0.004,0.783,0.004,0.582,0.004 
  5546749,19415457+4045067 ,11.22, 0,0,-999.00, 2.49, 0.01, -999, -999,0.162,0.001,0.619,0.004,0.851,0.005,0.787,0.005,0.522,0.021 
  5547077,19421132+4045130 ,11.54, 0,2,-999.00, 2.63, 0.01, -999, -999, -999, -999, -999, -999, -999, -999, -999, -999, -999, -999 
  5551189,19455728+4045479 ,12.42, 0,0,-999.00, 2.72, 0.01, -999, -999,0.166,0.002,0.645,0.003,0.883,0.004,0.748,0.005,0.578,0.003 
  5553307,19474065+4042113 , 9.96, 0,1,-999.00, 3.32, 0.01, -999, -999,0.159,0.001,0.573,0.003,0.887,0.004,0.787,0.004,0.613,0.003 
  5554141,19481972+4046507 ,12.18, 0,2,-999.00, 2.91, 0.01, -999, -999,0.153,0.002,0.669,0.003,0.876,0.005,0.736,0.003,0.598,0.005 
  5556726,19502892+4045468 ,12.17, 0,1,-999.00, 3.21, 0.01, -999, -999,0.137,0.003,0.517,0.009,0.857,0.012,0.791,0.011,0.568,0.014 
  5557807,19511818+4044170 ,11.02, 0,2,-999.00, 2.60, 0.01, -999, -999,0.144,0.002,0.704,0.006,0.883,0.009,0.743,0.007,0.579,0.008 
  5558110,19513352+4045361 ,12.45, 0,2,-999.00, 2.82, 0.01, -999, -999, -999, -999, -999, -999, -999, -999, -999, -999, -999, -999 
  5558488,19515371+4047081 ,11.12, 0,2,-999.00, 2.44, 0.01, -999, -999, -999, -999, -999, -999, -999, -999, -999, -999, -999, -999 
  5559520,19524600+4043425 ,10.16, 2,2, 41.00, 2.41, 0.01, -999, -999, -999, -999, -999, -999, -999, -999, -999, -999, -999, -999 
  5563343,19555462+4047253 ,11.15, 0,2,-999.00, 2.78, 0.01, -999, -999, -999, -999, -999, -999, -999, -999, -999, -999, -999, -999 
  5563915,19561956+4044269 ,11.88, 0,2,-999.00, 2.64, 0.01, -999, -999, -999, -999, -999, -999, -999, -999, -999, -999, -999, -999 
  5564915,19570428+4043126 ,12.26, 0,0,-999.00, 2.83, 0.01, -999, -999, -999, -999, -999, -999, -999, -999, -999, -999, -999, -999 
  5565067,19571127+4044440 ,12.13, 0,1,-999.00, 3.00, 0.01, -999, -999, -999, -999, -999, -999, -999, -999, -999, -999, -999, -999 
  5566037,19575542+4045236 ,11.46, 0,2,-999.00, 2.40, 0.01, -999, -999, -999, -999, -999, -999, -999, -999, -999, -999, -999, -999 
  5566273,19580667+4044162 ,11.31, 0,2,-999.00, 2.50, 0.01, -999, -999,0.154,0.002,0.690,0.005,0.876,0.006,0.746,0.006,0.557,0.006 
  5597397,18523609+4052091 ,12.23, 0,1,-999.00, 2.57, 0.01, -999, -999,0.246,0.003,0.610,0.004,0.892,0.005,0.795,0.004,0.635,0.004 
  5597965,18534504+4051534 ,10.96, 0,1,-999.00, 2.65, 0.01, -999, -999,0.184,0.003,0.633,0.002,0.893,0.003,0.774,0.003,0.665,0.004 
  5598645,18550720+4049075 ,11.69, 0,1,-999.00, 3.39, 0.01, -999, -999,0.189,0.003,0.651,0.007,0.910,0.007,0.792,0.008, -999, -999 
  5598789,18552299+4052119 ,10.50, 0,2,-999.00, 2.68, 0.01, -999, -999,0.305,0.002,0.727,0.006,0.878,0.009,0.760,0.008,0.611,0.010 
  5599763,18572259+4053167 ,11.72, 0,2,-999.00, 2.39, 0.01, -999, -999, -999, -999, -999, -999, -999, -999, -999, -999, -999, -999 
  5602062,19015687+4048241 ,12.30, 0,1,-999.00, 2.95, 0.01, -999, -999, -999, -999, -999, -999, -999, -999, -999, -999, -999, -999 
  5610200,19150074+4049136 ,12.50, 2,1,103.00, 3.10, 0.01, -999, -999,0.225,0.001,0.610,0.003,0.878,0.004,0.760,0.004,0.671,0.015 
  5610212,19150200+4051584 ,12.25, 0,1,-999.00, 2.88, 0.01, -999, -999, -999, -999,0.962,0.015, -999, -999, -999, -999, -999, -999 
  5611192,19161923+4053434 ,11.82, 2,0, 82.00, 2.92, 0.01, -999, -999,0.248,0.006,0.715,0.006,0.889,0.012,0.747,0.010,0.588,0.010 
  5612549,19180824+4051167 ,10.28, 0,2,-999.00, 2.34, 0.01, -999, -999,0.152,0.001,0.728,0.011,0.896,0.007,0.749,0.006,0.572,0.013 
  5615331,19212398+4052278 ,10.31, 0,2,-999.00, 2.58, 0.01, -999, -999, -999, -999, -999, -999, -999, -999, -999, -999, -999, -999 
  5616050,19221679+4050023 ,12.41, 0,2,-999.00, 2.37, 0.01, -999, -999,0.116,0.006,0.645,0.006,0.856,0.005,0.791,0.004,0.526,0.005 
  5616851,19231975+4053206 ,12.25, 0,0,-999.00, 2.74, 0.01, -999, -999, -999, -999, -999, -999, -999, -999, -999, -999, -999, -999 
  5617000,19233125+4053480 ,11.38, 0,2,-999.00, 2.44, 0.01, -999, -999,0.122,0.004,0.605,0.003,0.853,0.004,0.743,0.004,0.555,0.003 
  5620302,19273801+4051354 ,11.58, 0,0,-999.00, 2.38, 0.01, -999, -999,0.168,0.005, -999, -999,0.835,0.008,0.799,0.007,0.525,0.014 
  5620305,19273808+4053019 , 9.20, 6,0,-999.00, 3.05, 0.04, -999, -999,0.262,0.002,0.737,0.004,0.882,0.003,0.688,0.003,0.601,0.006 
  5620596,19280102+4050138 ,11.32, 0,2,-999.00, 2.51, 0.01, -999, -999,0.152,0.001,0.704,0.002,0.884,0.003,0.726,0.003,0.558,0.004 
  5620720,19281060+4048488 ,11.40, 0,2,-999.00, 2.66, 0.01, -999, -999, -999, -999, -999, -999, -999, -999, -999, -999, -999, -999 
  5621757,19292726+4052044 ,10.36, 0,0,-999.00, 2.24, 0.01, -999, -999,0.248,0.004,0.603,0.008,0.881,0.010,0.781,0.008,0.523,0.013 
  5623097,19310141+4048064 ,11.65, 0,1,-999.00, 3.30, 0.01, -999, -999,0.129,0.001,0.518,0.003,0.863,0.004,0.780,0.004,0.515,0.005 
  5629459,19382136+4053026 ,10.25, 0,2,-999.00, 2.52, 0.01, -999, -999,0.144,0.003,0.622,0.006,0.848,0.007,0.746,0.007,0.548,0.009 
  5630212,19391001+4052152 ,10.21, 1,0, 31.10,-999.00,-999.00, -999, -999,0.637,0.002,0.644,0.008,0.875,0.010,0.877,0.010,0.739,0.012 
  5630215,19391015+4049146 ,11.27, 0,0,-999.00, 2.88, 0.01, -999, -999,0.247,0.001,0.735,0.005,0.889,0.008,0.736,0.007,0.602,0.068 
  5631694,19404194+4051552 ,11.50, 0,2,-999.00, 2.44, 0.01, -999, -999, -999, -999, -999, -999, -999, -999, -999, -999, -999, -999 
  5633342,19421770+4051300 , 9.79, 2,1,109.00, 3.32, 0.01, -999, -999,0.230,0.003,0.660,0.003,0.899,0.004,0.716,0.004,0.620,0.004 
  5637392,19455943+4049431 ,12.46, 0,1,-999.00, 2.83, 0.01, -999, -999,0.183,0.001,0.620,0.003,0.886,0.004,0.746,0.004,0.608,0.004 
  5638865,19471570+4049089 ,11.73, 0,2,-999.00, 2.55, 0.01, -999, -999,0.122,0.003,0.592,0.003,0.852,0.004,0.770,0.003,0.550,0.003 
  5639438,19474353+4051279 ,12.22, 4,0,-999.00, 3.17, 0.01, -999, -999,0.158,0.001,0.576,0.005,0.877,0.005,0.766,0.006,0.596,0.006 
  5640843,19485221+4052272 ,11.06, 0,2,-999.00, 2.40, 0.01, -999, -999,0.145,0.002,0.677,0.004,0.890,0.004,0.752,0.004,0.594,0.005 
  5641322,19491720+4050529 ,10.65, 0,0,-999.00, 2.62, 0.01, -999, -999, -999, -999, -999, -999, -999, -999, -999, -999, -999, -999 
  5648894,19553358+4049127 , 8.58, 0,2,-999.00, 2.80, 0.01, -999, -999, -999, -999, -999, -999, -999, -999, -999, -999, -999, -999 
  5650420,19564582+4049215 ,12.39, 4,0,-999.00, 2.43, 0.01, -999, -999, -999, -999, -999, -999, -999, -999, -999, -999, -999, -999 
  5653970,19592808+4048209 ,11.60, 0,1,-999.00, 2.97, 0.01, -999, -999, -999, -999, -999, -999, -999, -999, -999, -999, -999, -999 
  5685000,18552997+4058592 ,11.29, 0,2,-999.00, 2.38, 0.01, -999, -999,0.149,0.001,0.706,0.003,0.897,0.004,0.750,0.004, -999, -999 
  5685237,18555805+4055455 ,12.25, 0,1,-999.00, 2.94, 0.01, -999, -999,0.188,0.001,0.669,0.003,0.864,0.004,0.749,0.004,0.607,0.007 
  5685244,18555883+4058294 ,11.62, 2,2, 82.00, 2.36, 0.01, -999, -999,0.154,0.004,0.611,0.002,0.888,0.003,0.717,0.003,0.561,0.003 
  5689343,19035922+4054350 ,11.29, 0,2,-999.00, 2.92, 0.01, -999, -999,0.284,0.001,0.679,0.008,0.894,0.012,0.772,0.010,0.611,0.011 
  5689606,19043278+4056316 ,11.56, 0,0,-999.00, 2.56, 0.01, -999, -999, -999, -999, -999, -999, -999, -999, -999, -999, -999, -999 
  5693454,19110535+4056375 ,11.63, 0,1,-999.00, 3.00, 0.01, -999, -999, -999, -999, -999, -999, -999, -999, -999, -999, -999, -999 
  5694720,19130136+4057375 , 9.82, 0,0,-999.00, 2.40, 0.01, -999, -999,0.114,0.002,0.594,0.008,0.854,0.012,0.781,0.008,0.568,0.011 
  5695096,19133679+4058553 ,12.16, 0,2,-999.00, 2.44, 0.01, -999, -999, -999, -999,0.657,0.007,0.868,0.008,0.761,0.007,0.592,0.009 
  5696081,19150712+4057063 ,11.27, 0,1,-999.00, 3.31, 0.01, -999, -999,0.213,0.002,0.606,0.005,0.888,0.007,0.762,0.005,0.604,0.006 
  5698093,19175104+4055364 ,11.45, 0,1,-999.00, 3.18, 0.01, -999, -999,0.159,0.003,0.572,0.010,0.866,0.013,0.777,0.012,0.578,0.017 
  5698599,19182817+4055399 ,12.26, 0,2,-999.00, 2.39, 0.01, -999, -999,0.153,0.003,0.738,0.003,0.901,0.004,0.726,0.004,0.605,0.005 
  5700368,19203871+4055455 , 8.16, 0,2,-999.00, 2.47, 0.01, -999, -999, -999, -999, -999, -999, -999, -999, -999, -999, -999, -999 
  5701850,19222458+4059345 ,11.43, 0,0,-999.00, 2.53, 0.01, -999, -999,0.159,0.004,0.640,0.004,0.874,0.005,0.762,0.005,0.590,0.006 
  5702180,19225100+4058232 ,10.12, 0,2,-999.00, 2.57, 0.01, -999, -999,0.170,0.003,0.692,0.005,0.890,0.007,0.743,0.007,0.567,0.008 
  5702251,19225650+4056598 ,11.20, 0,1,-999.00, 3.11, 0.01, -999, -999,0.208,0.001,0.629,0.004,0.900,0.005,0.740,0.006,0.600,0.006 
  5703348,19242515+4056565 ,11.48, 0,2,-999.00, 2.47, 0.01, -999, -999,0.132,0.003,0.705,0.003,0.868,0.003,0.734,0.003,0.557,0.004 
  5706341,19282096+4059332 ,10.44, 0,2,-999.00, 2.87, 0.01, -999, -999,0.151,0.002,0.697,0.002,0.881,0.002,0.678,0.002,0.560,0.002 
  5706760,19285310+4054442 ,11.29, 0,2,-999.00, 2.49, 0.01, -999, -999, -999, -999, -999, -999, -999, -999, -999, -999, -999, -999 
  5707098,19291840+4057042 ,10.46, 0,2,-999.00, 2.53, 0.01, -999, -999,0.179,0.001,0.697,0.005,0.895,0.007,0.732,0.005,0.586,0.007 
  5707338,19293455+4054186 ,10.11, 2,2,132.00, 2.82, 0.01, -999, -999,0.203,0.001,0.664,0.005,0.869,0.007,0.721,0.007,0.576,0.007 
  5707560,19295053+4057040 ,11.98, 3,0,130.00, 2.39, 0.01, -999, -999,0.204,0.001,0.589,0.003,0.848,0.008,0.790,0.008,0.541,0.008 
  5709182,19314933+4059408 ,12.01, 3,0, 40.00, 2.41, 0.01, -999, -999, -999, -999, -999, -999, -999, -999, -999, -999, -999, -999 
  5709564,19321853+4058217 , 9.73, 0,2,-999.00, 2.34, 0.01, -999, -999,0.129,0.001,0.626,0.009,0.883,0.005,0.761,0.005,0.580,0.005 
  5709667,19322573+4059389 ,12.16, 0,0,-999.00, 2.87, 0.01, -999, -999,0.165,0.001,0.595,0.004,0.859,0.007,0.744,0.006,0.578,0.006 
  5715911,19392935+4059446 ,12.35, 0,2,-999.00, 2.86, 0.01, -999, -999,0.175,0.002,0.719,0.002,0.888,0.003,0.726,0.003,0.586,0.003 
  5717058,19404257+4059512 ,11.30, 0,2,-999.00, 2.65, 0.01, -999, -999,0.165,0.002,0.689,0.006,0.879,0.008,0.735,0.007,0.575,0.008 
  5717541,19411612+4058298 ,11.93, 0,0,-999.00, 3.16, 0.01, -999, -999,0.210,0.001,0.608,0.005,0.882,0.006,0.747,0.006,0.600,0.007 
  5721762,19450323+4055419 ,11.41, 0,2,-999.00, 2.48, 0.01, -999, -999,0.162,0.002,0.615,0.003,0.847,0.004,0.762,0.004,0.550,0.004 
  5722826,19455747+4058232 ,11.45, 0,2,-999.00, 2.51, 0.01, -999, -999,0.160,0.003,0.636,0.005,0.872,0.008,0.762,0.008,0.580,0.009 
  5723909,19465321+4058004 , 9.53, 0,2,-999.00, 2.51, 0.01, -999, -999,0.139,0.001,0.590,0.004,0.856,0.005,0.774,0.005,0.558,0.004 
  5726892,19492416+4055032 ,11.28, 0,2,-999.00, 2.57, 0.01, -999, -999, -999, -999, -999, -999, -999, -999, -999, -999, -999, -999 
  5728401,19503438+4057368 ,11.54, 0,2,-999.00, 2.45, 0.01, -999, -999,0.145,0.002,0.666,0.004,0.879,0.004,0.754,0.005,0.539,0.004 
  5730384,19521436+4056192 ,10.82, 0,2,-999.00, 2.44, 0.01, -999, -999,0.125,0.004,0.601,0.004,0.860,0.005,0.766,0.005,0.536,0.004 
  5730703,19523128+4058507 ,11.85, 0,2,-999.00, 2.61, 0.01, -999, -999, -999, -999, -999, -999, -999, -999, -999, -999, -999, -999 
  5730952,19524424+4055065 ,10.58, 0,0,-999.00, 2.54, 0.01, -999, -999, -999, -999, -999, -999, -999, -999, -999, -999, -999, -999 
  5734838,19555019+4054042 ,10.80, 0,2,-999.00, 2.66, 0.01, -999, -999, -999, -999, -999, -999, -999, -999, -999, -999, -999, -999 
  5737282,19574455+4058587 ,11.99, 2,1,166.00, 2.69, 0.01, -999, -999,0.220,0.002,0.675,0.003,0.868,0.003,0.732,0.003,0.556,0.003 
  5769244,18534059+4102118 , 9.91, 0,1,-999.00, 3.05, 0.01, -999, -999,0.200,0.002,0.526,0.003,0.852,0.004,0.789,0.004,0.590,0.003 
  5770923,18565279+4101153 ,10.73, 0,2,-999.00, 2.83, 0.01, -999, -999,0.166,0.001,0.697,0.008,0.877,0.010,0.729,0.008,0.554,0.008 
  5774568,19040326+4103031 ,11.54, 0,0,-999.00, 2.96, 0.01, -999, -999,0.108,0.001,0.543,0.013,0.860,0.016,0.782,0.017,0.593,0.020 
  5774953,19044336+4102317 ,11.39, 0,2,-999.00, 2.43, 0.01, -999, -999,0.152,0.002,0.587,0.014,0.859,0.024,0.797,0.019,0.581,0.021 
  5780142,19131310+4102517 ,12.13, 2,2, 94.00, 2.36, 0.01, -999, -999,0.200,0.002,0.502,0.003,0.876,0.005,0.730,0.004,0.552,0.004 
  5781782,19153575+4103360 ,11.42, 0,2,-999.00, 2.48, 0.01, -999, -999,0.132,0.006,0.666,0.003,0.875,0.004,0.743,0.004,0.547,0.005 
  5782127,19160497+4102351 ,10.87, 0,2,-999.00, 2.36, 0.01, -999, -999,0.135,0.001,0.691,0.002,0.881,0.009,0.756,0.007,0.593,0.007 
  5785620,19202601+4102586 ,11.35, 0,0,-999.00, 2.38, 0.01, -999, -999,0.153,0.002,0.619,0.006,0.874,0.007,0.775,0.006,0.572,0.006 
  5785710,19203177+4104010 ,12.03, 0,0,-999.00, 2.07, 0.01, -999, -999,0.143,0.002,0.592,0.004,0.886,0.005,0.764,0.004,0.569,0.004 
  5785879,19204355+4103482 ,11.16, 3,0,126.00, 2.40, 0.01, -999, -999,0.175,0.003,0.640,0.003,0.882,0.005,0.804,0.005,0.691,0.004 
  5787509,19223964+4101285 ,11.14, 0,2,-999.00, 2.39, 0.01, -999, -999,0.140,0.001,0.575,0.009,0.846,0.004,0.784,0.004,0.536,0.009 
  5788354,19234777+4105145 ,11.43, 0,2,-999.00, 2.47, 0.01, -999, -999, -999, -999, -999, -999, -999, -999, -999, -999, -999, -999 
  5790744,19265993+4103294 ,11.90, 0,0,-999.00, 2.61, 0.01, -999, -999,0.179,0.001,0.588,0.002,0.866,0.003,0.775,0.003,0.569,0.003 
  5790837,19270775+4102534 , 8.31, 0,0,-999.00, 2.58, 0.01, -999, -999, -999, -999, -999, -999, -999, -999, -999, -999, -999, -999 
  5791135,19273103+4104518 ,11.74, 0,2,-999.00, 2.55, 0.01, -999, -999,0.151,0.001,0.583,0.002,0.848,0.003,0.767,0.003,0.551,0.003 
  5791844,19282852+4100385 ,11.20, 0,2,-999.00, 2.64, 0.01, -999, -999,0.156,0.002,0.663,0.002,0.872,0.003,0.758,0.003,0.561,0.003 
  5791889,19283210+4104584 ,11.01, 0,1,-999.00, 3.01, 0.01, -999, -999,0.152,0.001,0.597,0.002,0.863,0.002,0.765,0.002,0.573,0.002 
  5792113,19284949+4101186 ,11.88, 0,0,-999.00, 2.46, 0.01, -999, -999, -999, -999, -999, -999, -999, -999, -999, -999, -999, -999 
  5792421,19291190+4103560 ,10.91, 0,2,-999.00, 2.56, 0.01, -999, -999,0.149,0.001,0.679,0.002,0.882,0.003,0.724,0.003,0.569,0.003 
  5792500,19291741+4103558 , 9.49, 0,2,-999.00, 2.56, 0.01, -999, -999, -999, -999,0.659,0.005,0.881,0.007,0.740,0.006,0.612,0.004 
  5792581,19292271+4103233 ,10.74, 0,0,-999.00, 2.81, 0.01, -999, -999,0.183,0.001,0.690,0.003,0.888,0.005,0.707,0.004,0.602,0.024 
  5793427,19302545+4105344 ,11.84, 0,1,-999.00, 2.94, 0.01, -999, -999,0.193,0.001,0.657,0.012,0.888,0.015,0.739,0.013,0.607,0.030 
  5793628,19304093+4104063 ,11.10, 4,0,-999.00, 2.47, 0.01, -999, -999,0.163,0.001,0.673,0.003,0.875,0.005,0.746,0.004,0.579,0.005 
  5794100,19311995+4105084 ,12.01, 0,2,-999.00, 2.44, 0.01, -999, -999,0.117,0.001,0.597,0.004,0.844,0.007,0.745,0.005,0.560,0.005 
  5795250,19323899+4104346 ,11.67, 0,0,-999.00, 2.61, 0.01, -999, -999,0.155,0.002,0.599,0.006,0.878,0.009,0.768,0.007,0.612,0.009 
  5795475,19325781+4102349 ,11.97, 0,2,-999.00, 3.24, 0.01, -999, -999,0.211,0.005,0.738,0.017,0.905,0.024,0.712,0.019,0.677,0.008 
  5795626,19330865+4103086 , 9.16, 0,2,-999.00, 2.50, 0.01, -999, -999,0.145,0.002,0.749,0.006,0.911,0.007,0.727,0.006,0.598,0.008 
  5802573,19404579+4103488 ,11.65, 0,1,-999.00, 2.82, 0.01, -999, -999, -999, -999, -999, -999, -999, -999, -999, -999, -999, -999 
  5806522,19442871+4103173 ,11.26, 0,1,-999.00, 2.67, 0.01, -999, -999,0.156,0.001,0.549,0.004,0.848,0.005,0.777,0.005,0.567,0.011 
  5808398,19460536+4102079 ,11.46, 2,1,146.00, 3.02, 0.01, -999, -999,0.261,0.001,0.541,0.007,0.834,0.010,0.740,0.008,0.570,0.009 
  5808438,19460706+4103425 ,11.93, 0,2,-999.00, 2.42, 0.01, -999, -999,0.208,0.003,0.824,0.010,0.924,0.007,0.634,0.005,0.679,0.006 
  5810333,19475057+4101032 ,10.92, 0,2,-999.00, 2.37, 0.01, -999, -999,0.166,0.002,0.612,0.003,0.884,0.005,0.762,0.005,0.586,0.004 
  5811766,19490669+4101352 ,10.44, 0,0,-999.00, 2.55, 0.01, -999, -999,0.161,0.003,0.617,0.007,0.875,0.010,0.773,0.010,0.559,0.007 
  5814204,19505951+4103456 ,11.37, 8,0,-999.00, 2.61, 0.01, -999, -999,0.166,0.002,0.541,0.006,0.859,0.007,0.819,0.006,0.561,0.008 
  5816145,19524659+4100525 ,12.12, 0,0,-999.00, 2.58, 0.01, -999, -999, -999, -999, -999, -999, -999, -999, -999, -999, -999, -999 
  5816671,19531487+4102309 ,10.59, 6,0,-999.00, 2.93, 0.01, -999, -999, -999, -999, -999, -999, -999, -999, -999, -999, -999, -999 
  5819905,19554292+4105062 ,12.28, 0,0,-999.00, 2.56, 0.01, -999, -999,0.123,0.002,0.622,0.005,0.865,0.004,0.684,0.004,0.549,0.003 
  5821762,19570739+4103132 ,12.30, 1,0,  9.25,-999.00,-999.00, -999, -999,0.398,0.002,0.767,0.003,0.890,0.006,0.709,0.007,0.704,0.013 
  5822889,19575825+4104110 ,11.04, 2,1, 90.00, 3.33, 0.04, -999, -999,0.241,0.002,0.647,0.007,0.897,0.013,0.714,0.012,0.619,0.024 
  5822936,19580014+4104422 ,11.08, 0,0,-999.00, 2.54, 0.01, -999, -999,0.166,0.002,0.652,0.010,0.892,0.014,0.751,0.010,0.602,0.014 
  5824148,19585992+4100323 ,12.42, 0,1,-999.00, 3.18, 0.01, -999, -999, -999, -999, -999, -999, -999, -999, -999, -999, -999, -999 
  5854149,18514014+4107296 ,12.02, 0,2,-999.00, 2.51, 0.01, -999, -999, -999, -999, -999, -999, -999, -999, -999, -999, -999, -999 
  5855568,18542630+4108397 ,11.88, 0,2,-999.00, 2.47, 0.01, -999, -999,0.146,0.003,0.662,0.002,0.887,0.003,0.724,0.002,0.563,0.003 
  5857618,18583415+4110232 ,11.81, 0,1,-999.00, 2.76, 0.01, -999, -999,0.135,0.001,0.573,0.004,0.833,0.005,0.765,0.004,0.540,0.005 
  5857981,18591786+4111539 ,12.30, 0,1,-999.00, 2.64, 0.01, -999, -999,0.261,0.002,0.646,0.007,0.899,0.008,0.774,0.007,0.654,0.009 
  5858034,18592445+4108444 ,11.74, 0,2,-999.00, 2.49, 0.01, -999, -999, -999, -999, -999, -999, -999, -999, -999, -999, -999, -999 
  5859492,19021718+4107236 ,10.27, 0,2,-999.00, 2.44, 0.01, -999, -999, -999, -999, -999, -999, -999, -999, -999, -999, -999, -999 
  5866138,19135012+4106294 ,11.07, 4,0,-999.00, 2.86, 0.01, -999, -999, -999, -999, -999, -999, -999, -999, -999, -999, -999, -999 
  5866737,19144699+4111412 ,10.76, 0,1,-999.00, 2.73, 0.01, -999, -999,0.180,0.002,0.743,0.005,0.877,0.006,0.811,0.005,0.664,0.007 
  5866945,19150344+4111550 ,12.37, 0,0,-999.00, 2.87, 0.01, -999, -999,0.282,0.002,0.592,0.009,0.857,0.014,0.769,0.013,0.567,0.011 
  5871340,19204413+4108431 ,11.99, 0,2,-999.00, 2.40, 0.01, -999, -999,0.146,0.001,0.650,0.017,0.885,0.020,0.783,0.019,0.571,0.025 
  5871792,19211551+4111485 ,11.79, 0,2,-999.00, 2.48, 0.01, -999, -999,0.130,0.002,0.631,0.005,0.862,0.007,0.760,0.007,0.555,0.010 
  5872236,19214904+4109026 ,10.76, 0,2,-999.00, 2.41, 0.01, -999, -999,0.147,0.003,0.677,0.003,0.891,0.005,0.764,0.004,0.546,0.003 
  5872509,19220847+4108072 ,10.94, 0,2,-999.00, 2.49, 0.01, -999, -999,0.160,0.001,0.656,0.003,0.885,0.004,0.765,0.003,0.540,0.003 
  5879728,19313787+4108120 ,11.91, 0,2,-999.00, 2.47, 0.01, -999, -999,0.180,0.002,0.690,0.003,0.884,0.004,0.743,0.004,0.597,0.005 
  5881162,19331941+4107156 ,11.44, 0,2,-999.00, 2.46, 0.01, -999, -999,0.161,0.002,0.590,0.005,0.836,0.007,0.750,0.006,0.514,0.006 
  5881715,19340082+4108491 ,11.47, 0,2,-999.00, 2.38, 0.01, -999, -999,0.162,0.001,0.674,0.004,0.876,0.005,0.763,0.004,0.575,0.005 
  5882005,19342102+4106113 ,10.19, 0,2,-999.00, 2.82, 0.01, -999, -999,0.131,0.001,0.646,0.008,0.876,0.009,0.761,0.008,0.585,0.010 
  5887403,19401565+4106537 ,11.82, 0,2,-999.00, 2.67, 0.01, -999, -999, -999, -999, -999, -999, -999, -999, -999, -999, -999, -999 
  5887977,19405200+4108507 ,10.18, 0,0,-999.00, 2.34, 0.01, -999, -999, -999, -999, -999, -999, -999, -999, -999, -999, -999, -999 
  5891971,19444187+4111514 ,12.21, 0,0,-999.00, 2.41, 0.01, -999, -999,0.173,0.001,0.773,0.004,0.913,0.005,0.701,0.005,0.608,0.005 
  5891982,19444281+4111043 ,11.08, 0,0,-999.00, 2.51, 0.01, -999, -999,0.171,0.003,0.685,0.008,0.901,0.009,0.739,0.009,0.610,0.011 
  5892647,19451972+4110314 ,12.04, 0,0,-999.00, 2.33, 0.01, -999, -999, -999, -999, -999, -999, -999, -999, -999, -999, -999, -999 
  5893765,19461798+4109158 ,10.42, 0,2,-999.00, 2.72, 0.01, -999, -999,0.173,0.004,0.631,0.007,0.883,0.011,0.766,0.008,0.598,0.008 
  5893926,19462689+4108529 ,11.05, 0,1,-999.00, 2.57, 0.01, -999, -999,0.132,0.002,0.606,0.008,0.873,0.009,0.758,0.009,0.549,0.008 
  5894271,19464701+4110311 ,12.19, 0,1,-999.00, 3.14, 0.01, -999, -999,0.330,0.003,0.563,0.009,0.932,0.010,0.698,0.009,0.642,0.010 
  5896480,19484627+4109409 ,10.32, 0,2,-999.00, 2.46, 0.01, -999, -999,0.162,0.002,0.678,0.003,0.889,0.004,0.750,0.004,0.572,0.004 
  5899519,19511783+4106557 ,10.95, 0,0,-999.00, 2.76, 0.01, -999, -999, -999, -999, -999, -999, -999, -999, -999, -999, -999, -999 
  5900096,19515137+4106378 , 8.35, 0,2,-999.00, 2.40, 0.01, -999, -999, -999, -999, -999, -999, -999, -999, -999, -999, -999, -999 
  5901835,19532557+4106524 ,12.43, 0,0,-999.00, 2.80, 0.01, -999, -999, -999, -999, -999, -999, -999, -999, -999, -999, -999, -999 
  5902477,19535865+4106432 ,11.01, 0,2,-999.00, 2.73, 0.01, -999, -999,0.147,0.002,0.697,0.005,0.880,0.006,0.746,0.006,0.558,0.005 
  5903484,19544774+4106066 ,11.73, 0,0,-999.00, 2.37, 0.01, -999, -999,0.148,0.002,0.644,0.004,0.856,0.004,0.762,0.004,0.534,0.005 
  5905457,19562037+4110201 ,12.26, 0,1,-999.00, 3.37, 0.01, -999, -999,0.182,0.002,0.607,0.015,0.890,0.023,0.742,0.021,0.593,0.021 
  5905907,19564396+4107329 ,11.00, 0,1,-999.00, 2.99, 0.01, -999, -999,0.198,0.002,0.662,0.003,0.923,0.004,0.743,0.004,0.648,0.004 
  5940060,18552193+4113552 , 9.70, 0,1,-999.00, 2.63, 0.01, -999, -999, -999, -999, -999, -999, -999, -999, -999, -999, -999, -999 
  5940228,18554338+4115285 ,11.45, 0,1,-999.00, 2.32, 0.01, -999, -999,0.142,0.002,0.600,0.003,0.852,0.005,0.689,0.004,0.510,0.005 
  5943345,19015661+4114403 ,11.35, 2,2,109.00, 2.60, 0.01, -999, -999, -999, -999, -999, -999, -999, -999, -999, -999, -999, -999 
  5950394,19142743+4115402 , 8.45, 0,2,-999.00, 2.50, 0.01, -999, -999, -999, -999, -999, -999, -999, -999, -999, -999, -999, -999 
  5951742,19161932+4117300 ,12.32, 0,2,-999.00, 2.37, 0.01, -999, -999, -999, -999, -999, -999, -999, -999, -999, -999, -999, -999 
  5952802,19173696+4117046 ,11.75, 0,2,-999.00, 2.52, 0.01, -999, -999,0.085,0.001,0.624,0.005,0.867,0.007,0.752,0.007,0.526,0.008 
  5956977,19225228+4114503 ,12.39, 0,1,-999.00, 2.67, 0.01, -999, -999,0.183,0.002,0.628,0.003,0.902,0.004,0.752,0.004,0.584,0.004 
  5959615,19262337+4115291 ,11.95, 0,0,-999.00, 2.36, 0.01, -999, -999,0.227,0.001,0.604,0.005,0.862,0.008,0.738,0.007,0.536,0.006 
  5960293,19271650+4117165 ,11.65, 0,2,-999.00, 2.36, 0.01, -999, -999,0.132,0.002,0.610,0.011,0.885,0.016,0.705,0.013,0.535,0.009 
  5960394,19272522+4117490 ,12.31, 0,2,-999.00, 2.39, 0.01, -999, -999, -999, -999, -999, -999, -999, -999, -999, -999, -999, -999 
  5960693,19274946+4115452 ,11.39, 0,2,-999.00, 2.41, 0.01, -999, -999, -999, -999, -999, -999,0.824,0.009,0.751,0.010,0.505,0.014 
  5961985,19292999+4113245 ,11.96, 0,1,-999.00, 3.32, 0.01, -999, -999, -999, -999, -999, -999, -999, -999, -999, -999, -999, -999 
  5962395,19300037+4113238 ,12.33, 0,2,-999.00, 2.44, 0.01, -999, -999,0.117,0.001,0.642,0.007,0.867,0.006,0.738,0.005,0.583,0.006 
  5962451,19300442+4113270 ,12.34, 0,0,-999.00, 2.88, 0.01, -999, -999,0.176,0.002,0.612,0.004,0.865,0.006,0.743,0.005,0.581,0.004 
  5963894,19315425+4113589 ,12.12, 0,0,-999.00, 2.39, 0.01, -999, -999, -999, -999, -999, -999, -999, -999, -999, -999, -999, -999 
  5965040,19330984+4112543 ,11.41, 0,2,-999.00, 2.54, 0.01, -999, -999, -999, -999, -999, -999, -999, -999, -999, -999, -999, -999 
  5966348,19344394+4115244 ,12.44, 0,2,-999.00, 2.40, 0.01, -999, -999, -999, -999, -999, -999, -999, -999, -999, -999, -999, -999 
  5976238,19444489+4116177 ,11.55, 0,2,-999.00, 2.59, 0.01, -999, -999,0.124,0.004,0.636,0.005,0.870,0.005,0.745,0.005,0.530,0.006 
  5976798,19451285+4115593 ,12.09, 0,2,-999.00, 2.63, 0.01, -999, -999,0.141,0.004,0.687,0.011,0.876,0.012,0.706,0.014,0.541,0.011 
  5977341,19454254+4112476 ,12.15, 0,2,-999.00, 2.91, 0.01, -999, -999,0.138,0.002,0.677,0.011,0.877,0.014,0.713,0.015,0.554,0.016 
  5981329,19491458+4114213 ,11.38, 0,2,-999.00, 2.50, 0.01, -999, -999,0.178,0.003,0.689,0.006,0.884,0.009,0.766,0.009,0.584,0.007 
  5981666,19493102+4114177 , 9.63, 0,2,-999.00, 2.88, 0.01, -999, -999,0.197,0.002,0.681,0.006,0.884,0.008,0.751,0.007,0.567,0.009 
  5983299,19505364+4114355 ,10.15, 0,2,-999.00, 2.72, 0.01, -999, -999,0.160,0.003,0.639,0.006,0.857,0.008,0.749,0.008,0.545,0.007 
  5986270,19533130+4117469 ,12.22, 4,0,-999.00, 2.78, 0.01, -999, -999, -999, -999, -999, -999, -999, -999, -999, -999, -999, -999 
  5987871,19545720+4112304 ,11.51, 0,1,-999.00, 3.04, 0.01, -999, -999,0.168,0.003,0.708,0.006,0.890,0.006,0.725,0.006,0.615,0.007 
  5990753,19571332+4115486 ,10.92,24,0,-999.00, 2.91, 0.01, -999, -999, -999, -999, -999, -999, -999, -999, -999, -999, -999, -999 
  6024360,18585965+4121043 ,12.06, 0,2,-999.00, 2.41, 0.01, -999, -999,0.152,0.002,0.674,0.002,0.891,0.003,0.728,0.003,0.569,0.003 
  6026188,19023579+4120528 ,10.97, 0,0,-999.00, 2.63, 0.01, -999, -999,0.088,0.002,0.543,0.006,0.882,0.007,0.763,0.006,0.568,0.009 
  6029474,19084402+4119579 ,11.70, 0,1,-999.00, 2.79, 0.01, -999, -999,0.157,0.002,0.550,0.009,0.856,0.011,0.790,0.010,0.574,0.012 
  6032639,19141495+4118432 ,11.56, 2,2,130.00, 2.56, 0.01, -999, -999,0.198,0.001,0.663,0.005,0.876,0.006,0.747,0.007,0.560,0.007 
  6033938,19160587+4118060 ,11.72, 0,1,-999.00, 3.12, 0.01, -999, -999,0.164,0.002,0.589,0.003,0.875,0.004,0.779,0.004,0.563,0.003 
  6034166,19162563+4118371 ,11.21, 0,1,-999.00, 2.94, 0.01, -999, -999, -999, -999, -999, -999,0.844,0.007,0.794,0.005,0.553,0.006 
  6037102,19202505+4123008 ,11.19, 0,1,-999.00, 2.59, 0.01, -999, -999,0.151,0.002,0.614,0.003,0.886,0.004,0.785,0.003,0.654,0.003 
  6037660,19210265+4122375 ,11.69, 0,2,-999.00, 2.37, 0.01, -999, -999, -999, -999,0.576,0.005,0.849,0.007,0.720,0.006,0.549,0.012 
  6037858,19211548+4121561 , 9.86, 0,2,-999.00, 2.55, 0.01, -999, -999,0.176,0.002,0.625,0.005,0.862,0.007,0.763,0.007,0.565,0.029 
  6041223,19254315+4123529 ,11.26, 0,0,-999.00, 2.63, 0.01, -999, -999,0.234,0.001,0.546,0.012,0.867,0.017,0.768,0.016,0.604,0.018 
  6043187,19281692+4123262 ,11.56, 0,2,-999.00, 2.70, 0.01, -999, -999,0.191,0.001,0.561,0.007,0.890,0.010,0.792,0.007,0.620,0.009 
  6044054,19292368+4122153 ,11.61, 0,1,-999.00, 2.77, 0.01, -999, -999,0.155,0.002,0.615,0.003,0.904,0.005,0.752,0.005,0.614,0.007 
  6045299,19304949+4119045 ,10.71, 0,2,-999.00, 2.32, 0.01, -999, -999, -999, -999, -999, -999, -999, -999, -999, -999,0.761,0.011 
  6046859,19324733+4121223 ,11.13, 0,0,-999.00, 2.47, 0.01, -999, -999,0.147,0.002,0.575,0.006,0.851,0.007,0.782,0.006,0.573,0.004 
  6047033,19325977+4118552 ,11.93, 0,2,-999.00, 2.44, 0.01, -999, -999, -999, -999, -999, -999, -999, -999, -999, -999, -999, -999 
  6047683,19334566+4123242 ,11.37, 0,2,-999.00, 2.44, 0.01, -999, -999,0.178,0.002,0.673,0.005,0.891,0.009,0.760,0.008,0.600,0.004 
  6057532,19441366+4122541 ,11.80, 0,0,-999.00, 2.58, 0.01, -999, -999,0.130,0.001,0.618,0.006,0.861,0.008,0.745,0.007,0.542,0.043 
  6060703,19471051+4120068 ,12.21, 0,1,-999.00, 3.03, 0.01, -999, -999,0.181,0.002,0.603,0.004,0.890,0.005,0.762,0.005,0.599,0.006 
  6060867,19472001+4122451 ,10.99, 0,1,-999.00, 2.72, 0.01, -999, -999,0.193,0.002,0.680,0.005,0.872,0.007,0.769,0.007,0.599,0.007 
  6060903,19472249+4121578 ,10.98, 0,2,-999.00, 2.44, 0.01, -999, -999, -999, -999, -999, -999, -999, -999, -999, -999, -999, -999 
  6061176,19473639+4118488 ,12.33, 0,1,-999.00, 3.08, 0.01, -999, -999, -999, -999, -999, -999, -999, -999, -999, -999, -999, -999 
  6061867,19480992+4123269 ,11.19, 0,1,-999.00, 2.96, 0.01, -999, -999,0.187,0.001,0.633,0.005,0.908,0.007,0.747,0.007,0.600,0.006 
  6063745,19495293+4119301 ,12.24, 0,1,-999.00, 2.76, 0.01, -999, -999,0.179,0.005,0.579,0.008,0.900,0.009,0.770,0.011,0.595,0.009 
  6067314,19532106+4123317 , 9.53, 0,2,-999.00, 2.87, 0.01, -999, -999,0.163,0.002,0.680,0.006,0.879,0.009,0.766,0.009,0.550,0.007 
  6067987,19540665+4118111 ,10.11, 0,2,-999.00, 2.49, 0.01, -999, -999,0.149,0.002,0.685,0.005,0.883,0.006,0.737,0.007,0.554,0.007 
  6070366,19560486+4122241 ,10.45, 0,2,-999.00, 2.76, 0.01, -999, -999,0.159,0.002,0.714,0.004,0.879,0.006,0.734,0.005,0.567,0.005 
  6070419,19560786+4119507 ,11.87, 0,0,-999.00, 2.97, 0.01, -999, -999, -999, -999, -999, -999, -999, -999, -999, -999, -999, -999 
  6071633,19570501+4123143 ,12.47, 0,2,-999.00, 2.93, 0.01, -999, -999,0.170,0.002,0.655,0.003,0.877,0.004,0.735,0.004,0.555,0.005 
  6099979,18491614+4125591 ,12.20, 0,0,-999.00, 2.52, 0.01, -999, -999,0.140,0.002,0.574,0.003,0.878,0.004,0.770,0.003,0.623,0.003 
  6101471,18515662+4127143 ,11.82, 0,1,-999.00, 2.93, 0.01, -999, -999,0.151,0.002,0.664,0.003,0.888,0.004,0.757,0.004,0.607,0.006 
  6103082,18550910+4129127 ,12.42, 0,1,-999.00, 3.26, 0.01, -999, -999,0.154,0.001,0.575,0.007,0.869,0.009,0.722,0.008,0.575,0.063 
  6103934,18564594+4128038 , 9.67, 0,0,-999.00, 2.92, 0.01, -999, -999,0.147,0.001,0.578,0.006,0.856,0.007,0.732,0.006,0.538,0.008 
  6104786,18583466+4128296 ,11.55, 0,1,-999.00, 3.14, 0.01, -999, -999,0.186,0.001,0.620,0.004,0.901,0.005,0.728,0.004,0.605,0.005 
  6113813,19143634+4124139 ,12.22, 2,1, 73.00, 3.17, 0.01, -999, -999, -999, -999, -999, -999, -999, -999, -999, -999, -999, -999 
  6115575,19170647+4124420 ,10.11, 0,2,-999.00, 2.59, 0.01, -999, -999, -999, -999, -999, -999, -999, -999, -999, -999, -999, -999 
  6115916,19173544+4124263 ,12.49, 0,2,-999.00, 2.38, 0.01, -999, -999,0.123,0.002,0.623,0.004,0.891,0.005,0.769,0.005,0.575,0.006 
  6117196,19191124+4128296 ,11.91, 0,1,-999.00, 2.97, 0.01, -999, -999,0.160,0.003,0.514,0.005,0.871,0.006,0.774,0.005,0.576,0.007 
  6117517,19193459+4128508 ,10.59, 0,1,-999.00, 2.98, 0.01, -999, -999,0.159,0.001,0.533,0.004,0.865,0.007,0.817,0.006,0.612,0.006 
  6118479,19204433+4127158 ,10.88, 0,1,-999.00, 2.71, 0.01, -999, -999,0.188,0.001,0.639,0.002,0.880,0.003,0.760,0.003,0.611,0.003 
  6118670,19205970+4125135 ,11.83, 0,1,-999.00, 3.03, 0.01, -999, -999,0.179,0.002,0.631,0.004,0.890,0.005,0.806,0.006,0.649,0.006 
  6119774,19221779+4129234 ,12.24, 0,1,-999.00, 2.96, 0.01, -999, -999,0.177,0.002,0.604,0.003,0.879,0.004,0.758,0.003,0.595,0.021 
  6123202,19265137+4127442 ,10.37, 0,1,-999.00, 2.63, 0.01, -999, -999,0.142,0.001,0.546,0.004,0.855,0.006,0.778,0.006,0.578,0.005 
  6126225,19303974+4127264 , 8.79, 0,2,-999.00, 2.68, 0.01, -999, -999, -999, -999, -999, -999, -999, -999, -999, -999, -999, -999 
  6126808,19312288+4126557 ,11.50, 0,1,-999.00, 3.12, 0.01, -999, -999,0.184,0.001,0.551,0.005,0.868,0.008,0.794,0.009,0.606,0.006 
  6127825,19323801+4124499 ,11.09, 0,2,-999.00, 2.95, 0.01, -999, -999,0.185,0.001,0.659,0.003,0.869,0.003,0.710,0.003,0.539,0.003 
  6128428,19332147+4125147 ,10.98, 0,2,-999.00, 2.57, 0.01, -999, -999, -999, -999, -999, -999, -999, -999, -999, -999, -999, -999 
  6128774,19334555+4125397 ,10.78, 0,2,-999.00, 2.57, 0.01, -999, -999,0.240,0.006,0.716,0.007,0.876,0.012,0.712,0.010,0.565,0.009 
  6129411,19343272+4124599 ,10.90, 0,2,-999.00, 2.86, 0.01, -999, -999,0.189,0.001,0.698,0.004,0.864,0.005,0.725,0.004,0.573,0.006 
  6129632,19344780+4124079 ,11.45, 4,0,-999.00, 3.11, 0.01, -999, -999, -999, -999, -999, -999, -999, -999, -999, -999, -999, -999 
  6130752,19360671+4126238 ,11.62, 0,2,-999.00, 2.87, 0.01, -999, -999,0.148,0.002,0.706,0.003,0.886,0.004,0.729,0.003,0.584,0.004 
  6131884,19372243+4127269 ,11.86, 2,2, 32.90, 2.32, 0.01, -999, -999,0.267,0.001,0.675,0.005,0.900,0.006,0.710,0.005,0.571,0.007 
  6131901,19372371+4126341 ,11.79, 0,0,-999.00, 2.30, 0.01, -999, -999,0.130,0.001,0.606,0.006,0.873,0.005,0.764,0.005,0.552,0.006 
  6137774,19432546+4126194 ,11.94, 0,2,-999.00, 2.45, 0.01, -999, -999,0.114,0.002,0.604,0.005,0.860,0.008,0.740,0.009,0.531,0.008 
  6139561,19450143+4127597 ,11.74, 0,0,-999.00, 2.89, 0.01, -999, -999,0.117,0.002,0.557,0.005,0.860,0.007,0.758,0.007,0.548,0.007 
  6140030,19452417+4125575 ,10.03, 0,2,-999.00, 2.50, 0.01, -999, -999, -999, -999, -999, -999, -999, -999, -999, -999, -999, -999 
  6140132,19453024+4129593 ,11.73, 0,0,-999.00, 2.46, 0.01, -999, -999, -999, -999, -999, -999, -999, -999, -999, -999, -999, -999 
  6140161,19453190+4128126 , 8.65, 0,0,-999.00, 2.07, 0.01, -999, -999, -999, -999, -999, -999, -999, -999, -999, -999, -999, -999 
  6140947,19461437+4125593 ,11.40, 0,2,-999.00, 2.58, 0.01, -999, -999,0.137,0.001,0.685,0.004,0.870,0.016,0.738,0.012,0.578,0.017 
  6141488,19464444+4124214 ,12.50, 0,0,-999.00, 3.22, 0.01, -999, -999,0.181,0.002,0.634,0.004,0.878,0.006,0.734,0.006,0.591,0.006 
  6142229,19472438+4125183 ,12.33, 0,2,-999.00, 2.87, 0.01, -999, -999, -999, -999,0.719,0.006,0.878,0.006,0.623,0.008,0.577,0.008 
  6142932,19475672+4124105 ,10.96, 0,0,-999.00, 2.52, 0.01, -999, -999, -999, -999, -999, -999, -999, -999, -999, -999, -999, -999 
  6142964,19475850+4127172 ,11.54, 0,1,-999.00, 2.67, 0.01, -999, -999, -999, -999, -999, -999,0.845,0.005,0.791,0.005,0.545,0.005 
  6144777,19493651+4124143 ,10.69, 0,1,-999.00, 3.02, 0.01, -999, -999, -999, -999, -999, -999, -999, -999, -999, -999, -999, -999 
  6148227,19525271+4127446 ,11.85, 0,2,-999.00, 2.66, 0.01, -999, -999,0.170,0.004,0.711,0.004,0.876,0.011,0.707,0.011,0.555,0.013 
  6181896,18503265+4135547 ,11.50, 0,0,-999.00, 2.77, 0.15, -999, -999,0.121,0.002,0.712,0.006,0.908,0.019,0.721,0.014,0.603,0.018 
  6181933,18503555+4130292 , 8.27, 0,2,-999.00, 2.74, 0.01, -999, -999, -999, -999, -999, -999, -999, -999, -999, -999, -999, -999 
  6185790,18575722+4131323 ,11.80, 0,0,-999.00, 2.53, 0.01, -999, -999,0.120,0.001,0.583,0.009,0.872,0.005,0.759,0.004,0.565,0.004 
  6187893,19020470+4133003 ,11.70,54,0,-999.00,-999.00,-999.00, -999, -999,0.383,0.002,0.804,0.004,0.904,0.006,0.716,0.005,0.657,0.005 
  6188073,19022597+4134129 ,11.43, 0,1,-999.00, 2.93, 0.01, -999, -999,0.155,0.002, -999, -999,0.846,0.012,0.817,0.011,0.593,0.012 
  6188215,19024176+4133217 ,10.52, 3,1,133.00, 2.98, 0.01, -999, -999, -999, -999, -999, -999, -999, -999, -999, -999, -999, -999 
  6188269,19024815+4135564 ,11.87, 0,0,-999.00, 2.70, 0.01, -999, -999, -999, -999,0.693,0.009,0.852,0.005,0.699,0.004,0.703,0.005 
  6191288,19081505+4134559 ,11.08, 0,0,-999.00, 2.31, 0.01, -999, -999, -999, -999, -999, -999, -999, -999, -999, -999, -999, -999 
  6191711,19085734+4134346 ,10.25, 0,2,-999.00, 2.43, 0.01, -999, -999,0.142,0.002,0.630,0.009,0.869,0.011,0.780,0.011,0.561,0.011 
  6192431,19100594+4133354 ,10.79, 0,2,-999.00, 2.44, 0.01, -999, -999,0.117,0.002,0.616,0.003,0.858,0.003,0.789,0.004,0.546,0.003 
  6196149,19155691+4132432 ,12.05, 0,2,-999.00, 2.36, 0.01, -999, -999,0.140,0.002,0.600,0.006,0.871,0.007,0.739,0.008,0.558,0.007 
  6196374,19161393+4135202 ,12.23, 0,1,-999.00, 2.54, 0.01, -999, -999,0.115,0.002,0.558,0.005,0.887,0.018,0.775,0.015,0.578,0.006 
  6197448,19174925+4131457 ,11.83, 0,2,-999.00, 2.61, 0.01, -999, -999, -999, -999, -999, -999,0.832,0.016,0.797,0.014,0.522,0.013 
  6198123,19184109+4134029 ,12.47, 0,1,-999.00, 2.67, 0.01, -999, -999, -999, -999, -999, -999, -999, -999, -999, -999, -999, -999 
  6198476,19190563+4134051 , 9.05, 0,0,-999.00, 2.79, 0.01, -999, -999, -999, -999, -999, -999, -999, -999, -999, -999, -999, -999 
  6198581,19191281+4132320 ,11.31, 0,2,-999.00, 2.53, 0.01, -999, -999,0.126,0.001,0.683,0.009,0.886,0.010,0.788,0.010,0.597,0.012 
  6200178,19210391+4130565 ,10.69, 0,1,-999.00, 2.81, 0.01, -999, -999,0.162,0.002,0.648,0.007,0.881,0.006,0.715,0.007,0.571,0.006 
  6200565,19212957+4133481 ,11.99, 0,2,-999.00, 2.45, 0.01, -999, -999,0.152,0.002,0.651,0.004,0.871,0.009,0.749,0.008,0.552,0.010 
  6201050,19220622+4130431 ,12.42, 0,1,-999.00, 2.63, 0.01, -999, -999,0.130,0.002,0.612,0.007,0.875,0.005,0.769,0.006,0.626,0.003 
  6203503,19252551+4133229 ,10.97, 0,0,-999.00, 2.37, 0.01, -999, -999,0.163,0.003,0.650,0.004,0.898,0.008,0.744,0.007,0.593,0.005 
  6204450,19263711+4130033 ,11.37, 0,2,-999.00, 2.41, 0.01, -999, -999,0.131,0.002,0.570,0.011,0.843,0.007,0.774,0.007,0.557,0.022 
  6205783,19282332+4134126 ,12.44, 0,2,-999.00, 2.42, 0.01, -999, -999,0.187,0.001,0.717,0.003,0.907,0.003,0.741,0.003,0.613,0.017 
  6206897,19294750+4135338 ,11.17, 0,2,-999.00, 2.41, 0.01, -999, -999,0.148,0.001,0.655,0.003,0.881,0.004,0.763,0.004,0.577,0.004 
  6207670,19304450+4133370 ,11.90, 2,0,121.00, 2.41, 0.01, -999, -999,0.174,0.001,0.614,0.005,0.856,0.010,0.762,0.011,0.567,0.007 
  6208344,19313319+4132494 ,12.10, 0,2,-999.00, 2.59, 0.01, -999, -999,0.177,0.001,0.666,0.005,0.874,0.004,0.750,0.004,0.581,0.006 
  6208617,19315375+4134093 ,11.44, 0,0,-999.00, 2.51, 0.01, -999, -999,0.204,0.002,0.592,0.004,0.866,0.006,0.777,0.005,0.584,0.005 
  6209042,19322542+4135109 ,11.98, 0,0,-999.00, 2.60, 0.01, -999, -999, -999, -999, -999, -999, -999, -999, -999, -999,0.514,0.014 
  6210264,19335608+4133314 ,12.09, 0,2,-999.00, 2.56, 0.01, -999, -999, -999, -999, -999, -999, -999, -999, -999, -999, -999, -999 
  6210524,19341672+4135025 ,11.85, 0,2,-999.00, 2.38, 0.01, -999, -999, -999, -999, -999, -999, -999, -999, -999, -999, -999, -999 
  6210603,19342298+4130060 , 9.91, 2,0,104.00, 2.98, 0.01, -999, -999, -999, -999, -999, -999, -999, -999, -999, -999, -999, -999 
  6210900,19344369+4132594 ,11.72, 0,0,-999.00, 2.54, 0.01, -999, -999, -999, -999,0.583,0.010,0.841,0.010,0.754,0.011,0.531,0.011 
  6211362,19351424+4135266 ,12.06, 0,0,-999.00, 2.52, 0.01, -999, -999,0.251,0.002,0.620,0.009,0.861,0.010,0.737,0.010,0.580,0.011 
  6211965,19355461+4135577 ,12.36, 0,0,-999.00, 2.75, 0.01, -999, -999,0.137,0.002,0.544,0.005,0.857,0.005,0.780,0.004,0.574,0.004 
  6212600,19363575+4132185 ,11.95, 0,1,-999.00, 3.11, 0.01, -999, -999,0.148,0.002,0.553,0.006,0.855,0.010,0.781,0.008,0.578,0.011 
  6212838,19365123+4133350 ,11.85, 0,1,-999.00, 2.82, 0.01, -999, -999, -999, -999, -999, -999, -999, -999, -999, -999, -999, -999 
  6221548,19453512+4131172 ,10.98, 2,2,102.00, 2.98, 0.01, -999, -999,0.218,0.005,0.691,0.007,0.881,0.009,0.720,0.008,0.580,0.010 
  6221641,19454022+4132450 ,11.43, 0,2,-999.00, 2.54, 0.01, -999, -999,0.160,0.003,0.699,0.005,0.882,0.009,0.729,0.008,0.573,0.007 
  6222355,19461802+4132267 ,11.69, 0,2,-999.00, 2.50, 0.01, -999, -999,0.132,0.003,0.628,0.007,0.859,0.007,0.751,0.007,0.551,0.010 
  6222530,19462827+4131020 ,12.03, 0,1,-999.00, 3.29, 0.01, -999, -999,0.220,0.004,0.597,0.007,0.852,0.007,0.730,0.005,0.570,0.009 
  6225660,19491405+4134233 , 9.85, 0,0,-999.00, 2.50, 0.01, -999, -999, -999, -999, -999, -999, -999, -999, -999, -999, -999, -999 
  6228590,19520864+4135214 ,11.48, 0,1,-999.00, 3.06, 0.01, -999, -999,0.169,0.003,0.590,0.005,0.879,0.007,0.770,0.006,0.595,0.007 
  6230903,19540311+4134295 ,11.43, 0,2,-999.00, 2.73, 0.01, -999, -999, -999, -999, -999, -999, -999, -999, -999, -999, -999, -999 
  6231193,19541843+4131522 , 8.26, 0,0,-999.00, 2.40, 0.01, -999, -999, -999, -999, -999, -999, -999, -999, -999, -999, -999, -999 
  6231237,19542042+4134283 ,11.67, 0,2,-999.00, 2.38, 0.01, -999, -999, -999, -999, -999, -999, -999, -999, -999, -999, -999, -999 
  6232858,19554265+4131218 ,10.25, 0,2,-999.00, 2.60, 0.01, -999, -999, -999, -999, -999, -999, -999, -999, -999, -999, -999, -999 
  6232914,19554580+4132096 ,10.79, 0,2,-999.00, 2.73, 0.01, -999, -999, -999, -999, -999, -999, -999, -999, -999, -999, -999, -999 
  6262706,18501318+4139450 ,11.26, 0,0,-999.00, 2.68, 0.01, -999, -999, -999, -999, -999, -999, -999, -999, -999, -999, -999, -999 
  6263410,18513532+4139235 ,11.15, 0,2,-999.00, 2.94, 0.01, -999, -999,0.145,0.005,0.674,0.005,0.878,0.006,0.733,0.006,0.544,0.006 
  6264398,18533528+4136113 ,11.73, 0,2,-999.00, 2.40, 0.01, -999, -999,0.124,0.003,0.674,0.005,0.881,0.008,0.758,0.007,0.571,0.006 
  6266529,18574179+4136524 ,12.12, 0,0,-999.00, 2.89, 0.01, -999, -999,0.148,0.001,0.614,0.004,0.871,0.005,0.737,0.005,0.569,0.005 
  6271732,19075561+4136535 , 9.98, 0,0,-999.00, 2.42, 0.01, -999, -999,0.148,0.002,0.712,0.004,0.891,0.006,0.754,0.006,0.588,0.006 
  6271966,19082032+4141512 ,11.49, 0,1,-999.00, 3.11, 0.01, -999, -999,0.178,0.002,0.605,0.006,0.884,0.007,0.767,0.007,0.591,0.009 
  6272933,19100506+4138434 , 9.38, 0,2,-999.00, 2.50, 0.01, -999, -999,0.135,0.002,0.597,0.004,0.845,0.005,0.788,0.004,0.527,0.006 
  6273063,19102162+4138243 , 9.70, 0,2,-999.00, 2.40, 0.01, -999, -999,0.141,0.005, -999, -999,0.839,0.004,0.797,0.004,0.513,0.004 
  6273090,19102508+4136492 ,11.94, 0,1,-999.00, 3.29, 0.01, -999, -999,0.173,0.002,0.592,0.004,0.880,0.008,0.771,0.008,0.629,0.014 
  6276898,19163450+4140329 , 9.18, 0,2,-999.00, 2.55, 0.01, -999, -999,0.126,0.002,0.693,0.003,0.890,0.033,0.767,0.030,0.590,0.022 
  6276948,19163847+4137316 ,10.83, 0,2,-999.00, 2.87, 0.01, -999, -999,0.144,0.002,0.650,0.006,0.876,0.036,0.765,0.033,0.586,0.008 
  6276957,19163923+4139153 ,12.26, 0,2,-999.00, 2.41, 0.01, -999, -999, -999, -999, -999, -999, -999, -999, -999, -999, -999, -999 
  6277741,19174660+4141565 ,11.65, 0,1,-999.00, 2.28, 0.01, -999, -999, -999, -999, -999, -999,0.843,0.006,0.823,0.006,0.568,0.031 
  6278698,19185697+4137222 ,11.53, 0,2,-999.00, 2.42, 0.01, -999, -999, -999, -999, -999, -999, -999, -999, -999, -999, -999, -999 
  6279491,19195228+4140442 ,12.17, 0,2,-999.00, 2.35, 0.01, -999, -999, -999, -999, -999, -999, -999, -999, -999, -999, -999, -999 
  6283995,19254929+4137560 ,10.63, 0,1,-999.00, 3.21, 0.01, -999, -999,0.152,0.002,0.568,0.003,0.852,0.004,0.743,0.004,0.583,0.011 
  6286633,19291826+4140183 ,10.66, 0,2,-999.00, 2.73, 0.01, -999, -999,0.151,0.001,0.685,0.004,0.875,0.007,0.756,0.006,0.567,0.006 
  6287950,19310099+4137150 ,11.17, 0,2,-999.00, 2.45, 0.01, -999, -999,0.142,0.001,0.567,0.004,0.853,0.003,0.804,0.003,0.592,0.003 
  6288543,19314672+4138277 ,12.39, 0,0,-999.00, 2.31, 0.01, -999, -999,0.201,0.005,0.696,0.003,0.924,0.007,0.787,0.006,0.724,0.007 
  6289002,19322353+4137150 ,12.43, 0,1,-999.00, 3.02, 0.01, -999, -999,0.175,0.001,0.642,0.006,0.896,0.008,0.750,0.008,0.627,0.069 
  6289417,19325667+4140272 ,11.91, 0,0,-999.00, 2.41, 0.01, -999, -999, -999, -999, -999, -999, -999, -999, -999, -999, -999, -999 
  6289756,19331993+4139059 ,11.92, 0,0,-999.00, 2.51, 0.01, -999, -999, -999, -999, -999, -999, -999, -999, -999, -999, -999, -999 
  6290000,19333655+4136478 ,12.03, 0,2,-999.00, 2.40, 0.01, -999, -999,0.215,0.001,0.700,0.003,0.887,0.006,0.720,0.007,0.566,0.005 
  6290632,19342298+4140090 ,11.22, 0,0,-999.00, 2.42, 0.01, -999, -999,0.207,0.001,0.543,0.005,0.859,0.009,0.784,0.007,0.581,0.005 
  6292128,19360418+4136303 ,11.41, 0,2,-999.00, 2.40, 0.01, -999, -999,0.137,0.001,0.605,0.005,0.858,0.006,0.768,0.005,0.547,0.007 
  6292598,19363594+4138358 ,12.22, 0,1,-999.00, 2.53, 0.01, -999, -999,0.242,0.004,0.660,0.006,0.896,0.008,0.750,0.006,0.585,0.006 
  6294708,19385651+4139505 ,11.35, 0,2,-999.00, 2.50, 0.01, -999, -999, -999, -999, -999, -999, -999, -999, -999, -999, -999, -999 
  6295047,19391932+4140231 ,10.68, 0,1,-999.00, 3.39, 0.01, -999, -999,0.199,0.004,0.587,0.005,0.867,0.003,0.774,0.003,0.617,0.003 
  6302852,19465188+4140126 ,12.39, 0,0,-999.00, 2.73, 0.01, -999, -999, -999, -999, -999, -999, -999, -999, -999, -999, -999, -999 
  6304081,19475533+4138546 , 8.88, 0,2,-999.00, 2.72, 0.01, -999, -999, -999, -999, -999, -999, -999, -999, -999, -999, -999, -999 
  6304676,19482558+4139121 ,10.64, 0,1,-999.00, 2.87, 0.01, -999, -999, -999, -999, -999, -999, -999, -999, -999, -999, -999, -999 
  6304895,19483629+4139134 ,11.74, 0,2,-999.00, 2.60, 0.01, -999, -999, -999, -999, -999, -999, -999, -999, -999, -999, -999, -999 
  6305709,19491731+4137234 ,11.39, 0,2,-999.00, 2.45, 0.01, -999, -999, -999, -999, -999, -999, -999, -999, -999, -999, -999, -999 
  6307537,19510170+4140496 ,11.75, 4,0,-999.00,-999.00,-999.00, -999, -999,0.395,0.004,0.648,0.001,0.887,0.005,0.787,0.005,0.704,0.006 
  6307578,19510471+4141161 ,10.43, 0,2,-999.00, 2.45, 0.01, -999, -999, -999, -999, -999, -999, -999, -999, -999, -999, -999, -999 
  6309307,19524727+4139016 ,12.36, 0,2,-999.00, 2.78, 0.01, -999, -999, -999, -999, -999, -999, -999, -999, -999, -999, -999, -999 
  6309488,19525688+4136381 ,11.34, 0,2,-999.00, 2.68, 0.01, -999, -999,0.100,0.003,0.655,0.004,0.878,0.010,0.697,0.008,0.561,0.009 
  6312478,19553002+4137168 ,11.40, 0,1,-999.00, 2.70, 0.01, -999, -999,0.119,0.003,0.517,0.006,0.873,0.020,0.745,0.021,0.502,0.007 
  6312503,19553103+4138074 ,11.47, 0,2,-999.00, 2.77, 0.01, -999, -999,0.134,0.001,0.607,0.006,0.868,0.012,0.716,0.012,0.502,0.028 
  6341990,18504890+4143597 ,11.97, 0,1,-999.00, 3.01, 0.01, -999, -999,0.167,0.001,0.526,0.004,0.873,0.007,0.779,0.006,0.586,0.005 
  6344499,18555124+4144292 ,12.08, 0,2,-999.00, 2.39, 0.01, -999, -999,0.180,0.003,0.768,0.005,0.913,0.007,0.721,0.007,0.616,0.007 
  6345456,18574234+4142021 ,10.85, 0,1,-999.00, 3.02, 0.01, -999, -999, -999, -999, -999, -999, -999, -999, -999, -999, -999, -999 
  6345474,18574558+4143206 ,11.08, 0,2,-999.00, 2.42, 0.01, -999, -999, -999, -999, -999, -999, -999, -999, -999, -999, -999, -999 
  6350802,19080264+4143360 , 8.09, 4,0,-999.00, 2.67, 0.01, -999, -999, -999, -999, -999, -999, -999, -999, -999, -999, -999, -999 
  6352407,19105604+4146014 ,12.18, 0,1,-999.00, 3.29, 0.01, -999, -999,0.161,0.003,0.547,0.008,0.874,0.011,0.793,0.010,0.605,0.013 
  6356038,19163852+4143274 ,12.35, 0,2,-999.00, 2.49, 0.01, -999, -999, -999, -999, -999, -999, -999, -999, -999, -999, -999, -999 
  6356581,19172456+4146275 ,10.84, 0,2,-999.00, 2.97, 0.01, -999, -999, -999, -999, -999, -999, -999, -999, -999, -999, -999, -999 
  6357879,19185998+4144505 ,11.63, 0,2,-999.00, 2.55, 0.01, -999, -999,0.148,0.002,0.710,0.008,0.892,0.012,0.737,0.010,0.568,0.013 
  6358280,19193338+4144565 , 9.68, 0,2,-999.00, 2.44, 0.01, -999, -999, -999, -999, -999, -999, -999, -999, -999, -999, -999, -999 
  6358455,19194620+4144412 ,12.05, 0,0,-999.00, 2.75, 0.01, -999, -999, -999, -999, -999, -999,0.842,0.010,0.806,0.009,0.530,0.033 
  6359454,19210192+4147556 ,12.18, 0,1,-999.00, 3.08, 0.01, -999, -999,0.172,0.003,0.643,0.023,0.892,0.015,0.805,0.013,0.666,0.012 
  6359688,19211717+4147053 ,10.56, 0,2,-999.00, 2.43, 0.01, -999, -999, -999, -999, -999, -999, -999, -999, -999, -999, -999, -999 
  6359890,19213266+4145010 ,11.81, 0,1,-999.00, 2.89, 0.01, -999, -999,0.158,0.002,0.583,0.008,0.877,0.005,0.753,0.006,0.575,0.016 
  6363014,19255542+4147171 ,12.21, 0,2,-999.00, 2.46, 0.01, -999, -999,0.187,0.002,0.577,0.011,0.836,0.009,0.672,0.010,0.477,0.004 
  6363090,19260208+4142358 ,10.71, 0,2,-999.00, 2.54, 0.01, -999, -999,0.160,0.008,0.674,0.004,0.881,0.005,0.759,0.005,0.571,0.006 
  6363181,19260821+4142468 ,10.11, 0,1,-999.00, 2.35, 0.01, -999, -999,0.149,0.003,0.614,0.005,0.885,0.022,0.761,0.019,0.574,0.014 
  6363338,19262018+4146238 ,12.31, 0,2,-999.00, 2.51, 0.01, -999, -999,0.147,0.004,0.642,0.015,0.873,0.009,0.707,0.007,0.526,0.007 
  6365511,19291040+4147169 ,11.27, 0,1,-999.00, 2.80, 0.01, -999, -999,0.199,0.004,0.628,0.006,0.913,0.024,0.770,0.025,0.644,0.028 
  6365867,19293614+4147185 ,11.80, 0,2,-999.00, 2.35, 0.01, -999, -999,0.153,0.002,0.723,0.016,0.891,0.002,0.761,0.002,0.629,0.003 
  6367815,19321106+4143342 ,12.14, 0,2,-999.00, 2.53, 0.01, -999, -999,0.161,0.002,0.639,0.003,0.863,0.007,0.768,0.005,0.585,0.012 
  6368800,19332112+4142328 ,10.79, 0,2,-999.00, 2.61, 0.01, -999, -999,0.166,0.002,0.637,0.005,0.866,0.006,0.773,0.005,0.587,0.007 
  6368959,19333162+4146595 ,12.14, 0,1,-999.00, 2.36, 0.01, -999, -999,0.134,0.001,0.616,0.007,0.844,0.015,0.780,0.018,0.614,0.009 
  6370249,19350350+4143017 ,11.97, 0,2,-999.00, 2.37, 0.01, -999, -999,0.202,0.002,0.578,0.008,0.849,0.013,0.771,0.013,0.549,0.010 
  6371008,19355858+4144575 ,12.00, 0,2,-999.00, 2.38, 0.01, -999, -999, -999, -999, -999, -999,0.871,0.005,0.712,0.005,0.543,0.011 
  6371141,19360762+4146588 ,11.31, 0,2,-999.00, 2.77, 0.01, -999, -999, -999, -999,0.671,0.016,0.847,0.009,0.712,0.009,0.525,0.007 
  6371980,19370638+4144203 , 9.30, 2,0, 95.00, 2.68, 0.01, -999, -999,0.166,0.002,0.659,0.004,0.855,0.009,0.745,0.007,0.546,0.009 
  6372268,19372548+4146378 ,11.45, 1,0,  5.22,-999.00,-999.00, -999, -999, -999, -999, -999, -999,0.847,0.010,0.957,0.010,0.784,0.006 
  6372328,19372957+4146226 ,11.30, 0,2,-999.00, 2.53, 0.01, -999, -999,0.140,0.003,0.648,0.006,0.869,0.011,0.762,0.010,0.551,0.007 
  6373278,19383369+4147300 ,11.25, 0,2,-999.00, 2.55, 0.01, -999, -999, -999, -999, -999, -999, -999, -999, -999, -999, -999, -999 
  6380975,19461720+4145598 ,11.67, 0,1,-999.00, 3.09, 0.01, -999, -999,0.227,0.003,0.554,0.004,0.873,0.009,0.768,0.008,0.580,0.009 
  6381328,19463720+4145068 ,12.47, 0,1,-999.00, 3.05, 0.01, -999, -999,0.227,0.002,0.558,0.005,0.870,0.008,0.770,0.009,0.574,0.014 
  6383953,19485822+4143053 ,11.86, 0,2,-999.00, 2.88, 0.01, -999, -999, -999, -999, -999, -999, -999, -999, -999, -999, -999, -999 
  6384492,19492733+4146438 ,10.02, 0,0,-999.00, 2.41, 0.01, -999, -999, -999, -999, -999, -999, -999, -999, -999, -999, -999, -999 
  6385325,19501497+4142095 ,10.69, 0,2,-999.00, 2.63, 0.01, -999, -999,0.148,0.003,0.637,0.012,0.866,0.006,0.771,0.005,0.534,0.009 
  6385953,19505726+4146269 ,10.49, 0,0,-999.00, 2.85, 0.01, -999, -999, -999, -999, -999, -999, -999, -999, -999, -999, -999, -999 
  6389421,19540055+4142276 ,12.34, 0,1,-999.00, 3.22, 0.01, -999, -999,0.152,0.003,0.605,0.004,0.912,0.006,0.721,0.007,0.602,0.006 
  6391933,19560561+4146000 ,11.20, 0,1,-999.00, 3.15, 0.01, -999, -999, -999, -999, -999, -999, -999, -999, -999, -999, -999, -999 
  6418912,18465298+4152202 ,11.57, 2,0, 90.00, 2.38, 0.01, -999, -999,0.212,0.002, -999, -999,0.823,0.003,0.761,0.003,0.522,0.003 
  6422994,18550344+4153087 ,11.90, 0,2,-999.00, 2.55, 0.01, -999, -999,0.164,0.002,0.720,0.003,0.883,0.005,0.740,0.004,0.586,0.004 
  6423690,18562944+4153250 ,11.04, 0,2,-999.00, 2.44, 0.01, -999, -999,0.166,0.002,0.692,0.005,0.903,0.007,0.726,0.007,0.580,0.006 
  6424157,18572604+4153384 ,11.54, 0,1,-999.00, 2.91, 0.01, -999, -999, -999, -999, -999, -999,0.877,0.009,0.715,0.009,0.574,0.010 
  6425301,18594626+4152101 ,11.52, 0,1,-999.00, 2.68, 0.01, -999, -999,0.150,0.002,0.539,0.004,0.862,0.003,0.784,0.003,0.590,0.004 
  6428974,19064536+4149347 ,11.23, 0,2,-999.00, 2.52, 0.01, -999, -999, -999, -999, -999, -999, -999, -999, -999, -999, -999, -999 
  6429457,19073668+4152330 ,11.28, 0,2,-999.00, 2.28, 0.01, -999, -999,0.122,0.005,0.632,0.006,0.874,0.007,0.782,0.005,0.555,0.006 
  6430534,19093545+4153417 ,11.30, 2,2, 58.00, 2.35, 0.01, -999, -999,0.113,0.001,0.577,0.002,0.845,0.010,0.749,0.009,0.561,0.008 
  6430834,19100689+4153510 ,10.67, 0,2,-999.00, 2.48, 0.01, -999, -999, -999, -999, -999, -999, -999, -999, -999, -999, -999, -999 
  6430841,19100719+4153453 ,11.16, 0,2,-999.00, 2.39, 0.01, -999, -999, -999, -999, -999, -999, -999, -999, -999, -999, -999, -999 
  6431673,19113268+4153433 ,11.55,24,0,-999.00, 2.40, 0.01, -999, -999,0.178,0.002,0.607,0.004,0.864,0.009,0.748,0.008,0.542,0.008 
  6431941,19115925+4153351 ,11.66, 0,0,-999.00, 2.22, 0.01, -999, -999,0.141,0.001,0.583,0.002,0.897,0.009,0.769,0.009,0.564,0.007 
  6437547,19200956+4148050 ,12.21, 0,1,-999.00, 3.07, 0.01, -999, -999,0.193,0.002,0.645,0.006,0.892,0.009,0.790,0.009,0.662,0.006 
  6441869,19255337+4151357 ,12.25, 0,0,-999.00, 2.51, 0.01, -999, -999, -999, -999, -999, -999, -999, -999, -999, -999, -999, -999 
  6443407,19275986+4151300 ,12.05, 0,1,-999.00, 2.77, 0.01, -999, -999,0.167,0.001,0.653,0.005,0.900,0.008,0.758,0.007,0.627,0.008 
  6444595,19293729+4150132 ,11.81, 0,1,-999.00, 2.21, 0.01, -999, -999,0.157,0.002,0.617,0.004,0.872,0.007,0.787,0.006,0.570,0.005 
  6444657,19294177+4150396 ,12.43, 4,0,-999.00, 2.52, 0.01, -999, -999,0.198,0.002,0.718,0.006,0.910,0.007,0.748,0.006,0.623,0.009 
  6445497,19304751+4151063 ,12.22, 0,2,-999.00, 2.48, 0.01, -999, -999,0.169,0.002,0.746,0.005,0.896,0.005,0.749,0.005,0.592,0.006 
  6446468,19315982+4152599 ,10.56, 0,2,-999.00, 2.61, 0.01, -999, -999,0.177,0.004,0.648,0.007,0.882,0.007,0.785,0.007,0.672,0.007 
  6447237,19325835+4152305 ,12.43, 3,1,140.00, 3.14, 0.01, -999, -999,0.209,0.003,0.644,0.006,0.891,0.011,0.761,0.013,0.669,0.005 
  6447817,19334137+4153587 ,10.02, 0,2,-999.00, 2.41, 0.01, -999, -999,0.172,0.002,0.676,0.004,0.876,0.006,0.773,0.004,0.577,0.006 
  6448010,19335529+4149431 ,11.59, 0,2,-999.00, 2.44, 0.01, -999, -999,0.178,0.002,0.632,0.005,0.888,0.006,0.791,0.007,0.660,0.008 
  6448230,19341126+4151437 ,11.94, 0,2,-999.00, 2.61, 0.01, -999, -999, -999, -999, -999, -999, -999, -999, -999, -999, -999, -999 
  6448890,19350200+4152187 ,12.44, 0,1,-999.00, 3.30, 0.01, -999, -999, -999, -999, -999, -999, -999, -999, -999, -999, -999, -999 
  6450549,19370065+4151122 ,12.29, 0,2,-999.00, 2.40, 0.01, -999, -999,0.109,0.003,0.625,0.004,0.869,0.004,0.755,0.003,0.551,0.004 
  6450613,19370538+4149198 ,10.69, 0,2,-999.00, 2.88, 0.01, -999, -999,0.247,0.004,0.626,0.003,0.850,0.036,0.697,0.035,0.550,0.004 
  6451099,19373937+4153337 ,11.47, 0,0,-999.00, 2.50, 0.01, -999, -999,0.152,0.002,0.579,0.015,0.846,0.004,0.772,0.003,0.544,0.022 
  6451238,19374791+4150054 ,11.70, 2,0,137.00, 2.39, 0.01, -999, -999, -999, -999, -999, -999, -999, -999, -999, -999, -999, -999 
  6452312,19390221+4152223 ,12.41, 0,0,-999.00, 2.53, 0.01, -999, -999,0.171,0.002,0.571,0.005,0.853,0.004,0.789,0.004,0.561,0.006 
  6462755,19491374+4150473 ,10.44, 4,0,-999.00, 2.39, 0.01, -999, -999, -999, -999, -999, -999, -999, -999, -999, -999, -999, -999 
  6465075,19512404+4149284 ,10.05, 0,1,-999.00, 2.84, 0.01, -999, -999, -999, -999, -999, -999, -999, -999, -999, -999, -999, -999 
  6465610,19515130+4152493 ,11.37, 0,2,-999.00, 2.51, 0.01, -999, -999,0.217,0.001,0.721,0.004,0.891,0.006,0.735,0.006,0.582,0.004 
  6467408,19532680+4151395 ,12.11, 0,1,-999.00, 3.02, 0.01, -999, -999,0.160,0.003,0.641,0.005,0.908,0.007,0.733,0.007,0.600,0.009 
  6467788,19534513+4152189 ,12.00, 0,1,-999.00, 3.10, 0.01, -999, -999,0.154,0.003,0.577,0.008,0.882,0.013,0.753,0.012,0.580,0.007 
  6468112,19540198+4151496 , 9.70, 6,0,-999.00, 2.72, 0.01, -999, -999,0.185,0.001,0.739,0.006,0.890,0.009,0.707,0.007,0.562,0.008 
  6468506,19542196+4153348 ,12.40, 0,2,-999.00, 2.34, 0.01, -999, -999,0.110,0.004,0.658,0.007,0.888,0.010,0.726,0.007,0.571,0.006 
  6470149,19554755+4148437 ,12.26, 4,0,-999.00, 3.00, 0.01, -999, -999, -999, -999, -999, -999, -999, -999, -999, -999, -999, -999 
  6500038,18522431+4157010 ,12.11, 0,0,-999.00, 2.60, 0.01, -999, -999,0.119,0.003,0.562,0.002,0.875,0.004,0.769,0.004,0.563,0.003 
  6501237,18543598+4155476 ,12.09, 8,0,-999.00, 2.70, 0.01, -999, -999, -999, -999, -999, -999, -999, -999, -999, -999, -999, -999 
  6501869,18554547+4159579 ,12.29, 0,2,-999.00, 2.43, 0.01, -999, -999, -999, -999, -999, -999, -999, -999, -999, -999, -999, -999 
  6502831,18572894+4159159 ,11.50, 0,2,-999.00, 2.35, 0.01, -999, -999,0.154,0.003,0.786,0.005,0.918,0.006,0.717,0.005,0.632,0.006 
  6505025,19013837+4159020 ,11.90, 0,2,-999.00, 2.44, 0.01, -999, -999,0.187,0.002,0.638,0.006,0.863,0.010,0.765,0.009,0.533,0.008 
  6508300,19073657+4159079 ,12.43, 0,2,-999.00, 2.45, 0.01, -999, -999, -999, -999, -999, -999, -999, -999, -999, -999, -999, -999 
  6508328,19073954+4158012 ,11.69, 0,2,-999.00, 2.49, 0.01, -999, -999, -999, -999, -999, -999, -999, -999, -999, -999, -999, -999 
  6508943,19084335+4159053 ,11.59, 0,2,-999.00, 2.44, 0.01, -999, -999,0.112,0.001,0.587,0.008,0.847,0.010,0.778,0.008,0.545,0.010 
  6508967,19084529+4158311 ,11.69, 0,2,-999.00, 2.50, 0.01, -999, -999,0.151,0.003,0.686,0.007,0.882,0.007,0.769,0.007,0.620,0.006 
  6510183,19105354+4159080 , 9.07, 0,1,-999.00, 2.83, 0.01, -999, -999,0.157,0.002,0.591,0.005,0.881,0.009,0.779,0.009,0.599,0.007 
  6515614,19184856+4158566 ,12.12, 0,2,-999.00, 2.49, 0.01, -999, -999,0.104,0.003,0.629,0.011,0.856,0.006,0.799,0.006,0.599,0.007 
  6516242,19193683+4156239 ,12.06, 0,2,-999.00, 2.56, 0.01, -999, -999,0.154,0.002,0.701,0.008,0.897,0.062,0.739,0.047,0.583,0.004 
  6516800,19201720+4158199 ,10.91, 2,2, 54.00, 2.70, 0.01, -999, -999,0.223,0.003,0.753,0.004,0.901,0.010,0.714,0.009,0.606,0.059 
  6520965,19252638+4157500 ,12.09, 0,2,-999.00, 2.37, 0.01, -999, -999,0.163,0.003,0.727,0.008,0.898,0.002,0.737,0.001,0.578,0.011 
  6521094,19253607+4155045 ,11.34, 0,0,-999.00, 2.57, 0.01, -999, -999, -999, -999, -999, -999, -999, -999, -999, -999, -999, -999 
  6521501,19260402+4156376 ,12.05, 0,0,-999.00, 2.28, 0.01, -999, -999,0.135,0.004,0.596,0.001,0.871,0.004,0.774,0.004,0.548,0.002 
  6521522,19260540+4156109 ,11.87, 0,1,-999.00, 2.86, 0.01, -999, -999,0.154,0.003,0.552,0.003,0.878,0.018,0.785,0.013,0.574,0.005 
  6522553,19272692+4156404 ,11.11, 0,1,-999.00, 2.65, 0.01, -999, -999,0.162,0.002,0.585,0.006,0.870,0.006,0.778,0.005,0.598,0.009 
  6522973,19275881+4154266 ,11.80, 1,0, 30.30,-999.00,-999.00, -999, -999,0.424,0.000,0.579,0.012,0.864,0.008,0.793,0.007,0.609,0.005 
  6525150,19304868+4159486 ,12.37, 0,2,-999.00, 2.43, 0.01, -999, -999, -999, -999, -999, -999, -999, -999, -999, -999, -999, -999 
  6526377,19321915+4156518 ,11.81, 4,0,-999.00, 2.41, 0.01, -999, -999, -999, -999, -999, -999, -999, -999, -999, -999, -999, -999 
  6527211,19331912+4157188 ,11.24, 0,2,-999.00, 2.38, 0.01, -999, -999,0.187,0.002,0.683,0.004,0.901,0.009,0.772,0.007,0.650,0.005 
  6528048,19342170+4157341 ,11.49, 0,2,-999.00, 2.41, 0.01, -999, -999, -999, -999, -999, -999, -999, -999, -999, -999, -999, -999 
  6528474,19345641+4157482 ,11.49, 0,0,-999.00, 2.62, 0.01, -999, -999, -999, -999, -999, -999, -999, -999, -999, -999, -999, -999 
  6528720,19351438+4155227 ,10.01, 0,2,-999.00, 2.56, 0.01, -999, -999, -999, -999, -999, -999, -999, -999, -999, -999, -999, -999 
  6528816,19352224+4156183 ,11.99, 0,0,-999.00, 2.34, 0.01, -999, -999,0.179,0.002,0.578,0.003,0.854,0.004,0.759,0.004,0.570,0.017 
  6528942,19353006+4159579 ,11.54, 0,2,-999.00, 2.51, 0.01, -999, -999,0.168,0.002,0.706,0.003,0.890,0.006,0.738,0.006,0.600,0.004 
  6530065,19364753+4156217 ,11.32, 3,0, 75.00, 2.93, 0.01, -999, -999, -999, -999,0.569,0.007,0.853,0.013,0.704,0.011,0.565,0.009 
  6531550,19382546+4159266 ,10.91, 0,2,-999.00, 2.56, 0.01, -999, -999,0.169,0.003,0.720,0.005,0.871,0.005,0.693,0.005,0.543,0.008 
  6535400,19422713+4157256 ,11.39, 0,1,-999.00, 2.85, 0.01, -999, -999, -999, -999, -999, -999,0.850,0.006,0.787,0.005,0.538,0.006 
  6535641,19424036+4159306 ,12.39, 2,0, 64.00, 2.43, 0.01, -999, -999,0.193,0.002,0.645,0.004,0.862,0.009,0.740,0.010,0.563,0.005 
  6543282,19494743+4154113 ,10.73, 0,2,-999.00, 2.45, 0.01, -999, -999,0.161,0.002,0.614,0.004,0.856,0.006,0.777,0.006,0.538,0.011 
  6545726,19515122+4157158 ,11.09, 2,1, 75.00, 3.23, 0.01, -999, -999,0.235,0.004,0.662,0.007,0.893,0.008,0.723,0.006,0.603,0.005 
  6546685,19524068+4157224 ,12.42, 0,1,-999.00, 3.13, 0.01, -999, -999,0.200,0.002,0.623,0.010,0.896,0.013,0.710,0.012,0.588,0.011 
  6547007,19525719+4158129 ,10.42, 0,0,-999.00, 2.48, 0.01, -999, -999, -999, -999, -999, -999, -999, -999, -999, -999, -999, -999 
  6550823,19560536+4158316 ,10.86, 0,0,-999.00, 2.56, 0.01, -999, -999,0.154,0.003,0.596,0.011,0.900,0.006,0.753,0.005,0.595,0.014 
  6579495,18455933+4202516 ,11.86, 0,1,-999.00, 2.84, 0.01, -999, -999,0.154,0.002,0.613,0.002,0.878,0.004,0.766,0.003,0.587,0.002 
  6579647,18461920+4201526 ,10.69, 0,1,-999.00, 2.39, 0.01, -999, -999,0.155,0.001,0.681,0.005,0.900,0.006,0.751,0.005,0.588,0.006 
  6579998,18470411+4205258 ,11.42, 0,2,-999.00, 2.41, 0.01, -999, -999,0.157,0.001,0.758,0.004,0.915,0.005,0.717,0.005,0.610,0.004 
  6580435,18475965+4201536 ,11.33, 0,2,-999.00, 2.39, 0.01, -999, -999,0.167,0.003,0.652,0.005,0.875,0.017,0.770,0.015,0.570,0.012 
  6580479,18480497+4201381 ,11.83, 0,0,-999.00, 2.46, 0.01, -999, -999, -999, -999,0.627,0.010,0.891,0.008,0.728,0.006,0.587,0.060 
  6586554,18585846+4205103 ,11.92, 0,2,-999.00, 2.65, 0.01, -999, -999,0.142,0.001,0.635,0.003,0.860,0.005,0.756,0.004,0.544,0.005 
  6590195,19053056+4203223 ,12.30, 3,1, 92.00, 2.96, 0.01, -999, -999,0.226,0.004,0.542,0.007,0.858,0.029,0.767,0.029,0.587,0.010 
  6590363,19054877+4205008 ,11.01, 0,0,-999.00, 2.36, 0.01, -999, -999,0.141,0.001,0.593,0.003,0.862,0.004,0.779,0.005,0.565,0.011 
  6590381,19055078+4204545 ,12.29, 2,2, 95.00, 2.66, 0.01, -999, -999,0.241,0.002,0.703,0.005,0.889,0.006,0.719,0.006,0.628,0.005 
  6591027,19065794+4200310 ,11.90, 0,0,-999.00, 2.65, 0.01, -999, -999,0.131,0.002,0.597,0.005,0.858,0.010,0.783,0.010,0.551,0.006 
  6591336,19072746+4204105 ,11.64, 0,0,-999.00, 2.28, 0.01, -999, -999,0.074,0.003, -999, -999,0.832,0.005,0.809,0.005,0.547,0.006 
  6593240,19103277+4203166 ,10.91, 0,2,-999.00, 2.40, 0.01, -999, -999, -999, -999,0.661,0.014,0.368,0.006,0.725,0.005,0.512,0.007 
  6593623,19110642+4200067 ,11.61, 0,1,-999.00, 2.48, 0.01, -999, -999,0.132,0.002,0.596,0.005,0.879,0.007,0.792,0.007,0.586,0.008 
  6593627,19110689+4204527 ,12.36, 0,2,-999.00, 2.47, 0.01, -999, -999,0.185,0.003,0.735,0.005,0.896,0.038,0.723,0.039,0.602,0.036 
  6594505,19122732+4202304 ,11.66, 0,2,-999.00, 2.46, 0.01, -999, -999,0.152,0.001,0.698,0.006,0.890,0.004,0.730,0.004,0.566,0.008 
  6595263,19133497+4200471 ,12.11, 0,2,-999.00, 2.77, 0.01, -999, -999,0.140,0.004,0.700,0.008,0.916,0.009,0.748,0.007,0.582,0.009 
  6599955,19193841+4205103 ,11.62, 0,0,-999.00, 2.80, 0.01, -999, -999,0.185,0.003,0.759,0.006,0.877,0.009,0.678,0.007,0.522,0.007 
  6604616,19252415+4200338 ,12.25, 0,2,-999.00, 2.37, 0.01, -999, -999,0.121,0.003,0.648,0.006, -999, -999, -999, -999,0.550,0.006 
  6605413,19261982+4202225 ,10.97, 0,1,-999.00, 2.31, 0.01, -999, -999, -999, -999, -999, -999, -999, -999, -999, -999, -999, -999 
  6606106,19271679+4202000 ,11.66, 0,2,-999.00, 2.41, 0.01, -999, -999,0.141,0.002,0.671,0.007,0.879,0.010,0.747,0.009,0.607,0.010 
  6606484,19274463+4203023 ,12.33, 0,1,-999.00, 3.21, 0.01, -999, -999, -999, -999, -999, -999, -999, -999, -999, -999, -999, -999 
  6606669,19275835+4202573 ,12.03, 4,0,-999.00, 2.35, 0.01, -999, -999, -999, -999, -999, -999, -999, -999, -999, -999, -999, -999 
  6606904,19281499+4205159 ,11.83, 0,2,-999.00, 2.57, 0.01, -999, -999,0.160,0.002,0.722,0.007,0.904,0.008,0.716,0.008,0.584,0.007 
  6607484,19285705+4203170 ,11.98, 0,1,-999.00, 2.24, 0.01, -999, -999, -999, -999,0.596,0.006,0.870,0.010,0.776,0.008,0.578,0.008 
  6607814,19292073+4205365 , 8.48, 0,2,-999.00, 2.73, 0.01, -999, -999, -999, -999, -999, -999, -999, -999, -999, -999, -999, -999 
  6610188,19320388+4204219 ,11.76, 0,0,-999.00, 2.67, 0.01, -999, -999,0.168,0.003,0.627,0.007,0.873,0.009,0.769,0.010,0.588,0.009 
  6610354,19321564+4202581 , 9.31, 0,2,-999.00, 2.59, 0.01, -999, -999,0.235,0.002,0.733,0.004,0.870,0.005,0.720,0.004,0.578,0.005 
  6610828,19324780+4201402 ,11.71, 0,2,-999.00, 2.45, 0.01, -999, -999,0.269,0.002,0.663,0.004,0.883,0.008,0.794,0.009,0.674,0.003 
  6612293,19342645+4202297 ,11.14, 0,0,-999.00, 2.54, 0.01, -999, -999,0.146,0.003,0.640,0.007,0.887,0.011,0.788,0.011,0.631,0.009 
  6613246,19353174+4202065 ,12.16, 0,0,-999.00, 2.45, 0.01, -999, -999, -999, -999, -999, -999, -999, -999, -999, -999, -999, -999 
  6614588,19365720+4205266 ,11.22, 0,2,-999.00, 2.52, 0.01, -999, -999, -999, -999,0.628,0.009,0.857,0.008,0.742,0.008,0.564,0.012 
  6615504,19375668+4205397 ,12.34, 0,2,-999.00, 2.68, 0.01, -999, -999,0.110,0.001,0.558,0.004,0.845,0.010,0.774,0.008,0.537,0.006 
  6619177,19414319+4205586 ,11.38, 0,2,-999.00, 2.43, 0.01, -999, -999,0.185,0.003,0.680,0.012,0.866,0.011,0.744,0.011,0.587,0.018 
  6619631,19420862+4202277 ,11.13, 0,2,-999.00, 2.60, 0.01, -999, -999,0.130,0.001,0.668,0.005,0.870,0.004,0.739,0.005,0.549,0.007 
  6620367,19425004+4202014 ,11.25, 0,2,-999.00, 2.88, 0.01, -999, -999,0.171,0.003,0.622,0.005,0.856,0.007,0.725,0.008,0.539,0.007 
  6620507,19425724+4205382 ,12.29, 0,2,-999.00, 3.18, 0.01, -999, -999,0.172,0.003,0.664,0.005,0.914,0.008,0.697,0.007,0.587,0.006 
  6627543,19491282+4201436 ,12.46, 2,2,106.00, 3.00, 0.01, -999, -999,0.207,0.004,0.665,0.006,0.874,0.006,0.732,0.006,0.591,0.007 
  6627606,19491672+4202213 , 9.17, 2,0, 13.80, 2.38, 0.01, -999, -999, -999, -999, -999, -999, -999, -999, -999, -999, -999, -999 
  6628766,19502076+4201154 ,12.24, 0,2,-999.00, 2.66, 0.01, -999, -999,0.249,0.002,0.740,0.005,0.889,0.006,0.680,0.006,0.603,0.007 
  6629177,19504202+4205063 ,11.40, 0,0,-999.00, 2.63, 0.01, -999, -999,0.145,0.003,0.590,0.006,0.885,0.008,0.800,0.008,0.571,0.007 
  6629205,19504375+4204210 , 9.27, 0,2,-999.00, 2.47, 0.01, -999, -999, -999, -999, -999, -999, -999, -999, -999, -999, -999, -999 
  6632882,19533792+4203457 ,11.78, 0,2,-999.00, 2.83, 0.01, -999, -999, -999, -999, -999, -999, -999, -999, -999, -999, -999, -999 
  6664431,18451278+4208537 ,10.51, 0,2,-999.00, 2.83, 0.01, -999, -999,0.159,0.002,0.707,0.004,0.879,0.007,0.734,0.006,0.573,0.005 
  6664950,18462046+4207593 ,11.92, 0,2,-999.00, 2.50, 0.01, -999, -999,0.135,0.002,0.647,0.010,0.898,0.011,0.755,0.011,0.579,0.012 
  6665058,18463498+4208233 ,11.49, 0,1,-999.00, 2.93, 0.01, -999, -999,0.153,0.002,0.555,0.003,0.884,0.004,0.770,0.004,0.595,0.004 
  6665526,18473766+4206054 ,11.25, 0,1,-999.00, 3.26, 0.01, -999, -999,0.184,0.002,0.667,0.006,0.897,0.006,0.718,0.005,0.613,0.006 
  6666011,18484178+4206069 , 9.60, 0,2,-999.00, 2.49, 0.01, -999, -999,0.144,0.001,0.643,0.003,0.863,0.005,0.759,0.004,0.555,0.005 
  6676083,19064006+4211186 ,12.30, 2,0, 31.60, 2.00, 0.03, -999, -999,0.229,0.001,0.621,0.003,0.878,0.004,0.727,0.003,0.586,0.005 
  6676125,19064459+4209479 ,12.37, 0,1,-999.00, 3.15, 0.01, -999, -999,0.180,0.003,0.615,0.003,0.897,0.004,0.739,0.004,0.616,0.004 
  6676788,19074870+4210565 ,12.05, 0,2,-999.00, 2.38, 0.01, -999, -999,0.134,0.002,0.713,0.003,0.903,0.004,0.736,0.004,0.583,0.005 
  6676885,19075775+4207339 ,12.34, 0,2,-999.00, 2.45, 0.01, -999, -999, -999, -999,0.595,0.003,0.851,0.008,0.774,0.007,0.558,0.004 
  6677387,19084735+4206565 ,12.44, 0,2,-999.00, 2.39, 0.01, -999, -999,0.188,0.001,0.756,0.004,0.909,0.006,0.720,0.005,0.606,0.005 
  6677653,19091332+4209209 ,10.84, 0,2,-999.00, 2.77, 0.01, -999, -999,0.149,0.002,0.671,0.006,0.871,0.008,0.753,0.007,0.569,0.008 
  6678328,19102055+4209034 ,12.43, 2,0, 27.80, 2.39, 0.01, -999, -999,0.221,0.003,0.714,0.011,0.905,0.008,0.728,0.007,0.619,0.017 
  6678428,19103001+4211047 ,11.39, 0,2,-999.00, 2.45, 0.01, -999, -999, -999, -999, -999, -999, -999, -999, -999, -999, -999, -999 
  6678432,19103023+4207458 ,10.72, 0,0,-999.00, 2.65, 0.01, -999, -999,0.149,0.003,0.542,0.006,0.867,0.005,0.799,0.005,0.585,0.009 
  6678472,19103523+4211192 ,11.29, 0,1,-999.00, 3.01, 0.01, -999, -999,0.185,0.003,0.675,0.008,0.896,0.017,0.735,0.016,0.607,0.013 
  6679278,19114612+4211592 ,12.18, 0,2,-999.00, 2.45, 0.01, -999, -999,0.139,0.003,0.605,0.008,0.863,0.005,0.756,0.004,0.550,0.012 
  6680386,19131951+4208562 ,11.24, 0,2,-999.00, 2.39, 0.01, -999, -999,0.162,0.003,0.718,0.006,0.889,0.010,0.730,0.010,0.567,0.009 
  6681414,19144957+4209355 ,11.38, 0,0,-999.00, 2.51, 0.01, -999, -999,0.144,0.001,0.606,0.007,0.882,0.010,0.767,0.010,0.559,0.010 
  6681465,19145375+4211151 ,12.35, 0,2,-999.00, 2.43, 0.01, -999, -999,0.180,0.004,0.650,0.006,0.870,0.012,0.748,0.011,0.532,0.010 
  6681565,19150115+4210347 ,12.28, 0,2,-999.00, 2.77, 0.01, -999, -999,0.133,0.001,0.559,0.003,0.850,0.004,0.774,0.004,0.545,0.004 
  6688318,19232207+4210592 ,10.96, 2,2,150.00, 2.90, 0.01, -999, -999,0.200,0.002,0.666,0.007,0.876,0.009,0.723,0.009,0.589,0.009 
  6688580,19234117+4206085 ,12.36, 0,2,-999.00, 2.48, 0.01, -999, -999,0.178,0.004,0.724,0.008,0.877,0.016,0.731,0.015,0.574,0.010 
  6690139,19253918+4211134 ,11.67, 0,1,-999.00, 2.98, 0.01, -999, -999,0.211,0.003,0.679,0.006,0.900,0.008,0.742,0.007,0.604,0.006 
  6690733,19261912+4206353 ,12.50, 0,2,-999.00, 2.43, 0.01, -999, -999, -999, -999, -999, -999, -999, -999, -999, -999, -999, -999 
  6690934,19263444+4208329 ,10.61, 0,2,-999.00, 2.38, 0.01, -999, -999,0.155,0.003,0.659,0.005,0.882,0.003,0.737,0.003,0.578,0.006 
  6694150,19302926+4211360 ,10.60, 0,2,-999.00, 2.82, 0.01, -999, -999,0.294,0.005,0.716,0.003,0.881,0.006,0.763,0.006,0.569,0.004 
  6696436,19330045+4210000 , 9.40, 0,0,-999.00, 2.30, 0.01, -999, -999,0.173,0.003,0.629,0.004,0.888,0.004,0.793,0.004,0.654,0.006 
  6696443,19330066+4209193 ,11.50, 0,2,-999.00, 2.50, 0.01, -999, -999, -999, -999, -999, -999, -999, -999, -999, -999, -999, -999 
  6698720,19352366+4206015 ,12.48, 0,0,-999.00, 2.46, 0.01, -999, -999, -999, -999, -999, -999, -999, -999, -999, -999, -999, -999 
  6700106,19364798+4210415 ,11.98, 0,1,-999.00, 3.07, 0.01, -999, -999,0.154,0.002,0.640,0.003,0.889,0.003,0.735,0.003,0.596,0.004 
  6700113,19364843+4209232 ,10.49, 3,2,125.00, 2.91, 0.01, -999, -999, -999, -999,0.688,0.003,0.865,0.018,0.696,0.014,0.568,0.004 
  6701041,19374488+4211132 ,11.56, 0,0,-999.00, 2.47, 0.01, -999, -999,0.153,0.001,0.683,0.013,0.898,0.015,0.746,0.015,0.605,0.018 
  6701238,19375695+4210015 ,11.30, 4,0,-999.00, 2.37, 0.01, -999, -999,0.142,0.002,0.656,0.003,0.882,0.009,0.742,0.007,0.576,0.006 
  6705259,19415019+4206345 ,12.26, 2,0, 49.30, 2.35, 0.01, -999, -999, -999, -999, -999, -999, -999, -999, -999, -999, -999, -999 
  6705642,19421087+4207154 ,11.10, 0,2,-999.00, 2.56, 0.01, -999, -999,0.206,0.001,0.638,0.006,0.866,0.005,0.745,0.004,0.546,0.008 
  6706980,19431977+4206464 ,12.03, 0,1,-999.00, 2.95, 0.01, -999, -999,0.157,0.002,0.652,0.003,0.883,0.005,0.727,0.004,0.575,0.004 
  6707691,19435944+4210279 ,11.90, 6,0,-999.00, 2.82, 0.01, -999, -999,0.266,0.003,0.752,0.004,0.902,0.012,0.684,0.012,0.639,0.009 
  6707763,19440374+4210161 ,11.74, 2,1,104.00, 3.25, 0.01, -999, -999, -999, -999, -999, -999, -999, -999, -999, -999, -999, -999 
  6707805,19440591+4209050 ,12.45, 1,0, 22.00,-999.00,-999.00, -999, -999,0.357,0.003,0.717,0.009,0.896,0.008,0.876,0.006,0.766,0.014 
  6717307,19522434+4211213 ,10.04, 0,2,-999.00, 2.59, 0.01, -999, -999, -999, -999, -999, -999, -999, -999, -999, -999, -999, -999 
  6717417,19522952+4210399 ,12.11,56,0,-999.00,-999.00,-999.00, -999, -999,0.229,0.002,0.733,0.006,0.890,0.012,0.709,0.014,0.582,0.006 
  6720334,19545151+4208266 ,12.15, 0,1,-999.00, 3.23, 0.01, -999, -999, -999, -999, -999, -999, -999, -999, -999, -999, -999, -999 
  6751876,18471977+4213062 ,11.51, 0,2,-999.00, 2.38, 0.01, -999, -999,0.150,0.002,0.724,0.007,0.899,0.006,0.784,0.006,0.614,0.010 
  6752140,18475191+4214460 ,12.39, 0,1,-999.00, 2.69, 0.01, -999, -999,0.152,0.003,0.645,0.005,0.905,0.008,0.747,0.007,0.605,0.008 
  6755907,18545958+4214396 ,11.71, 0,0,-999.00, 2.54, 0.01, -999, -999,0.145,0.003,0.578,0.006,0.886,0.008,0.796,0.007,0.566,0.006 
  6756579,18561171+4213291 ,10.41, 0,2,-999.00, 2.50, 0.01, -999, -999, -999, -999, -999, -999, -999, -999, -999, -999, -999, -999 
  6756648,18561910+4213152 ,10.01, 0,2,-999.00, 2.84, 0.01, -999, -999,0.160,0.003,0.611,0.017,0.878,0.054,0.735,0.058,0.472,0.018 
  6757928,18582830+4214338 , 9.61, 0,2,-999.00, 2.90, 0.01, -999, -999,0.206,0.002,0.718,0.007,0.887,0.007,0.727,0.006,0.578,0.044 
  6761651,19051267+4214135 ,12.45, 0,1,-999.00, 3.05, 0.01, -999, -999,0.159,0.002,0.640,0.011,0.880,0.014,0.747,0.014,0.590,0.008 
  6762022,19055460+4215348 ,11.53, 0,2,-999.00, 2.52, 0.01, -999, -999,0.149,0.002,0.648,0.003,0.872,0.017,0.775,0.018,0.583,0.018 
  6764026,19090940+4214129 ,12.22, 0,1,-999.00, 2.82, 0.01, -999, -999,0.176,0.004,0.563,0.017,0.866,0.006,0.773,0.005,0.575,0.023 
  6764229,19093064+4213252 ,11.71, 0,1,-999.00, 2.67, 0.01, -999, -999,0.162,0.001,0.545,0.009,0.877,0.008,0.776,0.009,0.572,0.013 
  6764685,19101589+4215176 ,12.24, 0,1,-999.00, 3.00, 0.01, -999, -999,0.156,0.002,0.540,0.005,0.857,0.006,0.781,0.005,0.567,0.005 
  6766118,19122811+4216241 , 9.44, 0,2,-999.00, 2.84, 0.01, -999, -999,0.150,0.002,0.660,0.004,0.868,0.007,0.759,0.006,0.562,0.006 
  6767249,19140933+4217262 ,10.72, 0,2,-999.00, 2.49, 0.01, -999, -999, -999, -999, -999, -999, -999, -999, -999, -999, -999, -999 
  6767489,19143391+4216552 ,12.34, 0,1,-999.00, 3.28, 0.01, -999, -999,0.179,0.003,0.559,0.007,0.870,0.009,0.774,0.009,0.581,0.011 
  6768042,19152019+4216038 ,11.83, 0,2,-999.00, 2.28, 0.01, -999, -999, -999, -999, -999, -999, -999, -999, -999, -999, -999, -999 
  6768319,19154418+4214021 ,11.57, 0,1,-999.00, 2.64, 0.01, -999, -999,0.156,0.002,0.577,0.006,0.863,0.009,0.770,0.007,0.558,0.009 
  6768355,19154757+4217228 ,11.39, 0,2,-999.00, 2.48, 0.01, -999, -999,0.153,0.002,0.617,0.017,0.868,0.020,0.735,0.023,0.560,0.022 
  6768654,19161506+4217079 ,11.95, 0,2,-999.00, 2.62, 0.01, -999, -999,0.165,0.002,0.685,0.008,0.901,0.010,0.730,0.011,0.595,0.011 
  6774693,19235193+4216156 ,12.42, 0,1,-999.00, 2.90, 0.01, -999, -999, -999, -999, -999, -999, -999, -999, -999, -999, -999, -999 
  6774769,19235878+4217062 ,12.06, 0,2,-999.00, 2.46, 0.01, -999, -999, -999, -999, -999, -999, -999, -999, -999, -999, -999, -999 
  6775098,19242503+4216089 ,12.39, 0,1,-999.00, 2.66, 0.01, -999, -999,0.134,0.001,0.545,0.006,0.854,0.011,0.739,0.012,0.520,0.008 
  6776396,19260368+4216368 ,11.79, 0,1,-999.00, 3.07, 0.01, -999, -999, -999, -999, -999, -999, -999, -999, -999, -999, -999, -999 
  6777888,19275361+4212016 ,11.85, 0,0,-999.00, 2.41, 0.01, -999, -999,0.117,0.005,0.666,0.008,0.848,0.016,0.773,0.015,0.591,0.009 
  6778122,19281160+4216307 ,11.56, 0,2,-999.00, 2.54, 0.01, -999, -999, -999, -999, -999, -999, -999, -999, -999, -999, -999, -999 
  6778771,19285765+4212421 ,10.35, 0,2,-999.00, 2.40, 0.01, -999, -999, -999, -999, -999, -999, -999, -999, -999, -999, -999, -999 
  6778789,19285864+4213105 ,12.23, 0,2,-999.00, 2.42, 0.01, -999, -999,0.242,0.002,0.683,0.006,0.883,0.005,0.756,0.005,0.573,0.007 
  6779009,19291451+4213316 ,12.25, 0,2,-999.00, 2.42, 0.01, -999, -999,0.133,0.002,0.582,0.006,0.850,0.007,0.780,0.006,0.565,0.005 
  6779699,19300565+4216327 ,10.86, 0,1,-999.00, 2.85, 0.01, -999, -999, -999, -999, -999, -999,0.822,0.007,0.789,0.008,0.583,0.006 
  6780490,19310121+4216595 ,11.32, 0,2,-999.00, 2.48, 0.01, -999, -999, -999, -999, -999, -999, -999, -999, -999, -999, -999, -999 
  6783217,19340785+4216212 ,11.48, 0,1,-999.00, 3.34, 0.01, -999, -999,0.186,0.001,0.669,0.004,0.903,0.008,0.726,0.008,0.633,0.007 
  6783485,19342341+4217478 ,11.73, 0,2,-999.00, 2.42, 0.01, -999, -999,0.166,0.003,0.630,0.006,0.853,0.011,0.778,0.010,0.561,0.010 
  6785523,19363685+4217190 ,10.74, 0,2,-999.00, 2.59, 0.01, -999, -999,0.147,0.002,0.640,0.008,0.869,0.004,0.763,0.003,0.560,0.006 
  6786075,19371042+4212163 ,11.74, 0,1,-999.00, 2.78, 0.01, -999, -999,0.143,0.002,0.589,0.003,0.863,0.004,0.765,0.004,0.578,0.004 
  6786398,19373151+4216280 ,11.82, 0,2,-999.00, 2.89, 0.01, -999, -999, -999, -999, -999, -999,0.854,0.007,0.709,0.008,0.546,0.004 
  6790382,19413447+4217052 ,12.15, 0,2,-999.00, 2.49, 0.01, -999, -999,0.139,0.006,0.611,0.005,0.856,0.016,0.775,0.019,0.553,0.006 
  6791033,19420897+4215063 ,12.38, 6,0,-999.00, 2.46, 0.01, -999, -999, -999, -999,0.664,0.003,0.878,0.007,0.755,0.006,0.584,0.017 
  6791309,19422455+4214116 ,11.21, 2,2, 48.30, 2.35, 0.01, -999, -999,0.319,0.002,0.678,0.007,0.860,0.006,0.792,0.005,0.575,0.006 
  6791445,19423291+4212260 ,12.30, 0,1,-999.00, 2.57, 0.01, -999, -999,0.140,0.001,0.642,0.004,0.869,0.004,0.746,0.004,0.558,0.006 
  6793235,19440948+4216342 ,12.36, 0,2,-999.00, 2.37, 0.01, -999, -999, -999, -999,0.720,0.006,0.873,0.007,0.765,0.008,0.617,0.008 
  6794908,19453697+4217071 ,11.50, 0,2,-999.00, 2.54, 0.01, -999, -999, -999, -999, -999, -999, -999, -999, -999, -999, -999, -999 
  6804138,19533008+4216116 ,11.75, 0,2,-999.00, 2.83, 0.01, -999, -999, -999, -999, -999, -999, -999, -999, -999, -999, -999, -999 
  6805631,19544590+4215202 ,11.71, 0,0,-999.00, 2.53, 0.01, -999, -999,0.132,0.001,0.632,0.008,0.892,0.010,0.754,0.010,0.570,0.011 
  6836321,18443911+4223266 ,12.00, 0,2,-999.00, 2.46, 0.01,0.054,0.368, -999, -999, -999, -999,0.872,0.013,0.797,0.015, -999, -999 
  6837256,18464309+4223144 ,11.02, 0,1,-999.00, 2.46, 0.01, -999, -999,0.151,0.004,0.656,0.009,0.886,0.018,0.741,0.015,0.559,0.011 
  6838375,18490561+4220324 ,11.40, 0,1,-999.00, 3.17, 0.01, -999, -999,0.192,0.002,0.636,0.009,0.894,0.008,0.738,0.008,0.615,0.012 
  6838420,18491043+4223204 ,11.59, 0,0,-999.00, 2.37, 0.01, -999, -999, -999, -999, -999, -999,0.814,0.008,0.799,0.008,0.509,0.016 
  6838665,18494102+4221518 ,12.30, 0,2,-999.00, 2.38, 0.01, -999, -999,0.167,0.002,0.670,0.006,0.885,0.037,0.747,0.031, -999, -999 
  6838707,18494647+4222247 ,10.88, 0,2,-999.00, 2.43, 0.01, -999, -999, -999, -999,0.643,0.007,0.853,0.009,0.756,0.008,0.555,0.008 
  6841449,18544891+4220482 ,12.17, 0,0,-999.00, 2.55, 0.01, -999, -999,0.132,0.008,0.625,0.012, -999, -999, -999, -999,0.563,0.009 
  6843557,18584292+4220541 ,11.05, 0,0,-999.00, 2.59, 0.01, -999, -999,0.138,0.002,0.564,0.008,0.849,0.012,0.784,0.011,0.537,0.012 
  6847371,19054735+4221458 ,12.50, 0,2,-999.00, 2.21, 0.01, -999, -999, -999, -999, -999, -999, -999, -999, -999, -999, -999, -999 
  6849167,19084459+4219482 ,10.98, 0,2,-999.00, 2.45, 0.01, -999, -999,0.165,0.002,0.686,0.003,0.881,0.004,0.756,0.004,0.616,0.004 
  6850177,19101634+4221543 ,11.16, 0,0,-999.00, 2.56, 0.01, -999, -999,0.151,0.002,0.606,0.003,0.867,0.006,0.764,0.005,0.579,0.002 
  6850417,19103857+4218474 ,10.97, 0,2,-999.00, 2.47, 0.01, -999, -999,0.166,0.004,0.662,0.008,0.873,0.005,0.759,0.005,0.580,0.005 
  6850464,19104340+4218347 ,10.97, 0,1,-999.00, 2.44, 0.01, -999, -999,0.121,0.001,0.596,0.010,0.852,0.015,0.750,0.011,0.530,0.012 
  6850665,19110390+4219217 ,12.39, 4,0,-999.00, 2.90, 0.01, -999, -999,0.213,0.001,0.650,0.005,0.885,0.007,0.713,0.007,0.589,0.011 
  6851401,19121421+4221223 ,10.78, 3,0,107.00, 2.94, 0.01, -999, -999,0.195,0.002,0.685,0.008,0.877,0.024,0.715,0.019,0.582,0.011 
  6851499,19122254+4223498 ,10.70, 0,1,-999.00, 2.63, 0.01, -999, -999,0.146,0.001,0.593,0.010,0.890,0.012,0.757,0.011,0.586,0.011 
  6853127,19145090+4223002 ,11.77, 0,1,-999.00, 3.21, 0.01, -999, -999,0.171,0.001,0.553,0.007,0.868,0.008,0.746,0.007,0.575,0.009 
  6853266,19150273+4222495 ,12.04, 0,2,-999.00, 2.37, 0.01, -999, -999,0.143,0.003,0.628,0.003,0.862,0.024,0.735,0.020,0.535,0.004 
  6853465,19152052+4218256 ,11.83, 0,0,-999.00, 2.85, 0.01, -999, -999,0.173,0.005,0.644,0.032,0.876,0.003,0.756,0.003,0.590,0.048 
  6854095,19161194+4220362 ,11.76, 0,2,-999.00, 2.40, 0.01, -999, -999,0.145,0.002,0.689,0.003,0.883,0.005,0.716,0.005,0.560,0.004 
  6854391,19163509+4220109 ,11.10, 0,2,-999.00, 2.72, 0.01, -999, -999,0.154,0.001,0.672,0.004,0.870,0.005,0.733,0.004,0.557,0.004 
  6854423,19163758+4221003 ,12.07, 0,2,-999.00, 2.32, 0.01, -999, -999,0.167,0.001,0.677,0.002,0.895,0.003,0.712,0.003,0.554,0.003 
  6859685,19230298+4223308 , 9.82, 0,2,-999.00, 2.47, 0.01, -999, -999, -999, -999, -999, -999, -999, -999, -999, -999, -999, -999 
  6859803,19231283+4219574 , 9.84, 0,1,-999.00, 3.15, 0.01, -999, -999, -999, -999, -999, -999, -999, -999, -999, -999, -999, -999 
  6860004,19232956+4223492 ,11.60, 0,2,-999.00, 3.27, 0.01, -999, -999,0.199,0.002,0.563,0.006,0.862,0.012,0.770,0.010,0.556,0.007 
  6860127,19233877+4218355 ,12.19, 0,0,-999.00, 2.49, 0.01, -999, -999,0.138,0.002,0.626,0.008,0.881,0.010,0.761,0.011,0.559,0.011 
  6861403,19251557+4223262 ,11.88, 0,1,-999.00, 2.70, 0.01, -999, -999,0.144,0.001,0.655,0.009,0.874,0.011,0.757,0.009,0.556,0.012 
  6863017,19271397+4220163 ,10.32, 0,2,-999.00, 2.44, 0.01, -999, -999,0.184,0.002,0.703,0.007,0.874,0.011,0.736,0.010,0.589,0.008 
  6863899,19281824+4219435 ,12.01, 0,1,-999.00, 2.91, 0.01, -999, -999,0.162,0.002,0.624,0.006,0.872,0.008,0.759,0.007,0.601,0.008 
  6864897,19292659+4218114 ,11.11, 0,2,-999.00, 2.51, 0.01, -999, -999,0.166,0.003,0.654,0.007,0.864,0.009,0.768,0.008,0.575,0.009 
  6864995,19293385+4220163 ,10.47, 0,2,-999.00, 2.52, 0.01, -999, -999,0.146,0.003,0.679,0.007,0.863,0.004,0.759,0.004,0.574,0.009 
  6866002,19304241+4223508 ,10.56, 0,1,-999.00, 2.39, 0.01, -999, -999,0.175,0.002,0.591,0.005,0.851,0.007,0.782,0.007,0.539,0.008 
  6866251,19305929+4222477 ,11.48, 2,0,120.00, 2.89, 0.01, -999, -999, -999, -999, -999, -999, -999, -999, -999, -999, -999, -999 
  6866396,19311076+4221546 ,12.37, 0,2,-999.00, 2.56, 0.01, -999, -999,0.227,0.002,0.675,0.005,0.876,0.005,0.760,0.005,0.581,0.006 
  6866587,19312371+4220456 ,10.93, 0,2,-999.00, 2.53, 0.01, -999, -999,0.109,0.001,0.624,0.006,0.857,0.007,0.774,0.008,0.554,0.007 
  6867485,19322556+4222398 ,11.27, 0,2,-999.00, 2.42, 0.01, -999, -999, -999, -999,0.579,0.008,0.850,0.022,0.780,0.016,0.524,0.012 
  6870779,19361289+4223414 ,12.30, 0,0,-999.00, 2.62, 0.01, -999, -999,0.144,0.003,0.579,0.014,0.873,0.007,0.761,0.008,0.561,0.021 
  6871057,19363231+4219421 ,12.50, 0,2,-999.00, 2.42, 0.01, -999, -999, -999, -999, -999, -999,0.885,0.012,0.709,0.012,0.591,0.009 
  6871105,19363453+4220105 ,12.44, 0,0,-999.00, 2.59, 0.01, -999, -999, -999, -999, -999, -999, -999, -999, -999, -999, -999, -999 
  6871472,19370020+4222392 ,11.49, 0,0,-999.00, 2.29, 0.01, -999, -999,0.118,0.003,0.601,0.006,0.834,0.005,0.789,0.006,0.535,0.008 
  6875989,19413132+4220158 ,12.06, 0,2,-999.00, 2.41, 0.01, -999, -999, -999, -999,0.741,0.010,0.868,0.015,0.819,0.013,0.559,0.007 
  6876260,19414522+4218497 ,12.24, 0,2,-999.00, 2.39, 0.01, -999, -999,0.271,0.003,0.702,0.005,0.888,0.007,0.754,0.006,0.585,0.007 
  6878041,19432339+4222240 ,10.02, 0,2,-999.00, 2.77, 0.01, -999, -999,0.154,0.002,0.673,0.010,0.874,0.012,0.761,0.011,0.579,0.011 
  6878403,19434377+4223232 ,11.97, 0,2,-999.00, 2.32, 0.01, -999, -999,0.165,0.002,0.640,0.004,0.883,0.009,0.785,0.009,0.596,0.004 
  6878800,19440588+4221343 ,11.83, 0,0,-999.00, 2.20, 0.01, -999, -999,0.164,0.003,0.545,0.005,0.839,0.006,0.790,0.005,0.596,0.005 
  6878959,19441376+4220119 ,11.65, 0,2,-999.00, 2.39, 0.01, -999, -999,0.143,0.002,0.567,0.002,0.852,0.005,0.783,0.005,0.568,0.002 
  6881454,19462346+4222058 ,10.66, 0,0,-999.00, 2.38, 0.01, -999, -999, -999, -999, -999, -999, -999, -999, -999, -999, -999, -999 
  6887430,19514877+4218181 ,11.76, 0,0,-999.00, 2.80, 0.01, -999, -999,0.160,0.001,0.615,0.004,0.886,0.011,0.733,0.008,0.590,0.004 
  6890391,19541788+4222392 ,10.32, 0,2,-999.00, 2.53, 0.01, -999, -999, -999, -999, -999, -999, -999, -999, -999, -999, -999, -999 
  6890433,19541998+4222053 ,11.89, 0,2,-999.00, 2.61, 0.01, -999, -999, -999, -999, -999, -999, -999, -999, -999, -999, -999, -999 
  6890561,19542597+4222282 , 9.73, 4,0,-999.00, 2.43, 0.01, -999, -999, -999, -999, -999, -999, -999, -999, -999, -999, -999, -999 
  6923677,18482034+4226016 , 9.41, 0,2,-999.00, 2.69, 0.01, -999, -999, -999, -999,0.695,0.007,0.882,0.010,0.767,0.012,0.572,0.010 
  6925082,18505478+4224463 , 9.56, 0,0,-999.00, 2.39, 0.01,1.292,0.383, -999, -999,0.599,0.008,0.857,0.006,0.797,0.007,0.595,0.008 
  6925158,18510323+4225335 ,11.48, 0,1,-999.00, 2.87, 0.01,1.061,0.406,0.159,0.002,0.593,0.003,0.860,0.010,0.759,0.011,0.577,0.003 
  6928997,18575865+4227316 ,11.58, 0,1,-999.00, 3.00, 0.01, -999, -999,0.150,0.001,0.547,0.020,0.858,0.022,0.775,0.022,0.576,0.022 
  6929729,18592976+4227206 ,11.61, 0,0,-999.00, 2.72, 0.01, -999, -999,0.134,0.001,0.588,0.008,0.860,0.009,0.778,0.008,0.561,0.011 
  6933666,19063556+4228102 ,12.07, 3,0, 99.00, 2.41, 0.01, -999, -999, -999, -999, -999, -999, -999, -999, -999, -999, -999, -999 
  6934780,19081807+4229236 ,11.88, 0,2,-999.00, 2.35, 0.01, -999, -999,0.165,0.004,0.709,0.005,0.893,0.006,0.727,0.005,0.567,0.004 
  6935260,19090418+4226487 ,10.84, 0,0,-999.00, 2.54, 0.01, -999, -999, -999, -999, -999, -999, -999, -999, -999, -999, -999, -999 
  6936796,19113041+4228395 ,11.20, 0,0,-999.00, 2.25, 0.01, -999, -999,0.110,0.002, -999, -999,0.837,0.003,0.800,0.003,0.504,0.002 
  6936990,19114965+4227250 ,12.01, 0,2,-999.00, 2.48, 0.01, -999, -999,0.113,0.001,0.544,0.003,0.839,0.008,0.774,0.009,0.511,0.006 
  6939158,19150753+4225056 ,11.92, 0,2,-999.00, 2.37, 0.01, -999, -999,0.147,0.001,0.560,0.004,0.851,0.005,0.775,0.006,0.541,0.012 
  6940048,19162196+4225587 ,10.31, 0,2,-999.00, 2.41, 0.01, -999, -999,0.142,0.002,0.680,0.003,0.876,0.005,0.731,0.005,0.561,0.004 
  6940816,19172481+4228096 , 9.53, 0,2,-999.00, 2.46, 0.01, -999, -999,0.147,0.002,0.610,0.007,0.852,0.010,0.763,0.008,0.527,0.010 
  6945941,19234447+4224106 ,12.08, 0,1,-999.00, 3.00, 0.01, -999, -999,0.189,0.003,0.659,0.013,0.896,0.005,0.755,0.004,0.590,0.019 
  6946715,19244871+4225143 ,12.21, 0,2,-999.00, 2.46, 0.01, -999, -999, -999, -999, -999, -999, -999, -999, -999, -999, -999, -999 
  6946910,19250454+4229426 ,11.76, 0,0,-999.00, 2.64, 0.01, -999, -999,0.203,0.005,0.587,0.004,0.861,0.006,0.769,0.006,0.541,0.005 
  6948001,19262932+4224369 ,11.27, 0,0,-999.00, 2.58, 0.01, -999, -999,0.178,0.003,0.613,0.005,0.881,0.019,0.761,0.017,0.580,0.007 
  6949064,19275075+4225257 ,11.99, 0,2,-999.00, 2.46, 0.01, -999, -999, -999, -999, -999, -999, -999, -999, -999, -999, -999, -999 
  6949816,19284844+4225519 ,11.21, 0,1,-999.00, 2.81, 0.01, -999, -999,0.179,0.002,0.612,0.008,0.900,0.026,0.745,0.027,0.620,0.010 
  6951289,19303877+4225194 ,12.03, 0,0,-999.00, 2.97, 0.01, -999, -999,0.188,0.004,0.647,0.037,0.886,0.012,0.738,0.010,0.609,0.056 
  6951925,19312837+4226024 ,11.35, 0,2,-999.00, 2.54, 0.01, -999, -999,0.155,0.001,0.600,0.006,0.855,0.007,0.781,0.006,0.534,0.008 
  6952430,19320477+4228463 ,11.83, 4,0,-999.00, 2.47, 0.01, -999, -999,0.139,0.002,0.662,0.002,0.867,0.003,0.764,0.003,0.555,0.003 
  6953271,19330378+4225125 ,12.38, 0,2,-999.00, 2.81, 0.01, -999, -999,0.172,0.001,0.637,0.004,0.888,0.006,0.757,0.006,0.587,0.005 
  6955286,19352295+4228336 ,11.20, 0,2,-999.00, 2.43, 0.01, -999, -999, -999, -999, -999, -999, -999, -999, -999, -999, -999, -999 
  6956481,19363934+4229515 ,12.03, 0,2,-999.00, 2.52, 0.01, -999, -999, -999, -999, -999, -999, -999, -999, -999, -999, -999, -999 
  6957157,19372248+4224276 ,10.11, 0,2,-999.00, 2.45, 0.01, -999, -999,0.087,0.003,0.629,0.011,0.885,0.008,0.797,0.007,0.572,0.017 
  6960601,19405553+4226025 ,11.44, 0,2,-999.00, 2.90, 0.01, -999, -999, -999, -999, -999, -999,0.858,0.008,0.748,0.008,0.569,0.008 
  6960978,19411750+4229543 ,10.59, 0,2,-999.00, 2.78, 0.01, -999, -999,0.155,0.001,0.694,0.005,0.885,0.009,0.743,0.008,0.558,0.011 
  6961071,19412198+4224354 ,11.79, 0,0,-999.00, 2.97, 0.01, -999, -999,0.145,0.004,0.611,0.007,0.874,0.006,0.755,0.005,0.568,0.004 
  6964342,19442142+4226151 , 9.86, 0,1,-999.00, 2.51, 0.01, -999, -999,0.167,0.001,0.561,0.007,0.871,0.004,0.801,0.004,0.589,0.014 
  6967600,19472104+4227387 ,10.78, 2,0, 97.00, 2.50, 0.01, -999, -999, -999, -999, -999, -999, -999, -999, -999, -999, -999, -999 
  6976451,19544004+4226442 ,12.19, 0,0,-999.00, 2.87, 0.01, -999, -999,0.123,0.002,0.561,0.004,0.870,0.004,0.793,0.004,0.553,0.004 
  7006979,18433894+4235295 , 9.78, 0,2,-999.00, 2.44, 0.01,0.591,0.366,0.145,0.003,0.704,0.002,0.873,0.009,0.735,0.008,0.568,0.008 
  7008219,18462406+4232065 ,11.19, 0,2,-999.00, 2.43, 0.01, -999, -999, -999, -999, -999, -999, -999, -999, -999, -999, -999, -999 
  7009245,18483639+4233370 ,12.35, 0,1,-999.00, 2.94, 0.01, -999, -999,0.187,0.003,0.645,0.004,0.887,0.004,0.744,0.004,0.607,0.004 
  7009365,18484962+4232309 ,11.94, 0,1,-999.00, 3.24, 0.01, -999, -999, -999, -999, -999, -999, -999, -999, -999, -999, -999, -999 
  7014894,18590539+4234542 , 9.24, 0,2,-999.00, 2.79, 0.01, -999, -999, -999, -999, -999, -999, -999, -999, -999, -999, -999, -999 
  7014958,18591260+4234359 ,12.02, 0,0,-999.00, 2.73, 0.01, -999, -999,0.156,0.001,0.535,0.010,0.856,0.033,0.789,0.028,0.549,0.013 
  7017044,19031889+4230179 ,10.62, 0,2,-999.00, 2.41, 0.01, -999, -999,0.161,0.001,0.638,0.056,0.869,0.009,0.772,0.009,0.567,0.081 
  7018252,19052885+4234382 ,10.82, 0,0,-999.00, 2.35, 0.01, -999, -999,0.132,0.001,0.694,0.006,0.882,0.010,0.743,0.009,0.577,0.009 
  7018515,19055785+4230512 ,12.46, 0,1,-999.00, 2.91, 0.01, -999, -999, -999, -999,0.519,0.010,0.863,0.012,0.782,0.012,0.581,0.011 
  7019157,19071107+4231237 ,12.18, 0,0,-999.00, 2.36, 0.01, -999, -999, -999, -999, -999, -999, -999, -999, -999, -999, -999, -999 
  7019580,19075627+4233040 ,11.89, 0,2,-999.00, 3.27, 0.01, -999, -999,0.279,0.002,0.574,0.005,0.862,0.003,0.765,0.003,0.580,0.005 
  7019953,19083672+4232113 ,12.13, 0,2,-999.00, 2.39, 0.01, -999, -999,0.264,0.003,0.741,0.004,0.907,0.008,0.710,0.007,0.581,0.006 
  7020392,19091874+4234532 ,12.16, 0,0,-999.00, 2.39, 0.01, -999, -999,0.137,0.003,0.635,0.005,0.880,0.007,0.747,0.007,0.561,0.007 
  7022581,19125109+4234039 ,12.13, 0,1,-999.00, 3.21, 0.01, -999, -999, -999, -999, -999, -999, -999, -999, -999, -999, -999, -999 
  7024018,19145992+4234513 ,11.52, 3,0, 95.00, 2.85, 0.01, -999, -999,0.239,0.001,0.704,0.011,0.875,0.013,0.707,0.011,0.557,0.016 
  7025721,19171629+4235464 ,10.90, 0,2,-999.00, 2.48, 0.01, -999, -999,0.157,0.003,0.654,0.007,0.873,0.009,0.734,0.008,0.539,0.008 
  7031016,19234728+4233065 ,11.89, 0,2,-999.00, 2.44, 0.01, -999, -999,0.149,0.002,0.641,0.006,0.862,0.005,0.763,0.006,0.563,0.008 
  7031714,19244405+4232007 ,12.13, 4,0,-999.00, 2.37, 0.01, -999, -999,0.335,0.002,0.680,0.006,0.857,0.008,0.743,0.007,0.608,0.008 
  7032312,19253162+4234491 ,12.24, 0,1,-999.00, 2.63, 0.01, -999, -999,0.145,0.003,0.532,0.006,0.858,0.005,0.765,0.006,0.549,0.007 
  7033059,19262736+4234109 ,12.38, 0,0,-999.00, 2.32, 0.01, -999, -999, -999, -999, -999, -999, -999, -999, -999, -999, -999, -999 
  7033467,19270130+4235477 ,10.15, 0,0,-999.00, 2.77, 0.01, -999, -999,0.164,0.004,0.596,0.004,0.847,0.013,0.782,0.012,0.572,0.005 
  7033846,19273008+4232172 ,10.96, 4,0,-999.00, 2.94, 0.01, -999, -999,0.141,0.003,0.601,0.009,0.855,0.008,0.771,0.007,0.538,0.012 
  7034957,19285415+4234488 ,11.49, 0,2,-999.00, 2.43, 0.01, -999, -999,0.151,0.002,0.677,0.007,0.884,0.011,0.763,0.012,0.553,0.009 
  7035184,19291103+4233137 ,12.45, 0,0,-999.00, 2.39, 0.01, -999, -999,0.116,0.002,0.553,0.009,0.869,0.012,0.755,0.012,0.549,0.012 
  7036099,19301970+4232397 ,10.79, 0,0,-999.00, 2.71, 0.01, -999, -999,0.160,0.002,0.604,0.004,0.866,0.003,0.775,0.003,0.561,0.006 
  7036104,19302000+4231197 ,11.07, 0,2,-999.00, 2.34, 0.01, -999, -999,0.147,0.003,0.675,0.004,0.893,0.006,0.732,0.005,0.584,0.004 
  7036151,19302402+4233381 ,11.05, 0,2,-999.00, 2.52, 0.01, -999, -999,0.151,0.001,0.657,0.003,0.860,0.005,0.752,0.004,0.547,0.005 
  7037405,19315429+4232516 ,11.88, 4,0,-999.00, 2.22, 0.01, -999, -999,0.209,0.002,0.620,0.004,0.843,0.011,0.751,0.009,0.568,0.006 
  7039075,19335135+4235020 ,10.96, 0,2,-999.00, 2.57, 0.01, -999, -999,0.148,0.002,0.664,0.007,0.870,0.004,0.747,0.004,0.567,0.010 
  7040879,19354923+4232502 ,12.13, 0,0,-999.00, 2.65, 0.01, -999, -999,0.169,0.002,0.638,0.004,0.877,0.006,0.747,0.005,0.610,0.005 
  7041245,19361531+4230491 ,12.17, 0,1,-999.00, 2.96, 0.01, -999, -999, -999, -999, -999, -999, -999, -999, -999, -999, -999, -999 
  7041602,19363783+4234215 ,11.98, 2,2, 81.00, 2.36, 0.01, -999, -999,0.168,0.001,0.614,0.006,0.865,0.003,0.745,0.003,0.569,0.008 
  7041744,19364761+4235320 ,11.18, 0,2,-999.00, 2.40, 0.01, -999, -999,0.124,0.001,0.653,0.003,0.859,0.008,0.758,0.006,0.566,0.006 
  7041834,19365376+4231495 ,12.48, 0,2,-999.00, 2.47, 0.01, -999, -999,0.151,0.003,0.695,0.005,0.885,0.004,0.750,0.004,0.584,0.007 
  7042040,19370834+4232019 ,12.46, 0,1,-999.00, 3.07, 0.01, -999, -999,0.131,0.001,0.572,0.004,0.859,0.004,0.768,0.004,0.587,0.005 
  7044886,19401435+4235174 ,11.79, 0,2,-999.00, 2.55, 0.01, -999, -999,0.189,0.002,0.626,0.002,0.837,0.006,0.769,0.006,0.538,0.003 
  7048889,19435766+4235566 ,11.95, 0,0,-999.00, 2.38, 0.01, -999, -999,0.216,0.002,0.643,0.008,0.903,0.006,0.736,0.005,0.615,0.009 
  7049467,19442843+4230381 ,11.46, 0,1,-999.00, 2.77, 0.01, -999, -999,0.182,0.001,0.634,0.004,0.902,0.006,0.764,0.005,0.630,0.007 
  7049756,19444449+4232584 ,12.21, 0,2,-999.00, 2.51, 0.01, -999, -999,0.175,0.001,0.750,0.005,0.912,0.009,0.726,0.010,0.630,0.005 
  7052311,19470670+4232493 ,10.72, 0,2,-999.00, 2.63, 0.01, -999, -999,0.148,0.002,0.698,0.007,0.859,0.008,0.696,0.008,0.554,0.008 
  7053383,19480449+4231110 ,11.48, 0,1,-999.00, 2.74, 0.01, -999, -999, -999, -999, -999, -999, -999, -999, -999, -999, -999, -999 
  7060732,19543279+4234473 ,11.89, 0,1,-999.00, 3.03, 0.01, -999, -999,0.202,0.003,0.557,0.004,0.870,0.006,0.795,0.005,0.565,0.006 
  7090906,18440271+4240302 ,12.10, 0,0,-999.00, 2.29, 0.01,1.154,0.438,0.114,0.002,0.618,0.004,0.881,0.005,0.754,0.005,0.549,0.004 
  7092067,18464331+4237431 ,11.73, 0,0,-999.00, 2.61, 0.01, -999, -999,0.129,0.003,0.585,0.004,0.869,0.007,0.763,0.007,0.558,0.006 
  7092127,18465123+4237504 ,11.98, 0,1,-999.00, 2.95, 0.01, -999, -999, -999, -999, -999, -999,0.843,0.010,0.791,0.007,0.536,0.006 
  7093179,18485678+4236290 ,10.83, 0,0,-999.00, 2.39, 0.01,0.243,0.423,0.179,0.002,0.607,0.005,0.876,0.007,0.768,0.006,0.583,0.008 
  7094142,18505037+4236066 , 9.81, 0,0,-999.00, 2.49, 0.01,1.781,0.377,0.158,0.002,0.554,0.005,0.864,0.014,0.788,0.013,0.540,0.010 
  7098252,18582628+4237206 ,12.03, 0,2,-999.00, 2.29, 0.01, -999, -999,0.155,0.002,0.662,0.010,0.883,0.012,0.737,0.009,0.558,0.014 
  7098276,18582969+4241338 ,11.26, 0,1,-999.00, 3.28, 0.01, -999, -999,0.194,0.002,0.583,0.006,0.880,0.030,0.768,0.021,0.604,0.007 
  7098510,18585908+4237588 , 9.20, 0,2,-999.00, 2.47, 0.01, -999, -999,0.153,0.003,0.652,0.008,0.862,0.009,0.777,0.008,0.553,0.010 
  7100768,19030401+4236388 ,11.76, 0,0,-999.00, 2.31, 0.01, -999, -999,0.159,0.002,0.738,0.004,0.885,0.006,0.755,0.006,0.563,0.005 
  7100888,19031757+4241515 ,12.47, 0,2,-999.00, 2.41, 0.01, -999, -999,0.139,0.003,0.654,0.004,0.876,0.005,0.756,0.004,0.553,0.005 
  7102068,19052284+4241132 ,12.40, 0,1,-999.00, 2.66, 0.01, -999, -999, -999, -999, -999, -999, -999, -999, -999, -999, -999, -999 
  7103297,19072263+4239558 ,11.76, 0,2,-999.00, 2.50, 0.01,1.064,0.407,0.116,0.003,0.606,0.003,0.865,0.003,0.771,0.002,0.579,0.003 
  7103666,19075686+4236416 ,11.42, 0,2,-999.00, 2.46, 0.01, -999, -999,0.126,0.002,0.636,0.017,0.858,0.005,0.763,0.005,0.549,0.019 
  7103951,19082415+4238093 , 9.38, 2,2, 75.00, 2.63, 0.01, -999, -999,0.178,0.001,0.707,0.004,0.883,0.007,0.730,0.007,0.612,0.005 
  7108501,19152365+4239107 ,11.02, 0,2,-999.00, 2.61, 0.01, -999, -999,0.172,0.001,0.686,0.006,0.892,0.008,0.722,0.007,0.559,0.007 
  7108536,19152666+4237473 ,11.98, 0,2,-999.00, 2.38, 0.01, -999, -999,0.131,0.002,0.617,0.009,0.883,0.009,0.740,0.008,0.546,0.011 
  7108646,19153486+4239528 ,12.31, 2,0, 83.00, 2.38, 0.01, -999, -999,0.225,0.002,0.596,0.006,0.862,0.008,0.716,0.007,0.553,0.006 
  7109064,19161161+4239279 ,11.24, 0,2,-999.00, 2.70, 0.01, -999, -999,0.150,0.006,0.665,0.011,0.871,0.009,0.737,0.008,0.545,0.012 
  7109120,19161676+4239169 ,11.17, 0,2,-999.00, 2.68, 0.01, -999, -999,0.151,0.002, -999, -999,0.824,0.007,0.791,0.005,0.531,0.005 
  7116264,19251712+4237016 ,12.49, 0,2,-999.00, 2.46, 0.01, -999, -999, -999, -999, -999, -999, -999, -999, -999, -999, -999, -999 
  7117050,19261372+4241407 ,11.00, 3,0,163.00, 2.58, 0.01, -999, -999,0.134,0.005,0.578,0.007,0.837,0.015,0.748,0.013,0.506,0.011 
  7118412,19275561+4236366 ,11.21, 0,2,-999.00, 2.59, 0.01, -999, -999, -999, -999,0.707,0.007,0.882,0.009,0.752,0.007,0.539,0.011 
  7118721,19282248+4240464 ,11.21, 0,2,-999.00, 2.74, 0.01, -999, -999,0.204,0.002,0.684,0.007,0.866,0.014,0.720,0.012,0.560,0.008 
  7119181,19285659+4236131 ,11.72, 0,2,-999.00, 2.74, 0.01, -999, -999,0.150,0.004,0.650,0.010,0.886,0.009,0.763,0.008,0.563,0.012 
  7119934,19294903+4240091 ,11.30, 0,2,-999.00, 2.70, 0.01, -999, -999,0.170,0.002,0.690,0.005,0.869,0.011,0.741,0.012,0.549,0.011 
  7120637,19303949+4239526 , 9.51, 0,2,-999.00, 2.41, 0.01, -999, -999, -999, -999, -999, -999, -999, -999, -999, -999, -999, -999 
  7121674,19315108+4237154 ,10.38, 0,1,-999.00, 2.71, 0.01, -999, -999,0.184,0.004,0.659,0.013,0.885,0.016,0.758,0.015,0.592,0.016 
  7121801,19320057+4237140 ,10.39, 0,2,-999.00, 2.40, 0.01, -999, -999,0.154,0.002,0.680,0.003,0.882,0.007,0.773,0.007,0.555,0.003 
  7122640,19330273+4240375 ,11.86, 0,1,-999.00, 2.81, 0.01, -999, -999,0.146,0.003,0.582,0.004,0.878,0.006,0.781,0.005,0.575,0.005 
  7122919,19332390+4239595 ,12.14, 0,1,-999.00, 3.05, 0.01, -999, -999, -999, -999, -999, -999, -999, -999, -999, -999, -999, -999 
  7124081,19344520+4239148 ,12.00, 0,2,-999.00, 2.40, 0.01, -999, -999,0.158,0.002,0.751,0.004,0.897,0.005,0.735,0.005,0.596,0.004 
  7124573,19351747+4241508 ,12.10, 0,0,-999.00, 2.40, 0.01, -999, -999, -999, -999, -999, -999, -999, -999, -999, -999, -999, -999 
  7129930,19405947+4237222 ,10.88, 0,0,-999.00, 2.53, 0.01, -999, -999, -999, -999, -999, -999,0.869,0.006,0.765,0.005,0.564,0.008 
  7131794,19424804+4239192 ,11.53, 0,1,-999.00, 2.95, 0.01, -999, -999,0.164,0.002,0.643,0.005,0.876,0.004,0.733,0.004,0.571,0.005 
  7131995,19425938+4240283 ,11.99, 2,1, 45.00, 3.23, 0.01, -999, -999, -999, -999, -999, -999, -999, -999, -999, -999, -999, -999 
  7138406,19490877+4239031 ,11.95, 0,1,-999.00, 3.30, 0.01, -999, -999,0.217,0.002,0.531,0.004,0.896,0.009,0.815,0.008,0.637,0.005 
  7139187,19495342+4241259 ,11.58, 0,2,-999.00, 2.49, 0.01, -999, -999,0.198,0.001,0.589,0.003,0.856,0.004,0.801,0.004,0.592,0.004 
  7173776,18443030+4243538 ,11.97, 0,2,-999.00, 2.42, 0.01, -999, -999, -999, -999, -999, -999, -999, -999, -999, -999, -999, -999 
  7175826,18485526+4242570 ,10.89, 0,1,-999.00, 2.77, 0.01,0.702,0.347, -999, -999, -999, -999, -999, -999, -999, -999, -999, -999 
  7177015,18510504+4245361 ,10.73, 0,0,-999.00, 2.83, 0.01,1.103,0.368, -999, -999, -999, -999, -999, -999, -999, -999, -999, -999 
  7178170,18531782+4247031 ,11.93, 0,1,-999.00, 2.84, 0.01,0.475,0.415,0.163,0.001,0.605,0.003,0.908,0.007,0.740,0.006,0.599,0.006 
  7183551,19030770+4245295 , 8.23, 2,0, 36.30, 2.44, 0.02, -999, -999, -999, -999, -999, -999, -999, -999, -999, -999, -999, -999 
  7183922,19034755+4244295 ,12.10, 0,1,-999.00, 2.36, 0.01, -999, -999,0.162,0.001,0.663,0.008,0.891,0.007,0.762,0.008,0.604,0.012 
  7186274,19074945+4246139 ,12.14, 0,2,-999.00, 2.42, 0.01,0.765,0.409,0.132,0.001,0.627,0.006,0.869,0.007,0.750,0.007,0.606,0.008 
  7186542,19081731+4247378 ,11.92, 0,0,-999.00, 2.52, 0.01,1.322,0.439,0.131,0.002,0.580,0.004,0.858,0.005,0.773,0.005,0.551,0.006 
  7186677,19083094+4246210 ,12.30, 0,1,-999.00, 3.28, 0.01,1.353,0.371,0.142,0.002,0.594,0.004,0.870,0.006,0.784,0.005,0.613,0.005 
  7187059,19090889+4246493 ,11.95, 0,1,-999.00, 2.64, 0.01,1.242,0.433,0.148,0.002,0.571,0.005,0.868,0.004,0.786,0.005,0.561,0.024 
  7187063,19090903+4247116 ,11.27, 0,2,-999.00, 2.39, 0.01,0.014,0.361,0.160,0.002,0.727,0.005,0.914,0.009,0.736,0.008,0.600,0.007 
  7188504,19113375+4242419 ,10.04, 0,0,-999.00, 2.38, 0.01, -999, -999,0.140,0.004,0.639,0.007,0.885,0.013,0.749,0.012,0.567,0.012 
  7188662,19115103+4245521 ,12.21, 0,1,-999.00, 2.96, 0.01, -999, -999,0.165,0.002,0.615,0.008,0.877,0.010,0.769,0.010,0.581,0.012 
  7189610,19132014+4246567 ,10.47, 0,2,-999.00, 2.46, 0.01, -999, -999,0.166,0.002,0.651,0.005,0.878,0.032,0.754,0.029,0.562,0.008 
  7190047,19135897+4242175 ,11.47, 0,2,-999.00, 2.38, 0.01, -999, -999,0.149,0.003,0.608,0.017,0.863,0.021,0.760,0.020,0.522,0.028 
  7191496,19160765+4246319 ,11.82, 0,1,-999.00, 2.13, 0.01, -999, -999,0.205,0.002,0.909,0.004,0.956,0.005,0.713,0.004,0.724,0.006 
  7191673,19162298+4245329 ,10.70, 0,2,-999.00, 2.41, 0.01, -999, -999,0.124,0.002,0.581,0.010,0.834,0.008,0.789,0.007,0.508,0.008 
  7191945,19164681+4242250 ,11.33, 3,2,139.50, 2.67, 0.01, -999, -999,0.202,0.002,0.709,0.003,0.848,0.005,0.713,0.004,0.568,0.004 
  7200117,19265165+4246356 ,10.43, 0,2,-999.00, 2.67, 0.01, -999, -999, -999, -999, -999, -999, -999, -999, -999, -999, -999, -999 
  7200133,19265290+4245078 ,11.68, 0,0,-999.00, 2.51, 0.01, -999, -999, -999, -999, -999, -999,0.887,0.008,0.722,0.005, -999, -999 
  7200574,19272514+4246552 ,11.46, 0,2,-999.00, 2.42, 0.01, -999, -999, -999, -999, -999, -999, -999, -999, -999, -999, -999, -999 
  7202701,19300855+4242121 ,12.35, 0,0,-999.00, 2.38, 0.01, -999, -999,0.205,0.001,0.700,0.007,0.895,0.012,0.736,0.009,0.589,0.006 
  7203663,19312158+4244582 ,12.05, 0,2,-999.00, 2.43, 0.01, -999, -999,0.165,0.003,0.735,0.024,0.897,0.012,0.730,0.012,0.580,0.029 
  7204026,19314653+4246022 ,12.43, 0,1,-999.00, 2.81, 0.01, -999, -999,0.118,0.002,0.557,0.009,0.859,0.011,0.769,0.008,0.569,0.005 
  7204652,19323067+4243424 ,12.31, 0,1,-999.00, 2.28, 0.01, -999, -999,0.143,0.002,0.757,0.005,0.899,0.007,0.724,0.008,0.586,0.026 
  7204851,19324402+4246503 ,12.15, 0,0,-999.00, 2.45, 0.01, -999, -999,0.124,0.002,0.594,0.007,0.861,0.079,0.752,0.087,0.558,0.011 
  7205067,19325920+4244428 ,10.72, 0,2,-999.00, 2.71, 0.01, -999, -999,0.179,0.001,0.724,0.004,0.879,0.005,0.731,0.004,0.562,0.004 
  7205313,19331761+4242359 ,12.20, 0,0,-999.00, 2.40, 0.01, -999, -999,0.156,0.003,0.799,0.006,0.905,0.011,0.729,0.012,0.609,0.007 
  7205397,19332419+4242006 ,12.04, 2,0, 53.00, 2.35, 0.01, -999, -999, -999, -999, -999, -999, -999, -999, -999, -999, -999, -999 
  7206422,19343403+4244096 ,11.51, 0,1,-999.00, 3.27, 0.01, -999, -999,0.170,0.002,0.574,0.006,0.861,0.006,0.772,0.006,0.590,0.007 
  7206531,19344062+4244103 ,11.84, 0,2,-999.00, 2.58, 0.01, -999, -999,0.147,0.002,0.659,0.006,0.868,0.005,0.753,0.005,0.567,0.007 
  7207251,19353131+4243452 ,10.12, 0,0,-999.00, 2.56, 0.01, -999, -999,0.187,0.002,0.604,0.004,-1.995,0.002,-2.451,0.002,0.574,0.005 
  7211802,19403400+4247307 ,11.79, 2,2, 70.50, 2.53, 0.01, -999, -999,0.204,0.004,0.668,0.002,0.863,0.005,0.756,0.005,0.551,0.002 
  7212057,19405011+4246167 ,12.07, 0,1,-999.00, 2.61, 0.01, -999, -999, -999, -999, -999, -999,0.857,0.005,0.734,0.005,0.589,0.004 
  7214916,19433234+4244280 ,12.34, 0,0,-999.00, 2.90, 0.01, -999, -999,0.156,0.002,0.583,0.003,0.851,0.003,0.756,0.003,0.543,0.004 
  7215396,19435904+4246388 , 9.55, 0,0,-999.00, 2.29, 0.01, -999, -999,0.124,0.001,0.631,0.004,0.865,0.007,0.758,0.006,0.562,0.004 
  7215409,19435982+4244090 ,12.36, 0,0,-999.00, 2.98, 0.01, -999, -999, -999, -999,0.535,0.003,0.854,0.000,0.779,0.000,0.546,0.007 
  7217486,19455794+4242592 , 9.67, 3,0,119.50, 2.86, 0.01, -999, -999,0.250,0.001,0.659,0.005,0.890,0.012,0.742,0.009,0.611,0.004 
  7221608,19493706+4244589 , 9.82, 0,0,-999.00, 2.39, 0.01, -999, -999, -999, -999, -999, -999, -999, -999, -999, -999, -999, -999 
  7255313,18434420+4249026 ,12.29, 0,1,-999.00, 2.78, 0.01,1.106,0.482, -999, -999, -999, -999, -999, -999, -999, -999, -999, -999 
  7258771,18504991+4253073 ,11.99, 0,1,-999.00, 2.83, 0.01,1.196,0.434, -999, -999, -999, -999, -999, -999, -999, -999, -999, -999 
  7259237,18514218+4248475 ,11.15, 0,1,-999.00, 3.15, 0.01,1.153,0.389, -999, -999, -999, -999, -999, -999, -999, -999, -999, -999 
  7259653,18522902+4249485 ,11.69, 0,0,-999.00, 2.51, 0.01,-0.090,0.420,0.168,0.001,0.628,0.004,0.875,0.025,0.739,0.020,0.565,0.010 
  7264736,19021042+4251452 ,12.28, 0,1,-999.00, 2.74, 0.01, -999, -999, -999, -999, -999, -999, -999, -999, -999, -999, -999, -999 
  7265067,19024628+4252418 ,12.23, 0,0,-999.00, 2.59, 0.01, -999, -999, -999, -999, -999, -999, -999, -999, -999, -999, -999, -999 
  7265189,19025811+4251431 ,12.02, 0,1,-999.00, 2.85, 0.01, -999, -999,0.196,0.001,0.747,0.004,0.934,0.004,0.727,0.004,0.658,0.009 
  7266176,19044779+4250002 ,11.78, 0,1,-999.00, 3.35, 0.01,0.708,0.356,0.180,0.001,0.592,0.003,0.877,0.005,0.772,0.004,0.609,0.004 
  7266674,19054020+4252257 ,12.03, 0,2,-999.00, 2.40, 0.01,1.630,0.521,0.111,0.002,0.572,0.004,0.859,0.023,0.795,0.017,0.559,0.005 
  7267370,19065180+4252522 ,12.32, 0,2,-999.00, 2.54, 0.01,0.842,0.359,0.139,0.002,0.666,0.016,0.888,0.011,0.766,0.008,0.576,0.018 
  7270142,19112283+4249489 ,11.69, 0,1,-999.00, 2.62, 0.01, -999, -999,0.147,0.001,0.568,0.004,0.859,0.005,0.789,0.004,0.563,0.006 
  7272257,19144352+4248445 ,12.01, 0,0,-999.00, 2.28, 0.01, -999, -999,0.177,0.002,0.624,0.005,0.873,0.005,0.768,0.005,0.578,0.006 
  7273176,19160130+4253059 ,11.88, 0,2,-999.00, 2.39, 0.01, -999, -999,0.156,0.002,0.694,0.006,0.890,0.009,0.721,0.007,0.570,0.007 
  7273426,19162315+4253565 ,11.39, 0,2,-999.00, 2.39, 0.01, -999, -999,0.155,0.002,0.625,0.005,0.862,0.006,0.774,0.006,0.527,0.007 
  7281777,19265016+4249252 ,11.71, 0,2,-999.00, 2.47, 0.01, -999, -999,0.209,0.008,0.619,0.007,0.862,0.007,0.797,0.008,0.551,0.009 
  7284968,19305192+4250363 ,11.79, 0,2,-999.00, 2.45, 0.01, -999, -999,0.150,0.003,0.663,0.006,0.871,0.011,0.765,0.010,0.560,0.005 
  7286741,19330389+4249023 ,11.10, 0,1,-999.00, 2.66, 0.01, -999, -999,0.182,0.002,0.618,0.011,0.887,0.011,0.775,0.013,0.589,0.016 
  7286856,19331325+4248291 , 7.85, 0,1,-999.00, 3.22, 0.01, -999, -999,0.173,0.002,0.549,0.007,0.876,0.008,0.791,0.007,0.605,0.007 
  7287493,19335799+4248277 ,11.06, 6,0,-999.00, 2.66, 0.01, -999, -999,0.286,0.004,0.723,0.007,0.883,0.013,0.720,0.012,0.601,0.009 
  7288301,19345431+4250179 ,12.44, 0,2,-999.00, 2.41, 0.01, -999, -999,0.125,0.005,0.612,0.011,0.857,0.006,0.756,0.007,0.565,0.015 
  7288529,19350983+4252150 ,11.95, 0,2,-999.00, 2.37, 0.01, -999, -999,0.124,0.004,0.618,0.004,0.871,0.006,0.750,0.008,0.571,0.004 
  7289277,19355929+4248464 ,11.81, 0,2,-999.00, 2.37, 0.01, -999, -999,0.127,0.003,0.657,0.009,0.877,0.006,0.724,0.006,0.595,0.011 
  7293054,19400955+4252460 ,11.05, 0,0,-999.00, 2.54, 0.01, -999, -999,0.160,0.001,0.618,0.004,0.858,0.004,0.748,0.004,0.569,0.005 
  7293609,19404194+4250067 ,11.82, 0,2,-999.00, 2.41, 0.01, -999, -999,0.168,0.001,0.693,0.003,0.875,0.004,0.747,0.003,0.571,0.003 
  7294715,19414675+4248424 ,11.58, 0,2,-999.00, 2.54, 0.01, -999, -999,0.161,0.001,0.657,0.002,0.874,0.003,0.754,0.003,0.565,0.002 
  7295725,19424715+4251273 ,11.41, 0,1,-999.00, 2.85, 0.01, -999, -999,0.131,0.001,0.634,0.007,0.879,0.005,0.760,0.006,0.551,0.009 
  7296975,19440030+4253561 ,11.73, 0,2,-999.00, 2.58, 0.01, -999, -999, -999, -999, -999, -999, -999, -999, -999, -999,0.530,0.006 
  7297940,19445702+4248216 ,11.67, 0,1,-999.00, 2.93, 0.01, -999, -999,0.158,0.001,0.669,0.003,0.876,0.004,0.728,0.004,0.587,0.004 
  7301518,19482200+4251256 ,11.48, 0,2,-999.00, 2.90, 0.01, -999, -999, -999, -999, -999, -999, -999, -999, -999, -999, -999, -999 
  7302117,19485170+4250471 ,12.02, 0,1,-999.00, 3.25, 0.01, -999, -999, -999, -999, -999, -999, -999, -999, -999, -999, -999, -999 
  7303187,19494725+4252577 ,11.55, 0,0,-999.00, 2.31, 0.01, -999, -999,0.148,0.003, -999, -999,0.845,0.010,0.797,0.012,0.550,0.012 
  7305252,19513384+4251494 ,11.50, 0,1,-999.00, 2.64, 0.01, -999, -999, -999, -999, -999, -999, -999, -999, -999, -999, -999, -999 
  7335125,18421113+4259024 ,11.44, 0,2,-999.00, 2.35, 0.01,0.500,0.345, -999, -999, -999, -999, -999, -999, -999, -999, -999, -999 
  7337994,18483512+4255517 ,10.89, 0,2,-999.00, 2.36, 0.01,0.098,0.335,0.162,0.001,0.678,0.003,0.895,0.003,0.743,0.003,0.578,0.008 
  7340568,18531117+4257484 ,12.43, 0,2,-999.00, 2.42, 0.01,0.333,0.438,0.152,0.003,0.703,0.006,0.890,0.007,0.753,0.005,0.571,0.009 
  7340724,18532325+4255499 , 8.41, 2,1,  6.30, 3.03, 0.01,0.682,0.335, -999, -999, -999, -999, -999, -999, -999, -999, -999, -999 
  7340789,18533229+4256171 ,11.35, 0,1,-999.00, 2.72, 0.01,0.783,0.445, -999, -999, -999, -999, -999, -999, -999, -999, -999, -999 
  7345200,19014485+4259275 ,10.22, 0,2,-999.00, 2.40, 0.01, -999, -999,0.151,0.004,0.614,0.009,0.862,0.044,0.776,0.038,0.593,0.015 
  7345204,19014526+4259386 ,11.29, 0,1,-999.00, 2.58, 0.01, -999, -999,0.109,0.002,0.588,0.034,0.865,0.009,0.776,0.008,0.558,0.031 
  7346365,19035276+4255340 ,11.70, 0,1,-999.00, 2.63, 0.01, -999, -999,0.096,0.001,0.570,0.005,0.865,0.011,0.776,0.013,0.579,0.010 
  7346442,19040211+4259540 ,11.55, 0,1,-999.00, 2.60, 0.01,0.589,0.370,0.152,0.002,0.634,0.009,0.878,0.006,0.763,0.006,0.593,0.010 
  7347189,19052086+4254372 ,10.84, 0,0,-999.00, 2.51, 0.01,0.884,0.355,0.131,0.004,0.614,0.006,0.875,0.006,0.758,0.005,0.582,0.007 
  7348314,19071839+4258365 ,12.15, 0,1,-999.00, 2.84, 0.01,1.513,0.424,0.104,0.002,0.567,0.004,0.872,0.011,0.778,0.010,0.584,0.007 
  7349386,19090196+4255087 ,11.75, 0,2,-999.00, 2.34, 0.01,1.798,0.422,0.129,0.002,0.576,0.008,0.853,0.015,0.784,0.014,0.559,0.014 
  7350769,19111354+4256079 ,10.82, 2,2, 90.00, 2.87, 0.01, -999, -999,0.218,0.001,0.721,0.009,0.897,0.012,0.716,0.009,0.600,0.012 
  7351098,19114520+4255162 ,11.20, 2,2,125.00, 2.98, 0.01, -999, -999,0.206,0.004,0.622,0.005,0.872,0.005,0.735,0.004,0.569,0.006 
  7352718,19141672+4254385 ,11.75, 0,2,-999.00, 2.43, 0.01, -999, -999, -999, -999, -999, -999, -999, -999, -999, -999, -999, -999 
  7352727,19141781+4254478 ,10.45, 0,2,-999.00, 2.47, 0.01, -999, -999, -999, -999, -999, -999, -999, -999, -999, -999, -999, -999 
  7363339,19274923+4254290 ,12.36, 0,2,-999.00, 2.46, 0.01, -999, -999, -999, -999, -999, -999, -999, -999, -999, -999, -999, -999 
  7363357,19275088+4257174 ,12.14, 0,2,-999.00, 2.54, 0.01, -999, -999,0.156,0.002,0.649,0.006,0.872,0.006,0.752,0.005,0.563,0.009 
  7364232,19290099+4254058 ,11.11, 0,0,-999.00, 2.62, 0.01, -999, -999,0.169,0.003,0.625,0.021,0.888,0.037,0.752,0.034,0.580,0.024 
  7365701,19304708+4256472 ,11.59, 0,2,-999.00, 2.41, 0.01, -999, -999,0.215,0.004,0.759,0.016,0.906,0.010,0.730,0.011,0.593,0.019 
  7366321,19313409+4255245 ,11.72, 0,2,-999.00, 2.54, 0.01, -999, -999,0.140,0.002,0.677,0.013,0.888,0.007,0.740,0.006,0.569,0.018 
  7366820,19321125+4258545 ,12.02, 0,2,-999.00, 2.46, 0.01, -999, -999,0.147,0.003,0.682,0.006,0.859,0.009,0.735,0.007,0.552,0.006 
  7367400,19325069+4259223 ,10.50, 0,2,-999.00, 2.93, 0.01, -999, -999,0.165,0.003,0.669,0.006,0.872,0.007,0.732,0.006,0.565,0.006 
  7368013,19333246+4255329 ,12.18, 0,1,-999.00, 2.86, 0.01, -999, -999,0.154,0.003,0.627,0.003,0.872,0.004,0.770,0.004,0.576,0.003 
  7368584,19341484+4256292 ,10.73, 0,2,-999.00, 2.62, 0.01, -999, -999,0.183,0.003,0.730,0.015,0.887,0.018,0.730,0.020,0.588,0.017 
  7374005,19401460+4256541 ,11.53, 0,2,-999.00, 2.65, 0.01, -999, -999,0.213,0.001,0.760,0.003,0.888,0.003,0.679,0.003,0.580,0.004 
  7374869,19410937+4258421 ,11.90, 0,1,-999.00, 3.08, 0.01, -999, -999,0.149,0.001,0.606,0.003,0.878,0.002,0.761,0.002,0.599,0.004 
  7375177,19412604+4254039 ,11.53, 2,2,106.00, 2.77, 0.01, -999, -999,0.199,0.001,0.729,0.002,0.898,0.007,0.705,0.009,0.607,0.003 
  7376659,19425711+4259371 ,11.62, 0,1,-999.00, 2.96, 0.01, -999, -999,0.147,0.001,0.573,0.016,0.879,0.004,0.763,0.004,0.608,0.027 
  7381710,19474549+4257371 ,10.32, 0,2,-999.00, 2.87, 0.01, -999, -999, -999, -999, -999, -999, -999, -999, -999, -999, -999, -999 
  7382407,19482119+4257211 ,10.84, 0,1,-999.00, 2.55, 0.01, -999, -999, -999, -999, -999, -999, -999, -999, -999, -999, -999, -999 
  7384523,19501117+4258371 ,11.84, 0,2,-999.00, 2.45, 0.01, -999, -999,0.128,0.001,0.619,0.003,0.867,0.009,0.763,0.009,0.575,0.004 
  7385745,19511062+4257540 ,12.49, 0,1,-999.00, 2.67, 0.01, -999, -999,0.118,0.002,0.523,0.012,0.849,0.004,0.775,0.003,0.554,0.018 
  7387188,19522216+4257226 ,11.62, 0,2,-999.00, 2.43, 0.01, -999, -999,0.132,0.001,0.616,0.003,0.863,0.006,0.794,0.004,0.543,0.004 
  7387808,19525603+4259408 ,11.35, 0,1,-999.00, 2.99, 0.01, -999, -999, -999, -999, -999, -999,0.846,0.006,0.807,0.006,0.552,0.004 
  7420223,18495787+4303406 ,11.37, 0,2,-999.00, 2.46, 0.01,0.964,0.367, -999, -999, -999, -999, -999, -999, -999, -999, -999, -999 
  7420646,18504359+4303193 ,12.49, 0,0,-999.00, 2.51, 0.01,0.822,0.444, -999, -999, -999, -999, -999, -999, -999, -999, -999, -999 
  7422349,18533073+4300156 ,12.05, 0,1,-999.00, 3.23, 0.01,0.539,0.371,0.208,0.002,0.657,0.003,0.884,0.005,0.737,0.005,0.597,0.007 
  7428418,19040591+4301431 , 9.93, 0,2,-999.00, 2.46, 0.01,1.263,0.378,0.141,0.001,0.666,0.008,0.871,0.005,0.764,0.004,0.562,0.004 
  7428931,19050213+4302026 ,12.40, 0,1,-999.00, 2.30, 0.01, -999, -999,0.135,0.002,0.628,0.004,0.871,0.006,0.808,0.005,0.570,0.004 
  7429055,19051309+4302119 ,11.25, 0,0,-999.00, 2.69, 0.01,1.331,0.415,0.127,0.002,0.526,0.007,0.867,0.011,0.786,0.009, -999, -999 
  7430415,19072900+4305328 ,11.80, 0,0,-999.00, 2.19, 0.01,1.096,0.477, -999, -999, -999, -999, -999, -999, -999, -999, -999, -999 
  7430868,19081804+4300143 ,10.29, 0,0,-999.00, 2.64, 0.01,1.385,0.391,0.131,0.002,0.558,0.005,0.882,0.006,0.782,0.006,0.579,0.007 
  7431665,19093039+4300341 ,10.97, 4,0,-999.00, 2.64, 0.01,0.434,0.342,0.176,0.001,0.606,0.005,0.874,0.007,0.762,0.007,0.585,0.004 
  7435143,19145847+4305450 ,11.99, 0,2,-999.00, 2.71, 0.01, -999, -999,0.230,0.003, -999, -999,0.832,0.007,0.794,0.006,0.549,0.010 
  7439931,19211020+4303292 ,11.67, 0,1,-999.00, 3.30, 0.01, -999, -999,0.193,0.002,0.603,0.005,0.895,0.010,0.756,0.010,0.595,0.004 
  7440390,19214065+4305320 ,12.20, 0,0,-999.00, 3.15, 0.01, -999, -999,0.194,0.003,0.630,0.005,0.893,0.008,0.755,0.009,0.584,0.017 
  7440490,19214627+4301369 ,12.42, 0,2,-999.00, 2.31, 0.01, -999, -999,0.171,0.003,0.695,0.007,0.915,0.007,0.776,0.007,0.597,0.004 
  7445518,19275409+4302358 ,11.71, 0,2,-999.00, 2.85, 0.01, -999, -999, -999, -999, -999, -999, -999, -999, -999, -999, -999, -999 
  7445653,19280492+4300061 ,10.05, 2,0, 90.00, 2.39, 0.01, -999, -999, -999, -999, -999, -999, -999, -999, -999, -999, -999, -999 
  7445698,19280910+4300039 ,11.78, 0,0,-999.00, 2.50, 0.01, -999, -999,0.159,0.003,0.621,0.006,0.859,0.011,0.752,0.011,0.553,0.015 
  7446296,19285267+4303230 ,11.99, 0,1,-999.00, 2.75, 0.01, -999, -999,0.173,0.002,0.677,0.004,0.890,0.006,0.746,0.006,0.600,0.008 
  7447703,19303701+4304376 ,10.74, 0,0,-999.00, 2.48, 0.01, -999, -999,0.173,0.003,0.683,0.006,0.879,0.009,0.762,0.008,0.575,0.009 
  7448051,19310346+4305388 ,11.10, 0,0,-999.00, 2.42, 0.01, -999, -999,0.134,0.004,0.568,0.022,0.842,0.029,0.772,0.026,0.545,0.034 
  7448560,19314034+4301142 ,10.51, 0,2,-999.00, 2.53, 0.01, -999, -999, -999, -999, -999, -999, -999, -999, -999, -999, -999, -999 
  7449159,19322083+4302115 ,12.43, 0,0,-999.00, 2.81, 0.01, -999, -999,0.121,0.003,0.582,0.006,0.874,0.006,0.774,0.005,0.573,0.008 
  7450059,19332251+4301029 ,11.69, 0,0,-999.00, 2.59, 0.01, -999, -999,0.143,0.003,0.602,0.004,0.860,0.005,0.762,0.004,0.562,0.004 
  7450230,19333399+4302096 , 9.08, 0,1,-999.00, 3.24, 0.01, -999, -999, -999, -999, -999, -999, -999, -999, -999, -999, -999, -999 
  7451465,19350011+4305197 ,11.33, 2,0, 47.10, 3.04, 0.01, -999, -999, -999, -999, -999, -999, -999, -999, -999, -999, -999, -999 
  7457184,19410681+4303056 ,11.62, 0,1,-999.00, 2.73, 0.01, -999, -999,0.138,0.004,0.545,0.003,0.847,0.004,0.735,0.003,0.522,0.003 
  7462845,19461382+4305049 ,11.01, 0,0,-999.00, 2.59, 0.01, -999, -999,0.140,0.002,0.526,0.003,0.853,0.004,0.767,0.004,0.550,0.003 
  7463281,19463847+4305093 ,10.28, 0,2,-999.00, 2.60, 0.01, -999, -999,0.151,0.001,0.682,0.003,0.878,0.007,0.717,0.006,0.558,0.004 
  7465221,19481556+4304509 ,11.44, 0,2,-999.00, 2.50, 0.01, -999, -999,0.158,0.002,0.618,0.005,0.867,0.005,0.770,0.004,0.571,0.012 
  7465477,19482845+4302580 ,11.37, 0,0,-999.00, 2.95, 0.01, -999, -999, -999, -999, -999, -999, -999, -999, -999, -999, -999, -999 
  7465993,19485112+4305201 ,10.70, 2,1, 81.50, 3.07, 0.01, -999, -999, -999, -999, -999, -999, -999, -999, -999, -999, -999, -999 
  7466616,19492417+4300029 ,11.88, 0,2,-999.00, 2.80, 0.01, -999, -999,0.167,0.002,0.645,0.005,0.865,0.004,0.754,0.004,0.583,0.003 
  7467630,19501503+4305506 ,10.10, 0,2,-999.00, 2.78, 0.01, -999, -999, -999, -999, -999, -999, -999, -999, -999, -999, -999, -999 
  7468404,19505066+4302010 ,10.51, 0,2,-999.00, 2.81, 0.01, -999, -999,0.174,0.003,0.707,0.005,0.891,0.004,0.748,0.004,0.603,0.007 
  7468893,19511346+4301124 ,11.76, 0,1,-999.00, 2.87, 0.01, -999, -999,0.160,0.002,0.632,0.003,0.885,0.010,0.748,0.008,0.566,0.003 
  7499677,18420153+4308144 ,11.79, 2,2, 43.80, 2.36, 0.01,0.309,0.380,0.179,0.001,0.641,0.003,0.884,0.004,0.739,0.004,0.569,0.004 
  7500267,18432156+4306147 , 9.95, 0,2,-999.00, 2.46, 0.01, -999, -999, -999, -999, -999, -999, -999, -999, -999, -999, -999, -999 
  7500388,18433632+4308157 ,11.76, 0,0,-999.00, 2.51, 0.01,0.388,0.397,0.141,0.001,0.591,0.003,0.895,0.004,0.754,0.004,0.581,0.004 
  7501722,18463409+4308006 ,12.35, 0,1,-999.00, 3.02, 0.01,1.266,0.538,0.165,0.002,0.525,0.005,0.853,0.007,0.789,0.007,0.562,0.007 
  7502070,18471584+4309325 ,12.37, 0,0,-999.00, 2.43, 0.01,-0.034,0.413,0.172,0.001,0.622,0.007,0.900,0.005,0.749,0.005,0.580,0.011 
  7504619,18520819+4306304 ,12.14, 0,1,-999.00, 3.28, 0.01,0.458,0.403,0.189,0.003,0.571,0.004,0.870,0.014,0.761,0.011,0.591,0.006 
  7510604,19025851+4307130 ,11.41, 8,0,-999.00, 2.44, 0.01, -999, -999, -999, -999,0.666,0.009,0.841,0.007,0.739,0.007,0.570,0.013 
  7513379,19073771+4309197 ,11.94, 0,0,-999.00, 2.97, 0.01,0.412,0.352,0.176,0.003,0.649,0.006,0.894,0.007,0.755,0.005,0.599,0.007 
  7515137,19102313+4311562 ,12.15, 0,1,-999.00, 2.73, 0.01, -999, -999,0.147,0.004,0.532,0.005,0.855,0.006,0.792,0.006,0.549,0.006 
  7515516,19105851+4309459 ,10.44, 0,2,-999.00, 2.89, 0.01, -999, -999,0.160,0.002,0.674,0.004,0.877,0.008,0.751,0.007,0.561,0.007 
  7516354,19121572+4307296 ,11.43,54,0,-999.00,-999.00,-999.00, -999, -999,0.150,0.001,0.684,0.012,0.885,0.019,0.722,0.015,0.571,0.014 
  7518143,19145760+4308359 ,12.22, 0,1,-999.00, 3.11, 0.01, -999, -999, -999, -999, -999, -999, -999, -999, -999, -999, -999, -999 
  7518352,19151355+4306241 ,10.81, 0,1,-999.00, 2.80, 0.01, -999, -999, -999, -999, -999, -999, -999, -999, -999, -999, -999, -999 
  7522297,19203288+4310050 ,11.43, 0,2,-999.00, 2.41, 0.01, -999, -999,0.156,0.002,0.668,0.007,0.877,0.009,0.751,0.008,0.578,0.008 
  7522765,19210616+4311451 ,11.67, 0,1,-999.00, 2.32, 0.01, -999, -999, -999, -999, -999, -999, -999, -999, -999, -999, -999, -999 
  7523875,19223251+4311289 ,11.39, 0,0,-999.00, 2.85, 0.01, -999, -999,0.158,0.003,0.629,0.006,0.884,0.018,0.767,0.012,0.577,0.009 
  7529215,19290456+4307142 ,11.54, 0,1,-999.00, 2.87, 0.01, -999, -999,0.163,0.002,0.652,0.006,0.870,0.007,0.750,0.006,0.596,0.008 
  7530451,19303555+4309367 ,10.76, 0,2,-999.00, 2.61, 0.01, -999, -999,0.186,0.006,0.743,0.007,0.892,0.008,0.722,0.007,0.586,0.010 
  7530496,19303878+4311029 ,11.30, 0,0,-999.00, 2.64, 0.01, -999, -999,0.147,0.002, -999, -999,0.842,0.027,0.791,0.023,0.542,0.009 
  7531119,19312198+4310412 ,12.29, 0,1,-999.00, 2.71, 0.01, -999, -999, -999, -999, -999, -999, -999, -999, -999, -999, -999, -999 
  7531332,19313658+4309553 ,10.92, 0,0,-999.00, 2.86, 0.01, -999, -999, -999, -999, -999, -999, -999, -999, -999, -999, -999, -999 
  7533496,19335960+4306028 ,12.44, 0,2,-999.00, 2.50, 0.01, -999, -999,0.146,0.002,0.721,0.011,0.880,0.022,0.735,0.017,0.569,0.017 
  7533804,19341949+4311463 ,11.46, 0,0,-999.00, 2.69, 0.01, -999, -999,0.177,0.003,0.696,0.013,0.874,0.005,0.744,0.004,0.585,0.020 
  7533995,19343332+4306202 ,10.13, 0,1,-999.00, 2.93, 0.01, -999, -999, -999, -999,0.523,0.004,0.869,0.005,0.841,0.005,0.610,0.009 
  7538896,19394010+4307580 ,12.09, 0,2,-999.00, 2.74, 0.01, -999, -999,0.138,0.003,0.671,0.007,0.869,0.007,0.719,0.007,0.541,0.005 
  7543102,19434962+4310036 ,10.23, 0,0,-999.00, 2.84, 0.01, -999, -999,0.164,0.002,0.649,0.002,0.898,0.003,0.773,0.003,0.649,0.003 
  7547646,19475232+4306164 ,10.99, 2,2, 88.70, 2.72, 0.01, -999, -999,0.205,0.001,0.667,0.004,0.860,0.010,0.705,0.009,0.578,0.005 
  7547964,19480954+4307589 ,11.56, 0,0,-999.00, 2.65, 0.01, -999, -999,0.158,0.003,0.600,0.010,0.870,0.006,0.739,0.005,0.559,0.019 
  7550056,19495505+4306311 ,11.20, 0,2,-999.00, 2.53, 0.01, -999, -999,0.167,0.002,0.723,0.004,0.891,0.003,0.738,0.003,0.568,0.005 
  7550955,19504130+4306095 ,12.25, 0,1,-999.00, 2.95, 0.01, -999, -999,0.150,0.001,0.576,0.002,0.874,0.006,0.774,0.006,0.548,0.003 
  7551643,19511724+4310082 ,12.46, 0,2,-999.00, 2.94, 0.01, -999, -999, -999, -999, -999, -999, -999, -999, -999, -999, -999, -999 
  7552577,19520640+4307318 ,10.84, 0,2,-999.00, 2.61, 0.01, -999, -999, -999, -999, -999, -999, -999, -999, -999, -999, -999, -999 
  7552750,19521511+4310503 ,12.29, 1,0,101.00,-999.00,-999.00, -999, -999, -999, -999, -999, -999, -999, -999, -999, -999, -999, -999 
  7581399,18410298+4315506 ,11.49, 0,2,-999.00, 2.83, 0.01,0.545,0.423,0.188,0.001,0.719,0.004,0.882,0.007,0.727,0.008,0.573,0.006 
  7581822,18420846+4315092 ,12.01, 0,1,-999.00, 3.11, 0.01, -999, -999,0.140,0.001,0.524,0.005,0.865,0.007,0.788,0.007,0.586,0.004 
  7584122,18475427+4316231 ,11.69, 0,1,-999.00, 3.31, 0.01,0.745,0.403, -999, -999, -999, -999, -999, -999, -999, -999, -999, -999 
  7584900,18493343+4316544 ,11.30, 0,1,-999.00, 3.41, 0.01,0.758,0.352,0.181,0.001,0.515,0.006,0.865,0.005,0.826,0.004,0.596,0.004 
  7585122,18500383+4316049 , 9.36, 0,2,-999.00, 2.51, 0.01,1.452,0.354,0.135,0.002,0.592,0.005,0.858,0.008,0.792,0.008,0.526,0.036 
  7585506,18505093+4317499 ,11.38, 0,2,-999.00, 2.48, 0.01,1.678,0.371, -999, -999, -999, -999, -999, -999, -999, -999, -999, -999 
  7585523,18505327+4316284 ,11.70, 0,2,-999.00, 2.46, 0.01, -999, -999,0.138,0.006,0.692,0.007,0.880,0.007,0.746,0.007,0.543,0.018 
  7585696,18511638+4314374 , 9.58, 0,2,-999.00, 2.50, 0.01,1.005,0.379, -999, -999,0.735,0.005,0.873,0.029,0.735,0.024,0.635,0.027 
  7587353,18543290+4316385 ,11.47, 0,1,-999.00, 2.36, 0.01, -999, -999,0.121,0.001,0.595,0.005,0.857,0.043,0.777,0.046,0.540,0.045 
  7587763,18551914+4313143 ,10.89, 0,1,-999.00, 2.48, 0.01, -999, -999,0.150,0.001,0.676,0.014,0.901,0.024,0.743,0.022,0.605,0.027 
  7591642,19024832+4312298 ,11.77, 0,2,-999.00, 2.35, 0.01, -999, -999,0.154,0.002,0.670,0.012,0.883,0.012,0.752,0.010,0.587,0.002 
  7592356,19041103+4315299 ,11.51, 0,2,-999.00, 2.40, 0.01,0.243,0.383,0.174,0.001,0.676,0.009,0.881,0.012,0.741,0.011,0.582,0.015 
  7593843,19070058+4314038 ,11.64, 0,2,-999.00, 2.42, 0.01, -999, -999,0.145,0.002,0.645,0.004,0.871,0.006,0.777,0.006,0.593,0.019 
  7594337,19074946+4314241 ,11.60, 0,1,-999.00, 2.90, 0.01,0.073,0.349,0.168,0.001,0.657,0.021,0.912,0.004,0.745,0.004,0.621,0.004 
  7594865,19084355+4317586 ,11.96, 0,2,-999.00, 2.39, 0.01,0.516,0.370, -999, -999, -999, -999, -999, -999, -999, -999, -999, -999 
  7595155,19091067+4316190 ,11.84, 0,2,-999.00, 2.36, 0.01,1.825,0.505, -999, -999, -999, -999,0.836,0.005,0.798,0.004,0.538,0.005 
  7595285,19092430+4315023 ,10.60, 0,0,-999.00, 2.38, 0.01,1.110,0.442,0.140,0.005,0.660,0.003,0.878,0.007,0.766,0.007,0.552,0.006 
  7595572,19095280+4316024 ,11.03, 0,2,-999.00, 2.61, 0.01, -999, -999,0.159,0.002,0.633,0.005,0.863,0.006,0.761,0.006,0.539,0.011 
  7596350,19111479+4315088 ,11.10, 4,0,-999.00, 2.56, 0.01,-0.219,0.335,0.168,0.001,0.769,0.008,0.909,0.009,0.734,0.009,0.608,0.009 
  7596701,19115069+4314293 ,12.16, 0,0,-999.00, 2.57, 0.01,0.071,0.416,0.151,0.002,0.605,0.005,0.880,0.006,0.759,0.006,0.582,0.010 
  7597230,19124406+4314396 ,11.92, 0,2,-999.00, 2.49, 0.01, -999, -999,0.171,0.002,0.671,0.010,0.865,0.015,0.756,0.013,0.556,0.015 
  7597390,19125915+4312254 ,12.48, 2,0, 77.00, 2.38, 0.01, -999, -999,0.177,0.002,0.660,0.005,0.869,0.007,0.741,0.005,0.555,0.006 
  7601618,19192838+4315223 ,12.12, 0,0,-999.00, 2.43, 0.01, -999, -999,0.194,0.002,0.580,0.006,0.881,0.008,0.789,0.008,0.595,0.008 
  7601720,19193843+4314461 ,10.97, 0,2,-999.00, 2.40, 0.01, -999, -999,0.145,0.002,0.629,0.009,0.872,0.011,0.779,0.011,0.551,0.009 
  7605065,19235587+4316386 ,12.03, 0,0,-999.00, 2.63, 0.01, -999, -999, -999, -999, -999, -999, -999, -999, -999, -999, -999, -999 
  7609378,19293304+4312576 ,11.26, 0,2,-999.00, 2.43, 0.01, -999, -999,0.158,0.002,0.632,0.007,0.863,0.011,0.752,0.009,0.552,0.006 
  7610417,19304941+4316010 ,10.83, 0,1,-999.00, 2.85, 0.01, -999, -999,0.188,0.002,0.574,0.012,0.867,0.020,0.772,0.020,0.581,0.012 
  7611069,19313934+4313538 ,11.62, 0,1,-999.00, 3.11, 0.01, -999, -999,0.169,0.002,0.596,0.010,0.866,0.013,0.755,0.012,0.575,0.013 
  7612115,19325497+4316253 ,12.46, 0,2,-999.00, 2.35, 0.01, -999, -999,0.149,0.003,0.611,0.003,0.879,0.003,0.770,0.003,0.594,0.003 
  7612341,19331471+4313136 ,12.47, 0,2,-999.00, 2.49, 0.01, -999, -999, -999, -999,0.662,0.003,0.886,0.008,0.771,0.008,0.583,0.004 
  7612547,19332882+4315072 ,12.24, 0,0,-999.00, 1.81, 0.01, -999, -999,0.160,0.004,0.875,0.006,0.935,0.006,0.733,0.005,0.661,0.010 
  7613227,19341570+4317258 ,11.62, 2,1,169.00, 3.28, 0.01, -999, -999,0.191,0.003,0.607,0.005,0.879,0.010,0.745,0.008,0.623,0.009 
  7616823,19381117+4315213 ,12.20, 0,2,-999.00, 2.43, 0.01, -999, -999,0.089,0.001,0.685,0.010,0.888,0.011,0.743,0.012,0.583,0.010 
  7616829,19381174+4314286 ,12.14, 0,2,-999.00, 2.37, 0.01, -999, -999,0.090,0.002,0.568,0.009,0.851,0.010,0.729,0.010,0.514,0.011 
  7617227,19383784+4312178 , 9.63, 0,1,-999.00, 2.78, 0.01, -999, -999, -999, -999, -999, -999, -999, -999, -999, -999, -999, -999 
  7618122,19393687+4313142 ,11.56, 0,0,-999.00, 2.75, 0.01, -999, -999,0.132,0.002,0.543,0.014,0.866,0.021,0.792,0.016,0.584,0.021 
  7618547,19400458+4312022 ,11.43, 0,2,-999.00, 2.44, 0.01, -999, -999, -999, -999, -999, -999, -999, -999, -999, -999, -999, -999 
  7619034,19403514+4317387 ,11.28, 0,2,-999.00, 2.56, 0.01, -999, -999,0.134,0.002,0.683,0.006,0.870,0.006,0.766,0.006,0.571,0.007 
  7619745,19411845+4314072 ,11.70, 0,1,-999.00, 3.15, 0.01, -999, -999,0.174,0.003,0.598,0.004,0.879,0.007,0.719,0.006,0.588,0.005 
  7620272,19415115+4314235 ,12.49, 0,2,-999.00, 2.51, 0.01, -999, -999,0.117,0.003,0.577,0.007,0.846,0.006,0.740,0.006,0.513,0.009 
  7620783,19422243+4314146 ,11.94, 0,2,-999.00, 2.77, 0.01, -999, -999, -999, -999, -999, -999, -999, -999, -999, -999, -999, -999 
  7621561,19431003+4316019 ,11.80, 0,1,-999.00, 2.97, 0.01, -999, -999,0.146,0.002,0.533,0.004,0.858,0.003,0.799,0.003,0.606,0.004 
  7621593,19431164+4315553 ,12.32, 0,1,-999.00, 3.02, 0.01, -999, -999, -999, -999, -999, -999, -999, -999, -999, -999, -999, -999 
  7622273,19435309+4312089 ,11.17, 0,1,-999.00, 2.99, 0.01, -999, -999,0.175,0.002,0.561,0.005,0.855,0.005,0.756,0.005,0.556,0.006 
  7622307,19435522+4314230 ,12.40, 0,1,-999.00, 2.99, 0.01, -999, -999, -999, -999, -999, -999, -999, -999, -999, -999, -999, -999 
  7623046,19444010+4315382 ,10.95, 0,2,-999.00, 2.78, 0.01, -999, -999,0.154,0.002,0.693,0.003,0.879,0.006,0.736,0.005,0.579,0.004 
  7626457,19475330+4313360 ,11.98, 0,1,-999.00, 3.15, 0.01, -999, -999,0.173,0.002,0.550,0.005,0.853,0.016,0.748,0.012,0.669,0.008 
  7630302,19512185+4312524 ,12.25, 0,1,-999.00, 3.07, 0.01, -999, -999,0.123,0.002,0.630,0.006,0.865,0.008,0.860,0.009,0.633,0.010 
  7631194,19521208+4313594 ,11.82, 0,2,-999.00, 2.68, 0.01, -999, -999, -999, -999, -999, -999, -999, -999, -999, -999, -999, -999 
  7635173,19555001+4316105 ,11.57, 0,0,-999.00, 2.40, 0.01, -999, -999,0.157,0.002,0.794,0.007,0.945,0.011,0.725,0.013,0.643,0.014 
  7661609,18495226+4320427 ,11.28, 3,1,169.00, 2.24, 0.01,0.139,0.435,0.196,0.001,0.557,0.004,0.845,0.004,0.763,0.004,0.528,0.004 
  7661720,18501136+4318562 ,10.03, 0,2,-999.00, 2.56, 0.01,1.095,0.442,0.110,0.003,0.591,0.005,0.844,0.010,0.778,0.008,0.520,0.007 
  7662025,18505015+4321099 ,11.88, 0,2,-999.00, 2.38, 0.01,0.424,0.367,0.155,0.004,0.686,0.006,0.898,0.015,0.755,0.015,0.587,0.035 
  7663241,18533359+4323384 ,11.32, 0,2,-999.00, 2.26, 0.01, -999, -999, -999, -999, -999, -999, -999, -999, -999, -999, -999, -999 
  7664191,18553139+4323216 , 9.43, 2,2, 82.00, 2.93, 0.01, -999, -999,0.202,0.001,0.687,0.003,0.885,0.003,0.729,0.003,0.585,0.006 
  7667124,19015389+4319599 ,12.32, 0,1,-999.00, 2.31, 0.01, -999, -999, -999, -999,0.587,0.006,0.873,0.007,0.795,0.007,0.575,0.004 
  7667657,19030150+4318195 ,11.88, 0,2,-999.00, 2.55, 0.01, -999, -999,0.162,0.003,0.646,0.018,0.884,0.023,0.769,0.024,0.622,0.011 
  7668613,19050206+4318442 , 8.40, 0,1,-999.00, 2.49, 0.01,0.407,0.381, -999, -999, -999, -999, -999, -999, -999, -999, -999, -999 
  7669105,19060156+4321474 ,12.13, 0,0,-999.00, 2.35, 0.01,0.273,0.361,0.145,0.001,0.707,0.005,0.897,0.008,0.754,0.006,0.597,0.007 
  7670419,19082304+4322376 ,11.31, 2,2,108.00, 2.38, 0.01,0.436,0.381,0.190,0.002,0.574,0.013,0.842,0.011,0.768,0.013,0.543,0.011 
  7670489,19083152+4321542 ,11.79, 0,0,-999.00, 2.45, 0.01, -999, -999,0.152,0.002,0.580,0.007,0.889,0.007,0.780,0.007,0.600,0.017 
  7670875,19091531+4319095 ,10.12, 2,1,200.00, 2.80, 0.01,-0.327,0.471,0.259,0.002,0.686,0.005,0.875,0.005,0.735,0.005,0.591,0.006 
  7671029,19093117+4319218 ,12.48, 0,0,-999.00, 2.46, 0.01, -999, -999,0.156,0.002,0.560,0.006,0.870,0.007,0.786,0.006,0.568,0.007 
  7671562,19102942+4319100 ,11.65, 2,0,114.00, 2.38, 0.01,0.971,0.390,0.135,0.002,0.562,0.004,0.846,0.007,0.734,0.006,0.517,0.006 
  7672292,19115495+4318009 ,12.26, 0,1,-999.00, 2.63, 0.01,0.167,0.417,0.138,0.001,0.566,0.006,0.874,0.007,0.771,0.008,0.576,0.008 
  7672969,19130462+4319546 ,10.76, 0,2,-999.00, 2.39, 0.01,0.778,0.397, -999, -999,0.628,0.008,0.820,0.007,0.666,0.008,0.549,0.010 
  7673019,19131087+4320110 ,11.58, 0,0,-999.00, 2.20, 0.01,0.708,0.347,0.151,0.002,0.696,0.005,0.897,0.007,0.740,0.006,0.577,0.006 
  7674224,19151771+4323498 ,11.77, 0,0,-999.00, 3.03, 0.01, -999, -999,0.152,0.002,0.561,0.012,0.865,0.017,0.784,0.013,0.583,0.017 
  7677194,19195612+4320225 ,10.82, 0,0,-999.00, 2.63, 0.01, -999, -999,0.162,0.004,0.588,0.006,0.884,0.009,0.814,0.007,0.596,0.006 
  7677317,19200778+4322461 ,11.12, 0,2,-999.00, 2.29, 0.01, -999, -999,0.150,0.002,0.604,0.006,0.849,0.010,0.765,0.009,0.575,0.007 
  7678547,19214350+4318505 ,11.37, 0,2,-999.00, 2.41, 0.01, -999, -999, -999, -999, -999, -999, -999, -999, -999, -999, -999, -999 
  7679799,19232866+4319381 ,12.05, 0,2,-999.00, 2.37, 0.01, -999, -999,0.203,0.002,0.721,0.006,0.900,0.011,0.735,0.010,0.590,0.008 
  7680159,19240206+4319203 ,10.42, 0,2,-999.00, 2.40, 0.01, -999, -999,0.442,0.003,0.699,0.009,0.920,0.009,0.770,0.009,0.623,0.012 
  7685039,19303755+4321138 ,12.12, 0,2,-999.00, 2.45, 0.01, -999, -999, -999, -999, -999, -999, -999, -999, -999, -999, -999, -999 
  7685260,19305589+4318588 ,10.80, 0,2,-999.00, 2.49, 0.01, -999, -999, -999, -999, -999, -999, -999, -999, -999, -999, -999, -999 
  7685316,19310024+4322154 ,12.15, 0,2,-999.00, 2.47, 0.01, -999, -999,0.124,0.002,0.640,0.004,0.857,0.005,0.754,0.005,0.543,0.005 
  7685724,19313237+4320500 ,12.02, 0,2,-999.00, 2.45, 0.01, -999, -999,0.154,0.003,0.706,0.007,0.870,0.009,0.729,0.007,0.563,0.007 
  7687390,19334280+4322590 ,10.24, 0,1,-999.00, 2.83, 0.01, -999, -999,0.170,0.002,0.572,0.005,0.861,0.005,0.784,0.005,0.573,0.005 
  7687755,19341203+4319137 ,11.14, 0,2,-999.00, 2.36, 0.01, -999, -999,0.171,0.003,0.682,0.006,0.884,0.007,0.748,0.006,0.599,0.006 
  7690692,19375696+4322261 ,11.74, 0,1,-999.00, 3.18, 0.01, -999, -999, -999, -999, -999, -999, -999, -999, -999, -999, -999, -999 
  7691148,19382799+4321254 ,11.88, 0,2,-999.00, 2.39, 0.01, -999, -999,0.148,0.003,0.630,0.004,0.871,0.005,0.754,0.005,0.573,0.006 
  7691614,19390235+4322511 ,12.37, 0,0,-999.00, 2.40, 0.01, -999, -999,0.120,0.008,0.614,0.007,0.874,0.037,0.774,0.038,0.591,0.005 
  7692850,19403170+4320065 ,10.52, 0,2,-999.00, 2.49, 0.01, -999, -999, -999, -999,0.643,0.003,0.839,0.003,0.776,0.004,0.528,0.044 
  7693833,19414204+4321514 ,11.76, 0,1,-999.00, 2.42, 0.01, -999, -999,0.271,0.001,0.925,0.005,0.970,0.007,0.719,0.007,0.830,0.007 
  7693845,19414348+4318384 ,11.23, 0,1,-999.00, 3.32, 0.01, -999, -999,0.164,0.001,0.529,0.004,0.857,0.006,0.733,0.005,0.576,0.005 
  7695624,19435009+4318233 ,12.42, 0,2,-999.00, 2.38, 0.01, -999, -999,0.176,0.001,0.691,0.007,0.889,0.006,0.714,0.006,0.568,0.010 
  7698511,19470516+4323576 ,11.35, 0,0,-999.00, 2.77, 0.01, -999, -999,0.158,0.001,0.600,0.004,0.871,0.008,0.714,0.008,0.577,0.005 
  7698688,19471592+4322405 ,11.72, 0,1,-999.00, 2.83, 0.01, -999, -999,0.146,0.003,0.607,0.007,0.890,0.006,0.732,0.007,0.566,0.010 
  7698929,19473155+4319297 ,11.21, 0,2,-999.00, 2.62, 0.01, -999, -999,0.176,0.001,0.681,0.003,0.874,0.004,0.719,0.003,0.592,0.004 
  7701048,19492691+4322467 ,11.33, 0,0,-999.00, 2.53, 0.01, -999, -999,0.220,0.002,0.601,0.007,0.856,0.006,0.747,0.006,0.584,0.008 
  7702822,19510272+4320440 ,11.18, 2,1, 69.00, 2.95, 0.01, -999, -999,0.237,0.002,0.729,0.005,0.877,0.005,0.753,0.004,0.573,0.006 
  7703954,19520552+4323291 , 9.42, 2,2, 72.00, 2.89, 0.01, -999, -999,0.238,0.003,0.680,0.006,0.881,0.004,0.712,0.004,0.584,0.005 
  7708320,19560597+4318464 ,12.31, 0,2,-999.00, 2.56, 0.01, -999, -999,0.145,0.002,0.613,0.004,0.873,0.051,0.746,0.044,0.546,0.004 
  7708681,19562485+4322019 ,10.73, 0,2,-999.00, 2.82, 0.01, -999, -999,0.151,0.002,0.691,0.004,0.899,0.005,0.775,0.003,0.539,0.051 
  7728958,18401164+4324434 ,12.30, 0,1,-999.00, 2.89, 0.01,0.314,0.505,0.160,0.003,0.587,0.040,0.885,0.003,0.727,0.004,0.590,0.003 
  7730752,18450971+4326495 , 8.54, 0,2,-999.00, 2.71, 0.01,0.880,0.345, -999, -999, -999, -999, -999, -999, -999, -999, -999, -999 
  7732255,18485612+4329190 ,10.34, 0,0,-999.00, 2.70, 0.01,0.705,0.326, -999, -999,0.617,0.003,0.880,0.008,0.760,0.006,0.576,0.008 
  7732335,18490829+4326418 ,11.30, 0,0,-999.00, 2.82, 0.01,0.804,0.343,0.135,0.002,0.624,0.004,0.877,0.011,0.743,0.012,0.573,0.009 
  7732836,18501850+4325203 ,11.51, 0,2,-999.00, 2.45, 0.01,-0.203,0.338,0.164,0.001,0.687,0.003,0.883,0.016,0.752,0.012,0.582,0.022 
  7734065,18531244+4329224 ,11.71, 0,2,-999.00, 2.34, 0.01,0.701,0.356,0.162,0.001,0.728,0.004,0.899,0.005,0.723,0.005,0.613,0.005 
  7741179,19082048+4325364 ,11.47, 2,2, 71.00, 2.35, 0.01,0.045,0.331,0.185,0.001,0.709,0.003,0.908,0.004,0.741,0.004,0.617,0.004 
  7741472,19085178+4326277 ,10.34, 0,1,-999.00, 3.23, 0.01,0.331,0.460,0.200,0.003,0.645,0.004,0.905,0.013,0.762,0.012,0.629,0.007 
  7742049,19095794+4325272 ,12.29, 2,2, 41.50, 2.30, 0.01,-0.228,0.340,0.272,0.001,0.799,0.009,0.836,0.006,0.705,0.005,0.636,0.005 
  7743176,19120267+4327431 ,11.42, 0,2,-999.00, 2.39, 0.01,-0.638,0.334,0.152,0.001,0.692,0.004,0.883,0.006,0.742,0.007,0.568,0.006 
  7743539,19124404+4324534 ,10.24, 0,2,-999.00, 2.52, 0.01,0.974,0.412,0.148,0.007,0.679,0.010,0.876,0.006,0.746,0.005,0.571,0.006 
  7743728,19130758+4324578 ,10.93, 2,1, 38.60, 3.23, 0.01,0.001,0.322,0.280,0.002,0.729,0.003,0.890,0.011,0.717,0.009,0.618,0.025 
  7744204,19140085+4328276 ,11.17, 0,2,-999.00, 2.64, 0.01,0.820,0.359,0.150,0.002,0.585,0.003,0.837,0.003,0.680,0.003,0.476,0.005 
  7747060,19185126+4328299 ,12.40, 2,2, 76.00, 2.59, 0.01, -999, -999, -999, -999, -999, -999, -999, -999, -999, -999, -999, -999 
  7747886,19200897+4324290 ,12.30, 0,0,-999.00, 2.51, 0.01, -999, -999,0.161,0.002,0.679,0.005,0.904,0.008,0.747,0.009,0.600,0.007 
  7749249,19215355+4325572 ,12.26, 0,0,-999.00, 2.76, 0.01, -999, -999,0.194,0.001,0.584,0.007,0.870,0.010,0.772,0.010,0.605,0.009 
  7761336,19381730+4329082 ,12.16, 0,1,-999.00, 3.20, 0.01, -999, -999,0.174,0.004,0.624,0.006,0.899,0.008,0.743,0.007,0.645,0.008 
  7762794,19400325+4324402 ,12.37, 0,1,-999.00, 2.91, 0.01, -999, -999,0.169,0.003,0.689,0.024,0.889,0.035,0.759,0.026,0.623,0.034 
  7764361,19415391+4329186 ,11.03, 0,2,-999.00, 2.67, 0.01, -999, -999,0.228,0.005,0.664,0.015,0.874,0.019,0.755,0.016,0.562,0.017 
  7766103,19435843+4329007 ,11.67, 0,2,-999.00, 2.61, 0.01, -999, -999, -999, -999, -999, -999, -999, -999, -999, -999, -999, -999 
  7766507,19442662+4325260 ,10.41, 0,2,-999.00, 2.42, 0.01, -999, -999,0.152,0.004,0.706,0.006,0.893,0.010,0.738,0.007,0.599,0.007 
  7767409,19452669+4325554 ,11.82, 0,1,-999.00, 3.00, 0.01, -999, -999,0.235,0.002,0.714,0.012,0.885,0.018,0.710,0.013,0.618,0.014 
  7769544,19474974+4325196 ,12.34, 0,1,-999.00, 3.30, 0.01, -999, -999,0.209,0.005,0.625,0.019,0.899,0.007,0.734,0.008,0.639,0.028 
  7771530,19494249+4325562 ,11.20, 0,0,-999.00, 2.39, 0.01, -999, -999,0.151,0.004,0.683,0.006,0.898,0.009,0.747,0.011, -999, -999 
  7771603,19494680+4328571 ,11.59, 0,2,-999.00, 2.47, 0.01, -999, -999,0.139,0.003,0.594,0.005,0.848,0.004,0.737,0.004,0.537,0.006 
  7779217,19570792+4324158 ,11.47, 0,2,-999.00, 2.61, 0.01, -999, -999,0.118,0.005,0.632,0.002,0.877,0.004,0.774,0.003,0.555,0.004 
  7798570,18421097+4331424 ,12.42, 0,1,-999.00, 2.81, 0.01,0.924,0.515, -999, -999, -999, -999, -999, -999, -999, -999, -999, -999 
  7799782,18452173+4334377 ,12.38, 0,0,-999.00, 2.58, 0.01,0.388,0.435,0.163,0.003,0.606,0.003,0.884,0.005,0.778,0.004,0.612,0.003 
  7799904,18453956+4335021 ,12.02, 0,1,-999.00, 2.80, 0.01, -999, -999,0.169,0.003,0.620,0.004,0.908,0.006,0.764,0.005,0.642,0.006 
  7800312,18464288+4330196 ,11.95, 0,2,-999.00, 2.40, 0.01,0.189,0.366, -999, -999, -999, -999, -999, -999, -999, -999, -999, -999 
  7800848,18480661+4334495 ,11.13, 0,2,-999.00, 2.68, 0.01,0.623,0.447, -999, -999, -999, -999, -999, -999, -999, -999, -999, -999 
  7801167,18485302+4334431 ,11.65, 0,2,-999.00, 2.40, 0.01,0.873,0.350, -999, -999, -999, -999, -999, -999, -999, -999, -999, -999 
  7801424,18492829+4332145 ,12.40, 0,1,-999.00, 3.19, 0.01,0.827,0.370,0.182,0.001,0.581,0.003,0.905,0.004,0.747,0.004,0.632,0.004 
  7802146,18511297+4335242 , 8.45, 0,2,-999.00, 2.38, 0.01,0.814,0.361, -999, -999, -999, -999, -999, -999, -999, -999, -999, -999 
  7802549,18520877+4335494 ,11.22, 0,2,-999.00, 2.40, 0.01,0.889,0.382,0.150,0.001,0.653,0.011,0.884,0.017,0.760,0.013,0.601,0.013 
  7807614,19030413+4331070 ,11.55, 0,0,-999.00, 2.40, 0.01, -999, -999,0.136,0.001,0.575,0.007,0.855,0.019,0.779,0.017,0.537,0.011 
  7808227,19042226+4330055 ,11.52, 0,2,-999.00, 2.42, 0.01, -999, -999,0.124,0.002,0.681,0.014,0.890,0.014,0.750,0.011,0.561,0.019 
  7808791,19053046+4333034 ,12.01, 0,2,-999.00, 2.44, 0.01,0.438,0.381, -999, -999, -999, -999, -999, -999, -999, -999, -999, -999 
  7808930,19054690+4334375 ,12.21, 0,2,-999.00, 2.49, 0.01,0.638,0.392,0.158,0.003,0.652,0.009,0.882,0.013,0.745,0.009,0.557,0.010 
  7811522,19105071+4335044 ,11.48, 0,0,-999.00, 2.33, 0.01,0.452,0.418,0.111,0.002,0.591,0.005,0.892,0.005,0.768,0.005,0.570,0.006 
  7817520,19204747+4334560 , 8.88, 0,0,-999.00, 2.39, 0.01, -999, -999, -999, -999, -999, -999, -999, -999, -999, -999, -999, -999 
  7819927,19235092+4335092 ,10.51, 0,2,-999.00, 2.43, 0.01, -999, -999,0.130,0.005,0.602,0.003,0.858,0.005,0.757,0.005,0.541,0.004 
  7820169,19241103+4334064 ,12.35, 0,2,-999.00, 2.37, 0.01, -999, -999,0.211,0.004,0.676,0.005,0.875,0.017,0.774,0.014,0.586,0.006 
  7821234,19253518+4330183 ,11.76, 0,2,-999.00, 2.44, 0.01, -999, -999,0.169,0.002,0.589,0.008,0.852,0.009,0.777,0.010,0.540,0.010 
  7826833,19332450+4331429 ,11.15, 0,2,-999.00, 2.53, 0.01, -999, -999,0.093,0.001,0.631,0.009,0.854,0.016,0.778,0.015,0.597,0.009 
  7831348,19390494+4333346 ,11.88, 0,1,-999.00, 2.46, 0.01, -999, -999,0.133,0.002,0.670,0.010,0.891,0.005,0.765,0.005,0.614,0.015 
  7832012,19395696+4334456 ,12.49, 0,2,-999.00, 2.47, 0.01, -999, -999,0.143,0.002,0.709,0.004,0.885,0.027,0.745,0.027,0.599,0.006 
  7833657,19415408+4335055 ,11.10, 0,0,-999.00, 2.87, 0.01, -999, -999,0.163,0.004,0.654,0.019,0.893,0.019,0.762,0.014,0.633,0.029 
  7834159,19423186+4333103 ,11.88, 0,2,-999.00, 2.50, 0.01, -999, -999,0.137,0.005,0.676,0.007,0.870,0.004,0.742,0.004,0.575,0.009 
  7835220,19434598+4333242 ,12.45, 0,2,-999.00, 2.41, 0.01, -999, -999,0.143,0.004,0.727,0.003,0.907,0.022,0.734,0.025,0.620,0.004 
  7835989,19443871+4334469 ,11.53, 0,2,-999.00, 2.46, 0.01, -999, -999,0.141,0.002,0.634,0.007,0.858,0.005,0.747,0.005,0.577,0.009 
  7837954,19465561+4331267 ,10.12, 0,0,-999.00, 2.95, 0.01, -999, -999, -999, -999, -999, -999, -999, -999, -999, -999, -999, -999 
  7838873,19475373+4330069 ,11.26, 0,2,-999.00, 2.75, 0.01, -999, -999,0.197,0.003,0.655,0.004,0.851,0.009,0.725,0.007,0.566,0.005 
  7839372,19482536+4335108 ,10.63, 0,2,-999.00, 2.52, 0.01, -999, -999,0.145,0.002,0.618,0.007,0.856,0.022,0.759,0.025,0.526,0.008 
  7841977,19505700+4332360 ,12.13, 0,2,-999.00, 2.79, 0.01, -999, -999,0.173,0.005,0.613,0.020,0.856,0.010,0.785,0.009,0.546,0.020 
  7847454,19560637+4332110 ,11.48, 0,1,-999.00, 3.21, 0.01, -999, -999,0.171,0.002,0.611,0.005,0.907,0.006,0.744,0.005,0.612,0.006 
  7847644,19561678+4332357 ,10.52, 2,2, 75.20, 2.37, 0.01, -999, -999,0.203,0.002,0.653,0.007,0.898,0.008,0.790,0.008,0.579,0.007 
  7866696,18384676+4337475 ,10.33, 0,0,-999.00, 2.38, 0.01, -999, -999,0.134,0.002,0.599,0.004,0.872,0.004,0.786,0.003,0.569,0.004 
  7867854,18421213+4337422 ,11.91, 0,2,-999.00, 2.41, 0.01,0.677,0.366,0.192,0.002,0.778,0.002,0.906,0.005,0.743,0.005,0.606,0.003 
  7868532,18441322+4336562 ,11.91, 0,1,-999.00, 2.77, 0.01, -999, -999,0.171,0.003, -999, -999,0.846,0.009,0.810,0.007,0.584,0.010 
  7868701,18444083+4341551 ,10.89, 0,0,-999.00, 2.32, 0.01,0.490,0.342, -999, -999, -999, -999, -999, -999, -999, -999, -999, -999 
  7869334,18462322+4337041 , 9.29, 0,2,-999.00, 2.51, 0.01,0.328,0.409,0.156,0.002,0.692,0.006,0.880,0.008,0.764,0.008,0.587,0.005 
  7869590,18470628+4340344 ,10.88, 1,0, 40.50,-999.00,-999.00,-1.362,0.470,1.044,0.002,0.598,0.004,0.831,0.005,0.971,0.004,0.773,0.032 
  7869659,18471626+4341202 ,11.34, 0,1,-999.00, 2.39, 0.01,-0.697,0.322,0.168,0.001,0.783,0.023,0.920,0.011,0.718,0.008,0.624,0.020 
  7870556,18492241+4339231 ,12.37, 0,1,-999.00, 3.26, 0.01, -999, -999, -999, -999, -999, -999, -999, -999, -999, -999, -999, -999 
  7870980,18501934+4341172 ,12.23, 0,2,-999.00, 2.43, 0.01,0.938,0.442,0.139,0.001,0.615,0.005,0.862,0.007,0.776,0.007,0.575,0.006 
  7871208,18505293+4338158 , 8.60, 0,2,-999.00, 2.67, 0.01,1.445,0.348, -999, -999, -999, -999, -999, -999, -999, -999, -999, -999 
  7872519,18534284+4338150 ,12.06, 0,2,-999.00, 2.43, 0.01,0.969,0.397,0.139,0.003,0.660,0.012,0.885,0.013,0.748,0.015,0.569,0.016 
  7878388,19061996+4336401 ,11.44, 0,1,-999.00, 2.93, 0.01, -999, -999,0.187,0.009,0.570,0.004,0.865,0.009,0.773,0.008,0.575,0.005 
  7880417,19103128+4337269 ,12.27, 0,1,-999.00, 3.20, 0.01,1.103,0.413,0.126,0.003, -999, -999,0.844,0.008,0.798,0.007,0.541,0.007 
  7880893,19112795+4336547 ,11.38, 0,1,-999.00, 3.04, 0.01,0.329,0.339,0.167,0.001,0.645,0.007,0.887,0.005,0.835,0.004,0.603,0.005 
  7885455,19194185+4336279 ,12.37, 0,2,-999.00, 2.36, 0.01, -999, -999, -999, -999, -999, -999, -999, -999, -999, -999, -999, -999 
  7887467,19222219+4340053 ,11.58, 0,2,-999.00, 2.55, 0.01, -999, -999, -999, -999, -999, -999, -999, -999, -999, -999, -999, -999 
  7888403,19234066+4336129 ,11.67, 0,0,-999.00, 2.58, 0.01, -999, -999,0.158,0.002,0.543,0.007,0.876,0.011,0.777,0.010,0.568,0.009 
  7889429,19250347+4336015 , 9.93, 0,2,-999.00, 2.34, 0.01, -999, -999, -999, -999, -999, -999, -999, -999, -999, -999, -999, -999 
  7890365,19261415+4340120 ,11.14, 2,2, 85.00, 2.89, 0.01, -999, -999, -999, -999, -999, -999, -999, -999, -999, -999, -999, -999 
  7897890,19364374+4341196 ,12.46, 0,2,-999.00, 2.35, 0.01, -999, -999,0.163,0.004,0.696,0.004,0.899,0.006,0.749,0.006,0.616,0.007 
  7898413,19372026+4339146 ,11.76, 0,0,-999.00, 2.48, 0.01, -999, -999,0.145,0.002,0.627,0.005,0.876,0.009,0.764,0.009,0.591,0.008 
  7899023,19380579+4341221 ,11.51, 0,2,-999.00, 2.45, 0.01, -999, -999,0.146,0.002,0.578,0.004,0.857,0.034,0.783,0.031,0.579,0.009 
  7899428,19383589+4341314 ,11.34, 1,0, 11.46,-999.00,-999.00, -999, -999,0.375,0.003,0.724,0.039,0.895,0.007,0.815,0.006,0.755,0.074 
  7900441,19395038+4340202 ,11.96, 0,2,-999.00, 2.63, 0.01, -999, -999, -999, -999, -999, -999, -999, -999, -999, -999, -999, -999 
  7900733,19401193+4337080 ,11.73, 0,2,-999.00, 2.42, 0.01, -999, -999,0.131,0.002,0.677,0.005,0.865,0.011,0.755,0.009,0.569,0.006 
  7901207,19404732+4340086 ,11.37, 2,2,131.00, 2.82, 0.01, -999, -999,0.247,0.005,0.622,0.009,0.853,0.007,0.748,0.006,0.614,0.012 
  7901381,19405956+4341186 ,12.10, 0,0,-999.00, 2.40, 0.01, -999, -999, -999, -999, -999, -999, -999, -999, -999, -999, -999, -999 
  7902578,19423016+4336589 ,11.00, 0,2,-999.00, 2.41, 0.01, -999, -999,0.106,0.004,0.586,0.006,0.851,0.005,0.782,0.005,0.573,0.007 
  7903173,19431187+4339204 ,11.92, 3,1, 20.00, 3.11, 0.01, -999, -999,0.162,0.002,0.628,0.004,0.894,0.008,0.770,0.009,0.640,0.006 
  7904910,19450838+4339517 ,11.44, 0,1,-999.00, 3.19, 0.01, -999, -999,0.200,0.001,0.642,0.003,0.884,0.004,0.742,0.004,0.621,0.003 
  7905047,19451725+4338317 ,10.84, 0,0,-999.00, 2.55, 0.01, -999, -999,0.142,0.002,0.614,0.005,0.883,0.007,0.762,0.006,0.610,0.005 
  7905696,19460178+4337388 ,11.96, 0,0,-999.00, 2.55, 0.01, -999, -999,0.121,0.001,0.596,0.003,0.846,0.003,0.761,0.003,0.600,0.005 
  7906186,19463540+4339248 ,10.73, 0,2,-999.00, 2.64, 0.01, -999, -999, -999, -999, -999, -999, -999, -999, -999, -999, -999, -999 
  7906607,19470350+4337276 ,11.42, 0,2,-999.00, 2.39, 0.01, -999, -999,0.167,0.003,0.677,0.004,0.884,0.006,0.667,0.005,0.579,0.006 
  7907664,19481119+4337038 ,11.48, 0,2,-999.00, 2.46, 0.01, -999, -999,0.166,0.002,0.613,0.003,0.855,0.004,0.765,0.005,0.566,0.004 
  7909320,19494926+4340343 ,11.26, 0,0,-999.00, 2.10, 0.01, -999, -999,0.348,0.001,0.595,0.007,0.892,0.006,0.783,0.005,0.553,0.008 
  7909976,19502551+4339402 , 6.99, 0,2,-999.00, 2.77, 0.01, -999, -999, -999, -999, -999, -999, -999, -999, -999, -999, -999, -999 
  7917803,19580179+4338350 ,11.23, 0,2,-999.00, 2.50, 0.01, -999, -999,0.114,0.001,0.657,0.004,0.857,0.006,0.757,0.006,0.540,0.005 
  7919558,19593937+4339580 ,11.70, 0,2,-999.00, 2.49, 0.01, -999, -999,0.139,0.003,0.666,0.005,0.864,0.032,0.748,0.026,0.531,0.014 
  7935931,18403944+4345281 ,11.93, 0,0,-999.00, 2.38, 0.01,0.469,0.552, -999, -999,0.552,0.030,0.847,0.004,0.786,0.004,0.524,0.003 
  7936407,18415448+4343117 ,10.18, 0,2,-999.00, 2.85, 0.01,1.154,0.364, -999, -999, -999, -999, -999, -999, -999, -999, -999, -999 
  7938029,18463743+4346238 ,11.79, 0,0,-999.00, 2.21, 0.01, -999, -999,0.135,0.002,0.514,0.003,0.851,0.007,0.788,0.007,0.548,0.004 
  7940675,18522824+4344036 ,10.68, 0,2,-999.00, 2.93, 0.01,0.689,0.365, -999, -999, -999, -999, -999, -999, -999, -999, -999, -999 
  7941728,18542890+4345219 ,12.24, 0,1,-999.00, 2.72, 0.01, -999, -999,0.165,0.001,0.638,0.004,0.900,0.007,0.736,0.007,0.600,0.005 
  7944193,18593425+4344170 ,12.18, 0,2,-999.00, 2.35, 0.01, -999, -999,0.133,0.001,0.621,0.005,0.863,0.005,0.766,0.005,0.543,0.057 
  7946762,19051360+4342174 ,10.88, 0,1,-999.00, 2.66, 0.01, -999, -999, -999, -999, -999, -999, -999, -999, -999, -999, -999, -999 
  7948086,19080061+4347114 ,11.29, 0,2,-999.00, 2.55, 0.01, -999, -999,0.177,0.001,0.660,0.005,0.868,0.008,0.766,0.006,0.555,0.006 
  7948193,19081539+4343599 ,11.09, 2,0,109.00, 2.98, 0.01, -999, -999, -999, -999, -999, -999, -999, -999, -999, -999, -999, -999 
  7949258,19102409+4346068 ,11.79, 0,2,-999.00, 2.43, 0.01,0.850,0.448,0.137,0.002,0.559,0.003,0.857,0.005,0.794,0.004,0.526,0.004 
  7949585,19110454+4342478 ,12.00, 0,2,-999.00, 2.52, 0.01,0.771,0.376,0.173,0.002,0.691,0.006,0.878,0.011,0.747,0.008,0.572,0.009 
  7949599,19110616+4346188 ,11.03, 0,2,-999.00, 2.44, 0.01,0.741,0.395,0.160,0.001,0.594,0.004,0.853,0.005,0.787,0.005,0.544,0.005 
  7950550,19125033+4344332 ,11.00, 0,1,-999.00, 2.71, 0.01,0.376,0.381,0.163,0.002,0.652,0.003,0.884,0.004,0.771,0.004,0.589,0.004 
  7954197,19191018+4345567 ,10.64, 2,0, 75.00, 2.41, 0.01, -999, -999,0.210,0.002,0.578,0.005,0.850,0.004,0.748,0.004,0.551,0.004 
  7955392,19205250+4344008 ,11.75, 0,0,-999.00, 2.53, 0.01, -999, -999,0.162,0.002,0.674,0.004,0.898,0.005,0.721,0.005,0.599,0.029 
  7956671,19223165+4346406 ,10.14, 0,0,-999.00, 2.53, 0.01, -999, -999, -999, -999, -999, -999, -999, -999, -999, -999, -999, -999 
  7957166,19231335+4344255 ,11.73, 0,1,-999.00, 3.21, 0.01, -999, -999,0.162,0.002,0.552,0.005,0.872,0.008,0.776,0.006,0.590,0.008 
  7957377,19233329+4346207 ,11.39, 0,1,-999.00, 2.81, 0.01, -999, -999,0.132,0.002,0.561,0.006,0.851,0.006,0.762,0.006,0.554,0.009 
  7957918,19241665+4343573 ,12.31, 0,1,-999.00, 2.83, 0.01, -999, -999,0.193,0.002,0.616,0.009,0.888,0.012,0.760,0.011,0.595,0.009 
  7967318,19372395+4343438 ,12.49, 2,1,162.00, 3.00, 0.01, -999, -999, -999, -999, -999, -999, -999, -999, -999, -999, -999, -999 
  7967534,19374172+4343272 ,11.65, 0,2,-999.00, 2.38, 0.01, -999, -999,0.130,0.003,0.620,0.009,0.861,0.011,0.775,0.009,0.590,0.009 
  7969754,19403105+4345173 ,12.27, 1,0, 69.10,-999.00,-999.00, -999, -999,0.470,0.003,0.616,0.008,0.854,0.014,0.801,0.016,0.701,0.018 
  7970014,19405146+4342565 ,12.49, 0,2,-999.00, 2.40, 0.01, -999, -999,0.141,0.003,0.623,0.011,0.857,0.009,0.756,0.010,0.563,0.011 
  7971070,19421074+4342073 ,12.04, 0,2,-999.00, 2.39, 0.01, -999, -999,0.151,0.009,0.596,0.007,0.859,0.009,0.767,0.007,0.590,0.007 
  7971906,19430953+4342164 ,11.29, 0,2,-999.00, 2.39, 0.01, -999, -999, -999, -999, -999, -999, -999, -999, -999, -999, -999, -999 
  7971999,19431609+4343192 ,11.98, 0,2,-999.00, 2.40, 0.01, -999, -999, -999, -999, -999, -999, -999, -999, -999, -999, -999, -999 
  7973055,19443024+4343531 ,11.66, 0,0,-999.00, 2.53, 0.01, -999, -999, -999, -999, -999, -999, -999, -999, -999, -999, -999, -999 
  7974679,19462369+4345433 , 8.79, 0,2,-999.00, 2.73, 0.01, -999, -999, -999, -999, -999, -999, -999, -999, -999, -999, -999, -999 
  7975276,19470705+4344271 ,12.06, 0,0,-999.00, 2.85, 0.01, -999, -999,0.219,0.003,0.573,0.006,0.857,0.010,0.739,0.009,0.561,0.050 
  7975647,19473031+4344275 ,12.46, 0,0,-999.00, 2.94, 0.01, -999, -999,0.164,0.003,0.649,0.008,0.887,0.010,0.753,0.007,0.588,0.012 
  7975969,19475277+4346056 ,11.80, 0,2,-999.00, 2.46, 0.01, -999, -999,0.185,0.003,0.654,0.004,0.871,0.006,0.765,0.006,0.592,0.005 
  7976420,19482217+4345097 ,12.28, 0,2,-999.00, 2.56, 0.01, -999, -999, -999, -999, -999, -999, -999, -999, -999, -999, -999, -999 
  7976619,19483309+4346060 ,10.84, 0,2,-999.00, 2.85, 0.01, -999, -999, -999, -999, -999, -999, -999, -999, -999, -999, -999, -999 
  7979316,19510198+4344502 ,10.88, 0,2,-999.00, 2.62, 0.01, -999, -999,0.166,0.002,0.639,0.007,0.869,0.012,0.729,0.010,0.540,0.009 
  7983221,19544857+4343055 ,11.11, 0,2,-999.00, 2.83, 0.01, -999, -999,0.173,0.002,0.721,0.004,0.878,0.005,0.720,0.004,0.560,0.005 
  7985438,19570371+4347206 ,10.44, 0,1,-999.00, 3.14, 0.01, -999, -999,0.137,0.005,0.619,0.006,0.868,0.007,0.758,0.006,0.573,0.007 
  7989220,20004231+4345003 ,10.84, 2,1,132.00, 2.94, 0.01, -999, -999, -999, -999, -999, -999, -999, -999, -999, -999, -999, -999 
  8004637,18401969+4348380 ,11.77, 0,1,-999.00, 2.84, 0.01, -999, -999,0.149,0.003,0.562,0.006,0.865,0.005,0.770,0.006,0.550,0.007 
  8005116,18414238+4350256 ,11.62, 0,2,-999.00, 2.48, 0.01,0.144,0.464,0.129,0.002,0.621,0.003,0.858,0.005,0.789,0.004,0.546,0.003 
  8005721,18432533+4353349 ,12.40, 0,1,-999.00, 3.04, 0.01, -999, -999, -999, -999, -999, -999, -999, -999, -999, -999, -999, -999 
  8006058,18441878+4352026 ,11.00, 0,2,-999.00, 2.47, 0.01,0.275,0.361, -999, -999, -999, -999, -999, -999, -999, -999, -999, -999 
  8006060,18441886+4349166 ,11.10, 0,0,-999.00, 2.60, 0.01,1.013,0.370, -999, -999, -999, -999, -999, -999, -999, -999, -999, -999 
  8007217,18472487+4353280 , 9.70, 0,2,-999.00, 2.88, 0.01,0.958,0.439,0.171,0.002,0.606,0.003,0.860,0.003,0.770,0.003,0.584,0.004 
  8007458,18480300+4352031 ,11.59, 0,0,-999.00, 2.74, 0.01, -999, -999, -999, -999, -999, -999, -999, -999, -999, -999, -999, -999 
  8008399,18502654+4348535 ,10.59, 0,0,-999.00, 2.62, 0.01,1.309,0.470, -999, -999, -999, -999, -999, -999, -999, -999, -999, -999 
  8009339,18522994+4352112 , 9.55, 0,2,-999.00, 2.48, 0.01,1.280,0.388,0.136,0.001,0.615,0.003,0.852,0.006,0.750,0.005,0.544,0.004 
  8009410,18523767+4353370 ,10.99, 2,0,119.00, 2.52, 0.01,-0.463,0.365, -999, -999, -999, -999, -999, -999, -999, -999, -999, -999 
  8009582,18525820+4351574 ,10.51, 0,2,-999.00, 2.44, 0.01,-0.017,0.369, -999, -999, -999, -999, -999, -999, -999, -999, -999, -999 
  8013399,19003679+4349095 ,11.58, 2,1,120.00, 3.44, 0.01, -999, -999,0.215,0.001,0.612,0.003,0.888,0.003,0.736,0.003,0.605,0.003 
  8016118,19063326+4351001 ,11.22, 0,2,-999.00, 2.85, 0.01, -999, -999,0.197,0.003,0.684,0.003,0.877,0.010,0.751,0.008,0.583,0.003 
  8016586,19073376+4349198 , 8.53, 0,2,-999.00, 2.60, 0.01, -999, -999, -999, -999, -999, -999, -999, -999, -999, -999, -999, -999 
  8017459,19091764+4348499 ,11.04, 0,2,-999.00, 2.45, 0.01,1.345,0.393,0.166,0.002,0.628,0.008,0.857,0.012,0.765,0.011,0.549,0.012 
  8019232,19124304+4351587 ,10.55, 0,0,-999.00, 2.44, 0.01,1.062,0.297,0.162,0.002,0.762,0.007,0.889,0.011,0.725,0.010,0.598,0.011 
  8024699,19213700+4351068 ,12.40, 0,2,-999.00, 2.43, 0.01, -999, -999,0.196,0.002,0.740,0.009,0.913,0.013,0.741,0.011,0.645,0.011 
  8026963,19243781+4350510 ,11.85, 0,1,-999.00, 2.89, 0.01, -999, -999,0.163,0.002,0.634,0.004,0.885,0.006,0.740,0.005,0.587,0.005 
  8028908,19272494+4350117 ,10.76, 0,1,-999.00, 3.06, 0.01, -999, -999, -999, -999, -999, -999, -999, -999, -999, -999, -999, -999 
  8036945,19382381+4353285 ,11.90, 0,2,-999.00, 2.46, 0.01, -999, -999, -999, -999, -999, -999, -999, -999, -999, -999, -999, -999 
  8039416,19413164+4349211 ,11.66, 0,2,-999.00, 2.41, 0.01, -999, -999, -999, -999, -999, -999, -999, -999, -999, -999, -999, -999 
  8042126,19445186+4353554 ,11.15, 0,1,-999.00, 3.10, 0.01, -999, -999,0.187,0.002,0.622,0.009,0.907,0.010,0.749,0.008,0.623,0.013 
  8042598,19452324+4351090 ,11.83, 0,2,-999.00, 2.46, 0.01, -999, -999,0.168,0.004,0.740,0.005,0.888,0.008,0.705,0.005,0.591,0.006 
  8042834,19453823+4350211 ,11.85, 0,2,-999.00, 2.55, 0.01, -999, -999,0.191,0.002,0.651,0.005,0.875,0.011,0.730,0.009,0.581,0.006 
  8045883,19485582+4351411 ,11.08, 0,2,-999.00, 2.39, 0.01, -999, -999,0.160,0.002,0.674,0.003,0.879,0.003,0.752,0.003,0.592,0.003 
  8046439,19492609+4352210 ,11.29, 0,2,-999.00, 2.76, 0.01, -999, -999,0.174,0.003,0.689,0.003,0.882,0.005,0.741,0.006,0.592,0.005 
  8053949,19564072+4351427 ,11.51, 0,1,-999.00, 2.76, 0.01, -999, -999,0.143,0.003,0.655,0.004,0.872,0.005,0.746,0.005,0.575,0.005 
  8054055,19564758+4351029 ,12.05, 0,1,-999.00, 3.00, 0.01, -999, -999,0.157,0.002,0.611,0.004,0.866,0.005,0.736,0.004,0.592,0.003 
  8054233,19565846+4348517 ,11.78, 4,0,-999.00, 2.57, 0.01, -999, -999,0.146,0.001,0.722,0.003,0.879,0.003,0.736,0.003,0.563,0.005 
  8055041,19574262+4353588 ,11.47, 0,0,-999.00, 2.91, 0.01, -999, -999, -999, -999, -999, -999, -999, -999, -999, -999, -999, -999 
  8055108,19574700+4349172 ,11.81, 0,1,-999.00, 2.98, 0.01, -999, -999, -999, -999, -999, -999, -999, -999, -999, -999, -999, -999 
  8055930,19583401+4351487 ,12.18, 0,2,-999.00, 2.40, 0.01, -999, -999, -999, -999, -999, -999, -999, -999, -999, -999, -999, -999 
  8056874,19593004+4350259 ,12.08, 0,2,-999.00, 2.64, 0.01, -999, -999,0.140,0.001,0.684,0.002,0.876,0.004,0.775,0.005,0.562,0.003 
  8074326,18424530+4357327 ,12.30, 0,2,-999.00, 2.44, 0.01,0.753,0.527, -999, -999, -999, -999, -999, -999, -999, -999, -999, -999 
  8074906,18442894+4358217 ,12.42, 0,1,-999.00, 3.06, 0.01,-0.293,0.402, -999, -999, -999, -999, -999, -999, -999, -999, -999, -999 
  8078554,18523847+4355519 ,10.96, 0,2,-999.00, 2.46, 0.01,0.420,0.371,0.089,0.001,0.668,0.002,0.878,0.003,0.748,0.002,0.562,0.003 
  8081278,18581274+4359315 ,11.65, 0,1,-999.00, 2.42, 0.01, -999, -999,0.087,0.001,0.550,0.003,0.858,0.006,0.774,0.006,0.586,0.004 
  8081535,18584608+4355231 ,11.18, 0,2,-999.00, 2.53, 0.01, -999, -999,0.079,0.001,0.610,0.005,0.878,0.008,0.779,0.008,0.567,0.006 
  8082494,19005756+4358386 ,12.16, 0,2,-999.00, 2.40, 0.01, -999, -999,0.148,0.001,0.611,0.004,0.858,0.006,0.760,0.006,0.552,0.006 
  8084971,19063155+4356152 ,12.37, 0,1,-999.00, 3.08, 0.01, -999, -999,0.176,0.002,0.566,0.007,0.894,0.010,0.758,0.008,0.598,0.009 
  8085964,19083556+4355029 , 9.89, 2,2, 97.00, 2.90, 0.01, -999, -999, -999, -999, -999, -999, -999, -999, -999, -999, -999, -999 
  8085998,19083825+4355009 , 8.85, 0,2,-999.00, 2.46, 0.01, -999, -999, -999, -999, -999, -999, -999, -999, -999, -999, -999, -999 
  8086192,19090199+4356458 ,11.53, 0,0,-999.00, 2.79, 0.01, -999, -999, -999, -999, -999, -999, -999, -999, -999, -999, -999, -999 
  8087067,19104399+4354445 ,11.87, 0,1,-999.00, 2.92, 0.01,0.237,0.393, -999, -999,0.603,0.006,0.881,0.011,0.801,0.013,0.595,0.007 
  8088198,19130199+4354219 ,12.26, 0,2,-999.00, 2.46, 0.01,0.538,0.384,0.146,0.003,0.702,0.010,0.885,0.012,0.746,0.011,0.583,0.011 
  8092466,19201910+4356131 ,12.36, 0,0,-999.00, 2.68, 0.01, -999, -999, -999, -999, -999, -999, -999, -999, -999, -999, -999, -999 
  8094602,19225331+4355231 ,12.26, 0,1,-999.00, 2.64, 0.01, -999, -999,0.158,0.003,0.557,0.015,0.858,0.025,0.786,0.018,0.560,0.023 
  8097755,19272603+4354321 ,12.33, 0,2,-999.00, 2.37, 0.01, -999, -999,0.134,0.007,0.680,0.014,0.896,0.024,0.746,0.019,0.588,0.023 
  8097831,19273185+4359489 , 9.93, 0,1,-999.00, 2.50, 0.01, -999, -999,0.152,0.002,0.678,0.011,0.901,0.035,0.748,0.035,0.609,0.017 
  8097926,19274114+4355302 ,10.78, 0,2,-999.00, 2.38, 0.01, -999, -999, -999, -999, -999, -999, -999, -999, -999, -999, -999, -999 
  8098815,19290216+4354569 ,12.20, 0,1,-999.00, 3.27, 0.01, -999, -999, -999, -999, -999, -999, -999, -999, -999, -999, -999, -999 
  8099073,19292304+4355119 ,11.49, 0,2,-999.00, 2.53, 0.01, -999, -999,0.141,0.005,0.683,0.024,0.874,0.010,0.740,0.009,0.569,0.044 
  8099102,19292505+4359410 ,12.42, 0,1,-999.00, 2.33, 0.01, -999, -999,0.225,0.004,0.718,0.005,0.916,0.004,0.738,0.004,0.613,0.006 
  8104771,19371477+4355319 ,11.47, 0,2,-999.00, 2.68, 0.01, -999, -999,0.148,0.004,0.651,0.002,0.874,0.004,0.757,0.003,0.576,0.004 
  8105002,19373088+4354419 ,10.95, 0,0,-999.00, 2.50, 0.01, -999, -999,0.141,0.004,0.626,0.005,0.880,0.008,0.776,0.006,0.599,0.005 
  8105018,19373201+4356288 ,11.26, 3,0,112.00, 2.39, 0.01, -999, -999, -999, -999, -999, -999, -999, -999, -999, -999, -999, -999 
  8105575,19381333+4356198 ,11.64, 0,2,-999.00, 2.53, 0.01, -999, -999,0.128,0.003,0.656,0.006,0.880,0.009,0.760,0.008,0.612,0.006 
  8107079,19401306+4356049 ,11.83, 0,0,-999.00, 3.03, 0.01, -999, -999,0.157,0.001,0.617,0.005,0.875,0.014,0.764,0.015,0.605,0.007 
  8107227,19402664+4355573 ,11.35, 0,2,-999.00, 2.78, 0.01, -999, -999,0.126,0.001,0.720,0.012,0.879,0.005,0.725,0.005,0.572,0.016 
  8107831,19411349+4359580 ,11.31, 0,2,-999.00, 2.61, 0.01, -999, -999,0.138,0.002,0.669,0.006,0.869,0.006,0.768,0.005,0.576,0.009 
  8108336,19415058+4358319 ,12.05, 2,0, 10.00, 2.58, 0.01, -999, -999,0.255,0.004,0.672,0.004,0.868,0.005,0.758,0.005,0.619,0.006 
  8110811,19444823+4358355 ,10.66, 4,0,-999.00, 2.92, 0.01, -999, -999, -999, -999, -999, -999, -999, -999, -999, -999, -999, -999 
  8112523,19464950+4355488 ,11.84, 0,1,-999.00, 2.71, 0.01, -999, -999, -999, -999, -999, -999,0.840,0.004,0.789,0.004,0.563,0.004 
  8113429,19474833+4355091 ,10.67, 0,2,-999.00, 2.59, 0.01, -999, -999, -999, -999, -999, -999, -999, -999, -999, -999, -999, -999 
  8123843,19574896+4358081 ,11.62, 0,0,-999.00, 2.44, 0.01, -999, -999,0.113,0.002,0.595,0.004,0.860,0.004,0.772,0.004,0.539,0.006 
  8124622,19583614+4357359 ,10.83, 0,2,-999.00, 2.72, 0.01, -999, -999,0.159,0.003,0.703,0.005,0.874,0.005,0.722,0.005,0.563,0.005 
  8126282,20002162+4354159 ,10.64, 2,2, 86.00, 2.91, 0.01, -999, -999,0.198,0.002,0.711,0.006,0.871,0.007,0.715,0.007,0.582,0.006 
  8127465,20013858+4357076 ,10.54, 0,1,-999.00, 3.29, 0.01, -999, -999, -999, -999, -999, -999, -999, -999, -999, -999, -999, -999 
  8129047,20031082+4358573 ,10.71, 0,1,-999.00, 2.68, 0.01, -999, -999, -999, -999, -999, -999, -999, -999, -999, -999, -999, -999 
  8142716,18425862+4405244 ,11.79, 0,0,-999.00, 2.38, 0.01,0.486,0.398, -999, -999, -999, -999, -999, -999, -999, -999, -999, -999 
  8142943,18434235+4404349 ,12.37, 0,2,-999.00, 2.56, 0.01,0.650,0.366, -999, -999, -999, -999, -999, -999, -999, -999, -999, -999 
  8143094,18440772+4401437 ,10.61, 0,2,-999.00, 2.44, 0.01,1.309,0.412, -999, -999, -999, -999, -999, -999, -999, -999, -999, -999 
  8143132,18441382+4405495 ,12.44, 0,2,-999.00, 2.38, 0.01,-0.082,0.362, -999, -999, -999, -999, -999, -999, -999, -999, -999, -999 
  8143905,18461595+4403525 ,12.15, 0,1,-999.00, 2.57, 0.01,0.668,0.429, -999, -999, -999, -999, -999, -999, -999, -999, -999, -999 
  8144529,18475872+4404481 ,11.83, 0,1,-999.00, 2.50, 0.01,0.742,0.501,0.166,0.002,0.585,0.004,0.877,0.007,0.784,0.005,0.596,0.009 
  8144991,18490996+4404068 ,11.51, 0,2,-999.00, 2.44, 0.01,1.688,0.441, -999, -999, -999, -999, -999, -999, -999, -999, -999, -999 
  8145152,18492936+4405287 ,10.60, 0,0,-999.00, 2.27, 0.01, -999, -999, -999, -999, -999, -999, -999, -999, -999, -999, -999, -999 
  8145176,18493309+4403200 ,11.75, 0,2,-999.00, 2.38, 0.01,-0.369,0.344,0.131,0.001,0.699,0.003,0.904,0.005,0.741,0.005,0.597,0.004 
  8145311,18495269+4404330 ,11.85, 0,0,-999.00, 2.83, 0.01,1.308,0.447, -999, -999, -999, -999, -999, -999, -999, -999, -999, -999 
  8145590,18503195+4402559 , 9.79, 0,2,-999.00, 2.60, 0.01,1.035,0.409,0.191,0.002,0.659,0.004,0.870,0.003,0.755,0.003,0.583,0.004 
  8145677,18504388+4403143 ,11.54, 0,2,-999.00, 2.42, 0.01,-0.152,0.340,0.172,0.001,0.760,0.003,0.917,0.008,0.721,0.009,0.644,0.003 
  8148719,18570530+4405002 ,12.15, 0,1,-999.00, 3.15, 0.01,-0.100,0.402,0.182,0.002,0.648,0.004,0.914,0.006,0.752,0.005,0.617,0.005 
  8148993,18574167+4405419 ,12.13, 0,2,-999.00, 2.41, 0.01,-0.059,0.374,0.155,0.002,0.724,0.005,0.890,0.007,0.752,0.007,0.586,0.006 
  8153309,19070205+4401501 ,12.21, 0,0,-999.00, 2.36, 0.01, -999, -999,0.156,0.001,0.614,0.008,0.870,0.013,0.759,0.011,0.571,0.011 
  8154383,19091708+4400122 ,10.88, 0,0,-999.00, 2.73, 0.01, -999, -999, -999, -999, -999, -999, -999, -999, -999, -999, -999, -999 
  8154541,19093594+4400480 ,11.15, 0,2,-999.00, 2.50, 0.01,-0.740,0.334,0.184,0.002,0.651,0.005,0.863,0.007,0.745,0.007,0.568,0.006 
  8154693,19095402+4400023 ,12.13, 0,1,-999.00, 3.07, 0.01, -999, -999, -999, -999, -999, -999, -999, -999, -999, -999, -999, -999 
  8154799,19100584+4400193 ,12.03, 0,1,-999.00, 2.28, 0.01,1.418,0.517, -999, -999, -999, -999, -999, -999, -999, -999, -999, -999 
  8154817,19100837+4405180 ,12.48, 0,1,-999.00, 2.54, 0.01,0.709,0.532,0.147,0.002,0.568,0.009,0.871,0.015,0.782,0.013,0.552,0.011 
  8158382,19165094+4404569 ,12.37, 0,1,-999.00, 2.86, 0.01, -999, -999,0.162,0.001,0.548,0.004,0.868,0.006,0.780,0.005,0.585,0.005 
  8160074,19192642+4400101 ,10.80, 3,0,149.00, 2.98, 0.01, -999, -999,0.188,0.003,0.704,0.008,0.901,0.009,0.727,0.008,0.603,0.010 
  8160175,19193415+4401310 ,10.99, 2,1, 69.80, 2.81, 0.01, -999, -999,0.174,0.004,0.618,0.008,0.835,0.006,0.840,0.006,0.629,0.010 
  8160419,19195310+4403105 ,10.46, 0,0,-999.00, 2.27, 0.01, -999, -999,0.153,0.004,0.533,0.007,0.860,0.010,0.793,0.010,0.574,0.012 
  8160428,19195362+4403495 ,11.91, 0,1,-999.00, 3.02, 0.01, -999, -999,0.205,0.004,0.702,0.005,0.923,0.008,0.740,0.008,0.658,0.008 
  8160590,19200590+4405451 ,11.30, 0,2,-999.00, 2.43, 0.01, -999, -999,0.147,0.002,0.590,0.006,0.865,0.008,0.783,0.008,0.577,0.008 
  8160637,19201020+4403331 ,11.77, 0,1,-999.00, 2.64, 0.01, -999, -999,0.162,0.004,0.556,0.005,0.866,0.009,0.789,0.008,0.567,0.006 
  8163439,19234542+4401206 ,12.27, 0,1,-999.00, 3.15, 0.01, -999, -999,0.201,0.003,0.629,0.021,0.904,0.011,0.763,0.008,0.616,0.008 
  8164977,19260322+4401297 ,11.68, 0,2,-999.00, 2.44, 0.01, -999, -999,0.161,0.002,0.688,0.005,0.855,0.005,0.737,0.005,0.572,0.007 
  8165444,19264388+4403422 ,11.22, 0,2,-999.00, 2.52, 0.01, -999, -999,0.142,0.003,0.659,0.005,0.877,0.012,0.744,0.013,0.566,0.007 
  8166918,19285759+4401542 ,10.34, 0,2,-999.00, 2.57, 0.01, -999, -999,0.116,0.005,0.588,0.008,0.863,0.008,0.782,0.008,0.561,0.010 
  8167286,19293216+4401068 ,11.21, 2,1, 39.00, 3.17, 0.01, -999, -999,0.162,0.002,0.633,0.004,0.880,0.005,0.740,0.005,0.580,0.005 
  8167335,19293622+4405135 ,11.07, 0,0,-999.00, 2.81, 0.01, -999, -999,0.132,0.005,0.634,0.005,0.882,0.007,0.750,0.007,0.559,0.007 
  8172666,19365024+4404058 ,11.50, 0,2,-999.00, 2.66, 0.01, -999, -999, -999, -999, -999, -999, -999, -999, -999, -999, -999, -999 
  8172720,19365523+4401213 ,11.71, 0,2,-999.00, 2.44, 0.01, -999, -999,0.166,0.005,0.706,0.006,0.891,0.008,0.738,0.009,0.605,0.008 
  8172843,19370560+4405278 ,11.53, 0,2,-999.00, 2.59, 0.01, -999, -999,0.168,0.002,0.661,0.006,0.875,0.028,0.752,0.031,0.553,0.009 
  8173148,19372775+4403541 ,11.54, 0,2,-999.00, 2.44, 0.01, -999, -999,0.130,0.002,0.616,0.021,0.871,0.009,0.765,0.007,0.586,0.037 
  8173725,19381249+4404350 ,10.76, 0,2,-999.00, 2.59, 0.01, -999, -999,0.173,0.002,0.678,0.004,0.884,0.006,0.751,0.005,0.586,0.005 
  8173921,19382817+4401598 ,12.10, 0,1,-999.00, 2.58, 0.01, -999, -999,0.171,0.003,0.584,0.004,0.862,0.006,0.722,0.006,0.575,0.005 
  8174161,19384570+4400153 ,12.30, 0,1,-999.00, 2.57, 0.01, -999, -999, -999, -999, -999, -999, -999, -999, -999, -999, -999, -999 
  8174364,19390166+4401554 ,11.44, 0,2,-999.00, 2.54, 0.01, -999, -999,0.143,0.002,0.697,0.004,0.885,0.009,0.753,0.008,0.617,0.006 
  8174381,19390323+4405310 ,11.39, 2,0,139.00, 2.39, 0.01, -999, -999, -999, -999, -999, -999, -999, -999, -999, -999, -999, -999 
  8175027,19395416+4401176 ,11.60, 0,1,-999.00, 3.03, 0.01, -999, -999,0.152,0.002,0.561,0.007,0.867,0.005,0.780,0.006,0.620,0.010 
  8175105,19395937+4405082 ,12.26, 0,1,-999.00, 2.99, 0.01, -999, -999, -999, -999, -999, -999, -999, -999, -999, -999, -999, -999 
  8175438,19402226+4401212 ,11.23, 0,2,-999.00, 2.52, 0.01, -999, -999, -999, -999, -999, -999, -999, -999, -999, -999, -999, -999 
  8176503,19413978+4402137 ,12.29, 0,2,-999.00, 2.62, 0.01, -999, -999,0.167,0.002,0.649,0.005,0.853,0.005,0.768,0.005,0.583,0.006 
  8176777,19420273+4404260 ,10.43, 0,1,-999.00, 3.23, 0.01, -999, -999,0.154,0.002,0.579,0.004,0.877,0.005,0.761,0.004,0.581,0.005 
  8176893,19421236+4401460 ,12.21, 0,1,-999.00, 2.76, 0.01, -999, -999,0.152,0.002,0.594,0.005,0.862,0.009,0.787,0.008,0.615,0.006 
  8176916,19421359+4405406 ,12.36, 0,2,-999.00, 2.56, 0.01, -999, -999,0.140,0.002,0.668,0.006,0.882,0.006,0.755,0.005,0.630,0.007 
  8179214,19450064+4405004 ,11.48, 0,2,-999.00, 2.57, 0.01, -999, -999,0.138,0.001,0.621,0.003,0.849,0.006,0.768,0.006,0.536,0.004 
  8181700,19475159+4400480 ,11.22, 0,2,-999.00, 2.57, 0.01, -999, -999,0.146,0.004,0.654,0.007,0.859,0.005,0.766,0.004,0.554,0.008 
  8188772,19544154+4405397 ,10.90, 0,1,-999.00, 3.02, 0.01, -999, -999, -999, -999, -999, -999, -999, -999, -999, -999, -999, -999 
  8189460,19552268+4401100 ,12.48, 3,0,112.00, 3.00, 0.01, -999, -999,0.206,0.002,0.708,0.003,0.898,0.005,0.709,0.005,0.595,0.004 
  8192753,19584448+4405201 ,12.14, 0,1,-999.00, 3.28, 0.01, -999, -999,0.152,0.002,0.552,0.007,0.860,0.005,0.780,0.005,0.592,0.009 
  8195153,20012431+4402231 ,11.92, 0,1,-999.00, 2.77, 0.01, -999, -999,0.225,0.002,0.637,0.003,0.895,0.004,0.792,0.004,0.608,0.003 
  8195595,20015727+4403057 ,11.57, 0,1,-999.00, 2.73, 0.01, -999, -999,0.147,0.002,0.623,0.004,0.883,0.019,0.726,0.016,0.575,0.005 
  8196436,20024856+4404005 ,10.83, 0,0,-999.00, 2.51, 0.01, -999, -999,0.142,0.003,0.574,0.026,0.860,0.006,0.765,0.006,0.551,0.036 
  8197210,20033477+4402323 , 9.33, 0,2,-999.00, 2.56, 0.01, -999, -999,0.134,0.001,0.670,0.005,0.869,0.012,0.733,0.010,0.540,0.006 
  8197719,20040617+4404549 , 9.87, 0,2,-999.00, 2.94, 0.01, -999, -999, -999, -999, -999, -999, -999, -999, -999, -999, -999, -999 
  8210100,18421503+4410139 , 8.17, 0,2,-999.00, 2.52, 0.01,1.425,0.409, -999, -999, -999, -999, -999, -999, -999, -999, -999, -999 
  8210370,18430530+4411194 ,11.17, 4,0,-999.00, 2.56, 0.01,0.541,0.364,0.223,0.001,0.664,0.013,0.891,0.006,0.750,0.006,0.595,0.019 
  8211551,18461740+4408597 , 8.54, 0,2,-999.00, 2.46, 0.01, -999, -999, -999, -999, -999, -999, -999, -999, -999, -999, -999, -999 
  8212479,18482810+4409262 ,11.78, 0,0,-999.00, 2.22, 0.01,0.058,0.362,0.184,0.003,0.663,0.005,0.906,0.008,0.756,0.007,0.637,0.007 
  8212786,18491225+4407433 ,11.65, 0,1,-999.00, 2.19, 0.01,0.673,0.569, -999, -999, -999, -999,0.828,0.003,0.800,0.002,0.543,0.003 
  8213984,18515073+4409301 ,10.29, 0,2,-999.00, 2.60, 0.01,0.304,0.433, -999, -999, -999, -999, -999, -999, -999, -999, -999, -999 
  8214394,18523964+4408207 ,12.38, 0,1,-999.00, 3.18, 0.01, -999, -999, -999, -999, -999, -999, -999, -999, -999, -999, -999, -999 
  8219000,19020431+4408196 ,12.49, 0,0,-999.00, 2.54, 0.01, -999, -999,0.160,0.002,0.576,0.005,0.855,0.008,0.799,0.008,0.573,0.009 
  8219022,19020775+4409441 ,12.45, 0,1,-999.00, 3.06, 0.01, -999, -999,0.170,0.004,0.600,0.003,0.915,0.006,0.753,0.006,0.622,0.004 
  8219268,19024148+4407002 ,12.49, 0,1,-999.00, 2.94, 0.01, -999, -999,0.203,0.002, -999, -999,0.839,0.015,0.793,0.017,0.536,0.007 
  8222691,19100845+4406362 , 9.76, 0,2,-999.00, 2.38, 0.01, -999, -999,0.139,0.001,0.715,0.004,0.903,0.010,0.692,0.011,0.554,0.021 
  8230578,19231486+4406148 ,11.13, 0,2,-999.00, 2.87, 0.01, -999, -999,0.173,0.001,0.721,0.006,0.907,0.009,0.726,0.008,0.601,0.009 
  8230626,19231932+4410037 ,11.43, 2,2,122.00, 2.97, 0.01, -999, -999,0.202,0.001,0.676,0.008,0.884,0.008,0.728,0.007,0.581,0.010 
  8232851,19262924+4407544 ,11.38, 0,2,-999.00, 2.58, 0.01, -999, -999,0.164,0.003,0.581,0.004,0.838,0.005,0.770,0.005,0.517,0.006 
  8233775,19275130+4406355 ,12.37, 0,1,-999.00, 2.82, 0.01, -999, -999,0.143,0.004,0.680,0.008,0.894,0.012,0.728,0.009,0.600,0.009 
  8233917,19280452+4408456 ,11.99, 0,2,-999.00, 2.37, 0.01, -999, -999,0.118,0.003,0.608,0.002,0.866,0.003,0.779,0.003,0.555,0.003 
  8234900,19293396+4410452 ,11.04, 0,1,-999.00, 3.15, 0.01, -999, -999,0.273,0.006,0.615,0.030,0.886,0.006,0.756,0.006,0.630,0.004 
  8235013,19294351+4406594 ,11.47, 0,2,-999.00, 2.37, 0.01, -999, -999,0.136,0.001,0.652,0.005,0.871,0.006,0.754,0.007,0.543,0.007 
  8235448,19302386+4406026 ,11.95, 0,0,-999.00, 2.40, 0.01, -999, -999,0.172,0.001,0.670,0.007,0.896,0.008,0.749,0.009,0.606,0.007 
  8235991,19311148+4411368 ,12.04, 0,1,-999.00, 2.95, 0.01, -999, -999,0.165,0.001,0.576,0.004,0.882,0.003,0.759,0.003,0.602,0.005 
  8241402,19383387+4409056 ,11.82, 0,2,-999.00, 2.37, 0.01, -999, -999,0.161,0.004,0.587,0.004,0.874,0.006,0.765,0.006,0.543,0.005 
  8243725,19412709+4409097 ,10.27, 0,2,-999.00, 2.50, 0.01, -999, -999,0.118,0.002,0.690,0.004,0.881,0.003,0.675,0.003,0.508,0.005 
  8246635,19450520+4406388 ,11.11, 0,2,-999.00, 2.52, 0.01, -999, -999,0.142,0.003,0.593,0.003,0.852,0.010,0.778,0.012,0.565,0.003 
  8247851,19463143+4406467 ,12.00, 2,0, 84.50, 2.52, 0.01, -999, -999,0.189,0.002,0.727,0.009,0.901,0.010,0.731,0.011,0.612,0.009 
  8248351,19470408+4411232 ,12.25, 0,2,-999.00, 2.39, 0.01, -999, -999,0.174,0.001,0.595,0.009,0.847,0.007,0.778,0.008,0.580,0.012 
  8248948,19474543+4407197 ,11.58, 0,0,-999.00, 2.35, 0.01, -999, -999, -999, -999, -999, -999, -999, -999, -999, -999, -999, -999 
  8250489,19491724+4408155 ,11.97, 0,0,-999.00, 2.56, 0.01, -999, -999,0.250,0.002,0.643,0.006,0.868,0.005,0.721,0.005,0.560,0.009 
  8256020,19544115+4408522 ,10.80, 0,1,-999.00, 3.06, 0.01, -999, -999, -999, -999, -999, -999, -999, -999, -999, -999, -999, -999 
  8258311,19570219+4408327 ,11.63, 0,2,-999.00, 2.46, 0.01, -999, -999,0.145,0.001,0.745,0.004,0.905,0.008,0.720,0.006,0.591,0.007 
  8258630,19572909+4411354 ,12.10, 0,0,-999.00, 2.77, 0.01, -999, -999, -999, -999,0.554,0.005,0.856,0.004,0.777,0.003,0.546,0.006 
  8259226,19580824+4407412 ,11.62, 0,1,-999.00, 3.06, 0.01, -999, -999, -999, -999, -999, -999, -999, -999, -999, -999, -999, -999 
  8260453,19592289+4408304 ,11.97, 0,2,-999.00, 2.54, 0.01, -999, -999,0.249,0.003,0.665,0.002,0.873,0.003,0.751,0.004,0.569,0.003 
  8262338,20012896+4409221 ,12.50, 0,1,-999.00, 3.27, 0.01, -999, -999, -999, -999, -999, -999, -999, -999, -999, -999, -999, -999 
  8264079,20032853+4409421 ,12.02, 0,0,-999.00, 3.21, 0.01, -999, -999, -999, -999, -999, -999, -999, -999, -999, -999, -999, -999 
  8264549,20035516+4408242 ,11.35,24,0,-999.00, 2.90, 0.01, -999, -999,0.200,0.004,0.697,0.003,0.876,0.005,0.671,0.005,0.560,0.004 
  8264592,20035769+4406276 ,11.46, 2,2, 80.00, 2.91, 0.01, -999, -999, -999, -999, -999, -999, -999, -999, -999, -999, -999, -999 
  8265098,20042726+4410487 ,11.71, 2,0,118.00, 2.57, 0.01, -999, -999, -999, -999, -999, -999, -999, -999, -999, -999, -999, -999 
  8265278,20043893+4409009 ,11.39, 0,2,-999.00, 2.62, 0.01, -999, -999,0.140,0.003,0.562,0.005,0.853,0.006,0.741,0.006,0.525,0.006 
  8276880,18424415+4415255 ,11.21, 0,0,-999.00, 2.73, 0.01,0.668,0.374,0.144,0.001,0.601,0.004,0.873,0.006,0.774,0.005,0.601,0.004 
  8277914,18454463+4412568 ,11.55, 0,2,-999.00, 2.32, 0.01, -999, -999, -999, -999, -999, -999, -999, -999, -999, -999, -999, -999 
  8278906,18482271+4414121 ,11.98, 0,2,-999.00, 2.40, 0.01,0.949,0.475,0.150,0.001,0.635,0.003,0.874,0.004,0.755,0.004,0.581,0.004 
  8280417,18515122+4414223 , 8.07, 0,2,-999.00, 2.46, 0.01,0.650,0.427, -999, -999, -999, -999, -999, -999, -999, -999, -999, -999 
  8283356,18575719+4417271 ,11.63, 0,1,-999.00, 3.04, 0.01,0.785,0.392,0.142,0.002,0.565,0.005,0.868,0.008,0.771,0.008,0.591,0.024 
  8283646,18583349+4412000 ,11.47, 0,1,-999.00, 2.73, 0.01, -999, -999,0.148,0.002,0.579,0.010,0.864,0.012,0.769,0.011,0.572,0.012 
  8283958,18591898+4415597 ,10.35, 0,0,-999.00, 2.46, 0.01, -999, -999,0.185,0.002,0.645,0.005,0.878,0.008,0.759,0.008, -999, -999 
  8284032,18592981+4415230 ,11.70, 0,1,-999.00, 2.49, 0.01, -999, -999,0.174,0.002,0.646,0.003,0.895,0.004,0.750,0.004, -999, -999 
  8284510,19003891+4412341 ,10.51, 0,2,-999.00, 2.57, 0.01, -999, -999,0.138,0.001,0.663,0.004,0.868,0.005,0.742,0.005,0.557,0.004 
  8284682,19010204+4412317 ,10.83, 0,2,-999.00, 2.37, 0.01, -999, -999, -999, -999, -999, -999, -999, -999, -999, -999, -999, -999 
  8285510,19024828+4416164 ,10.17, 0,0,-999.00, 2.30, 0.01, -999, -999,0.150,0.002,0.662,0.005,0.891,0.005,0.756,0.005,0.558,0.006 
  8288164,19082492+4413063 ,12.07, 0,2,-999.00, 2.38, 0.01, -999, -999,0.157,0.002,0.609,0.008,0.867,0.008,0.772,0.008,0.551,0.011 
  8292681,19170821+4413014 ,10.07, 0,2,-999.00, 2.57, 0.01, -999, -999,0.149,0.002,0.675,0.003,0.867,0.007,0.758,0.006,0.564,0.005 
  8293158,19175239+4415414 ,11.55, 0,2,-999.00, 2.44, 0.01, -999, -999,0.144,0.003,0.641,0.007,0.868,0.011,0.767,0.012,0.606,0.010 
  8293291,19180239+4416428 ,10.65, 0,2,-999.00, 2.61, 0.01, -999, -999, -999, -999, -999, -999, -999, -999, -999, -999, -999, -999 
  8299922,19273063+4412144 ,10.13, 0,2,-999.00, 2.84, 0.01, -999, -999,0.192,0.002,0.693,0.006,0.873,0.009,0.729,0.008,0.572,0.006 
  8307149,19380448+4413318 ,11.69, 0,1,-999.00, 2.76, 0.01, -999, -999,0.156,0.003,0.522,0.004,0.837,0.006,0.769,0.006,0.559,0.005 
  8307548,19383310+4416342 , 9.55, 0,2,-999.00, 2.94, 0.01, -999, -999,0.165,0.005,0.741,0.017,0.882,0.026,0.737,0.022,0.605,0.019 
  8307630,19383940+4416270 ,11.05, 0,2,-999.00, 2.42, 0.01, -999, -999, -999, -999, -999, -999, -999, -999, -999, -999, -999, -999 
  8309890,19413245+4415182 ,10.86, 0,0,-999.00, 2.62, 0.01, -999, -999,0.122,0.006,0.580,0.004,0.848,0.006,0.747,0.006,0.525,0.004 
  8310792,19423978+4416194 ,11.59, 2,1,130.00, 2.97, 0.01, -999, -999,0.211,0.004,0.678,0.005,0.882,0.008,0.707,0.007,0.621,0.006 
  8312388,19444030+4417546 , 8.34, 0,2,-999.00, 2.56, 0.01, -999, -999,0.159,0.003,0.685,0.043,0.865,0.013,0.762,0.010,0.558,0.011 
  8314240,19465104+4412012 ,11.77, 0,0,-999.00, 2.67, 0.01, -999, -999,0.294,0.002,0.634,0.003,0.883,0.003,0.763,0.003,0.609,0.065 
  8314514,19471134+4413490 ,11.84, 0,0,-999.00, 2.60, 0.01, -999, -999,0.201,0.006,0.628,0.004,0.854,0.006,0.750,0.005,0.570,0.003 
  8314665,19472107+4415248 ,10.65, 0,2,-999.00, 2.58, 0.01, -999, -999, -999, -999, -999, -999, -999, -999, -999, -999, -999, -999 
  8315220,19475565+4415223 ,11.09, 0,2,-999.00, 2.39, 0.01, -999, -999, -999, -999, -999, -999, -999, -999, -999, -999, -999, -999 
  8315762,19482831+4413051 ,11.98, 0,2,-999.00, 2.50, 0.01, -999, -999,0.187,0.002,0.642,0.003,0.870,0.004,0.711,0.004,0.544,0.004 
  8316412,19490623+4413363 ,10.95, 0,1,-999.00, 2.93, 0.01, -999, -999,0.166,0.002,0.568,0.004,0.856,0.006,0.751,0.006,0.555,0.004 
  8324636,19571397+4416359 ,11.71, 0,2,-999.00, 2.47, 0.01, -999, -999,0.095,0.003,0.666,0.023,0.865,0.009,0.746,0.008,0.570,0.005 
  8325764,19583490+4416296 ,10.74, 2,2, 45.50, 2.36, 0.01, -999, -999, -999, -999, -999, -999, -999, -999, -999, -999, -999, -999 
  8326469,19591682+4416039 , 8.40, 2,2,144.00, 2.98, 0.01, -999, -999, -999, -999, -999, -999, -999, -999, -999, -999, -999, -999 
  8328014,20005907+4417469 ,10.77, 2,0, 99.00, 2.81, 0.01, -999, -999,0.207,0.001,0.689,0.003,0.878,0.003,0.719,0.002,0.563,0.004 
  8328178,20011442+4415509 , 7.55, 0,1,-999.00, 2.89, 0.01, -999, -999, -999, -999, -999, -999, -999, -999, -999, -999, -999, -999 
  8328668,20015996+4415542 ,12.32, 0,0,-999.00, 2.92, 0.01, -999, -999, -999, -999, -999, -999, -999, -999, -999, -999, -999, -999 
  8329095,20023345+4416067 ,10.27, 2,0,163.00, 2.61, 0.01, -999, -999,0.188,0.001,0.618,0.004,0.855,0.007,0.733,0.006,0.552,0.004 
  8329894,20032282+4415502 ,11.28, 2,0,114.00, 2.84, 0.01, -999, -999,0.177,0.002,0.763,0.004,0.891,0.006,0.738,0.006,0.589,0.004 
  8330598,20040614+4412543 ,11.80, 0,2,-999.00, 2.52, 0.01, -999, -999, -999, -999, -999, -999, -999, -999, -999, -999, -999, -999 
  8343654,18441077+4422108 ,11.67, 0,0,-999.00, 2.37, 0.01,0.274,0.398,0.147,0.000,0.573,0.007,0.865,0.007,0.803,0.006,0.597,0.007 
  8343854,18444371+4420351 ,12.22, 2,2, 39.00, 2.39, 0.01,-0.126,0.350,0.184,0.001,0.738,0.002,0.907,0.003,0.729,0.002,0.627,0.003 
  8346238,18503296+4420376 ,11.80, 3,0,124.00, 2.39, 0.01,1.080,0.490,0.172,0.001, -999, -999,0.837,0.005,0.787,0.004,0.557,0.005 
  8349350,18572597+4419478 ,10.07, 0,2,-999.00, 2.39, 0.01,0.946,0.387,0.117,0.001,0.570,0.004,0.861,0.006,0.765,0.005,0.527,0.005 
  8350443,18594560+4422165 ,10.78, 0,2,-999.00, 2.41, 0.01, -999, -999,0.147,0.001,0.684,0.004,0.884,0.005,0.761,0.004,0.579,0.006 
  8350645,19001149+4418421 ,10.82, 0,1,-999.00, 2.64, 0.01, -999, -999,0.148,0.002,0.568,0.010,0.867,0.013,0.767,0.012,0.582,0.012 
  8354896,19093153+4421452 ,11.15, 0,1,-999.00, 2.90, 0.01,0.092,0.335,0.185,0.002,0.671,0.003,0.888,0.004,0.742,0.004,0.595,0.004 
  8359169,19175255+4419564 ,11.91, 0,2,-999.00, 2.64, 0.01, -999, -999,0.139,0.002,0.619,0.003,0.869,0.006,0.777,0.006,0.585,0.005 
  8359180,19175396+4422570 ,12.32, 0,0,-999.00, 2.40, 0.01, -999, -999,0.133,0.002,0.588,0.006,0.877,0.004,0.774,0.005,0.589,0.008 
  8360297,19193806+4423261 ,12.39, 0,1,-999.00, 2.82, 0.01, -999, -999,0.184,0.002,0.602,0.003,0.904,0.009,0.764,0.010,0.618,0.004 
  8360334,19194154+4421122 ,12.34, 0,2,-999.00, 2.42, 0.01, -999, -999,0.174,0.002,0.574,0.004,0.851,0.005,0.758,0.006,0.552,0.005 
  8363272,19235349+4418479 ,10.93, 0,2,-999.00, 2.87, 0.01, -999, -999,0.160,0.003,0.697,0.008,0.867,0.019,0.712,0.019,0.562,0.012 
  8363443,19240692+4423222 ,10.64, 0,0,-999.00, 2.40, 0.01, -999, -999,0.157,0.001, -999, -999,0.831,0.012,0.805,0.011,0.561,0.023 
  8363613,19242241+4422508 ,11.51, 0,2,-999.00, 2.54, 0.01, -999, -999,0.138,0.003,0.620,0.015,0.867,0.015,0.761,0.013,0.558,0.014 
  8364363,19252670+4422250 ,11.21, 0,2,-999.00, 2.49, 0.01, -999, -999,0.162,0.002,0.712,0.007,0.888,0.014,0.739,0.013,0.585,0.016 
  8364786,19260635+4423122 , 9.94, 0,1,-999.00, 2.68, 0.01, -999, -999,0.160,0.002,0.663,0.008,0.896,0.004,0.749,0.004,0.590,0.006 
  8365018,19262781+4420036 , 9.81, 0,2,-999.00, 2.90, 0.01, -999, -999,0.161,0.004,0.665,0.003,0.878,0.004,0.768,0.004,0.576,0.004 
  8365052,19263138+4420296 ,12.08, 2,2, 76.00, 2.64, 0.01, -999, -999, -999, -999, -999, -999, -999, -999, -999, -999, -999, -999 
  8365522,19271220+4422530 ,12.47, 0,2,-999.00, 2.64, 0.01, -999, -999,0.213,0.003,0.588,0.005,0.871,0.009,0.785,0.007,0.577,0.006 
  8365782,19273691+4423124 ,10.06, 2,2,118.00, 2.81, 0.01, -999, -999,0.214,0.002,0.712,0.003,0.863,0.003,0.728,0.003,0.577,0.004 
  8365908,19275051+4420428 ,11.86, 0,0,-999.00, 2.39, 0.01, -999, -999,0.133,0.002,0.631,0.003,0.892,0.042,0.753,0.042,0.561,0.003 
  8366239,19281908+4419186 ,11.79, 0,1,-999.00, 3.18, 0.01, -999, -999,0.160,0.001,0.644,0.009,0.885,0.005,0.748,0.005,0.586,0.011 
  8366486,19284227+4418298 ,11.13, 0,0,-999.00, 2.51, 0.01, -999, -999,0.123,0.001,0.606,0.002,0.848,0.004,0.725,0.003,0.508,0.004 
  8366758,19290586+4423463 ,12.19, 0,0,-999.00, 2.33, 0.01, -999, -999,0.157,0.003,0.621,0.003,0.830,0.007,0.754,0.006,0.525,0.003 
  8367834,19304405+4420384 ,10.56, 0,2,-999.00, 2.37, 0.01, -999, -999,0.138,0.001,0.621,0.008,0.851,0.010,0.768,0.013,0.553,0.007 
  8374104,19392766+4419135 ,11.27, 0,2,-999.00, 2.76, 0.01, -999, -999,0.154,0.001,0.705,0.004,0.873,0.007,0.744,0.006,0.575,0.013 
  8375240,19405489+4420190 ,10.32, 0,2,-999.00, 2.61, 0.01, -999, -999,0.143,0.001,0.577,0.002,0.856,0.003,0.793,0.003,0.565,0.004 
  8377116,19431983+4420463 ,11.79, 0,2,-999.00, 2.38, 0.01, -999, -999,0.119,0.002,0.586,0.008,0.859,0.010,0.796,0.009,0.604,0.008 
  8377200,19432534+4420562 ,10.72, 0,2,-999.00, 2.48, 0.01, -999, -999, -999, -999, -999, -999, -999, -999, -999, -999, -999, -999 
  8377727,19440539+4423418 ,12.27, 0,2,-999.00, 2.52, 0.01, -999, -999, -999, -999, -999, -999, -999, -999, -999, -999, -999, -999 
  8378462,19445819+4419050 ,11.13, 0,2,-999.00, 2.86, 0.01, -999, -999,0.169,0.002,0.677,0.005,0.868,0.006,0.740,0.007,0.601,0.005 
  8378481,19445982+4421035 ,12.01, 0,0,-999.00, 2.70, 0.01, -999, -999,0.194,0.001,0.635,0.003,0.885,0.004,0.742,0.003,0.615,0.004 
  8378653,19451115+4422489 ,11.72, 0,2,-999.00, 2.87, 0.01, -999, -999,0.152,0.002,0.653,0.004,0.862,0.005,0.742,0.006,0.579,0.005 
  8379490,19461060+4420301 ,12.16, 0,2,-999.00, 2.51, 0.01, -999, -999,0.188,0.001,0.676,0.004,0.879,0.004,0.733,0.004,0.585,0.004 
  8380242,19470413+4420299 ,11.70, 0,2,-999.00, 2.45, 0.01, -999, -999,0.162,0.002,0.624,0.003,0.870,0.006,0.755,0.004,0.584,0.003 
  8381246,19480711+4421163 ,12.46, 0,0,-999.00, 2.84, 0.01, -999, -999, -999, -999, -999, -999,0.828,0.009,0.777,0.008,0.532,0.006 
  8386344,19531116+4422128 ,11.73, 0,0,-999.00, 2.39, 0.01, -999, -999, -999, -999, -999, -999, -999, -999, -999, -999, -999, -999 
  8386537,19532163+4422367 ,11.35, 2,2, 67.00, 2.37, 0.01, -999, -999,0.178,0.002,0.684,0.004,0.876,0.006,0.719,0.006,0.552,0.010 
  8386921,19534548+4420540 ,12.13, 0,2,-999.00, 2.33, 0.01, -999, -999, -999, -999,0.633,0.007,0.857,0.005,0.767,0.005,0.543,0.005 
  8388399,19551417+4418460 ,11.94, 0,2,-999.00, 2.86, 0.01, -999, -999,0.209,0.002,0.693,0.004,0.895,0.006,0.737,0.006,0.573,0.005 
  8388920,19554529+4422580 ,11.35, 0,2,-999.00, 2.56, 0.01, -999, -999, -999, -999, -999, -999, -999, -999, -999, -999, -999, -999 
  8389200,19560427+4423536 ,10.91, 2,2, 92.00, 2.66, 0.01, -999, -999,0.230,0.002,0.627,0.004,0.849,0.005,0.751,0.005,0.572,0.007 
  8390612,19573815+4418196 ,10.05, 0,2,-999.00, 2.56, 0.01, -999, -999,0.166,0.001,0.686,0.005,0.885,0.005,0.760,0.005,0.580,0.006 
  8390838,19575254+4423030 , 7.87, 0,2,-999.00, 2.62, 0.01, -999, -999, -999, -999, -999, -999, -999, -999, -999, -999, -999, -999 
  8391175,19581574+4421131 ,12.29, 0,1,-999.00, 2.86, 0.01, -999, -999, -999, -999, -999, -999, -999, -999, -999, -999, -999, -999 
  8391532,19583851+4418403 ,11.79, 0,2,-999.00, 2.67, 0.01, -999, -999, -999, -999, -999, -999, -999, -999, -999, -999, -999, -999 
  8393914,20010232+4422435 ,12.12, 0,2,-999.00, 2.40, 0.01, -999, -999,0.134,0.002,0.696,0.004,0.893,0.009,0.734,0.009,0.563,0.004 
  8394035,20011083+4418209 ,11.40, 0,2,-999.00, 2.79, 0.01, -999, -999,0.165,0.004,0.612,0.004,0.852,0.004,0.667,0.005,0.492,0.008 
  8394497,20014398+4418389 ,10.80, 0,2,-999.00, 2.79, 0.01, -999, -999,0.147,0.002,0.747,0.004,0.902,0.006,0.751,0.006,0.581,0.003 
  8394780,20020940+4418069 ,11.49, 2,1, 72.00, 3.29, 0.02, -999, -999,0.272,0.002,0.711,0.006,0.905,0.010,0.781,0.009,0.633,0.006 
  8395153,20024021+4420024 ,11.10, 0,0,-999.00, 2.57, 0.01, -999, -999,0.126,0.002,0.621,0.007,0.870,0.007,0.806,0.006,0.558,0.010 
  8395466,20030848+4422296 ,10.93, 0,0,-999.00, 2.73, 0.01, -999, -999, -999, -999, -999, -999, -999, -999, -999, -999, -999, -999 
  8395903,20034631+4422526 ,11.46, 2,2,109.00, 2.86, 0.01, -999, -999,0.199,0.002,0.722,0.005,0.884,0.006,0.744,0.004,0.583,0.005 
  8396782,20044423+4419543 ,11.53, 0,2,-999.00, 2.83, 0.01, -999, -999,0.241,0.002,0.656,0.004,0.881,0.011,0.695,0.009,0.557,0.005 
  8397081,20050538+4423151 ,11.76, 0,0,-999.00, 2.75, 0.01, -999, -999,0.130,0.002,0.631,0.005,0.863,0.004,0.710,0.004,0.520,0.005 
  8410006,18470819+4426322 ,11.85, 0,1,-999.00, 2.40, 0.01,0.652,0.421,0.091,0.001,0.628,0.003,0.894,0.005,0.766,0.004,0.588,0.004 
  8410529,18482454+4424080 ,12.10, 0,2,-999.00, 2.40, 0.01, -999, -999, -999, -999,0.612,0.008,0.880,0.005,0.788,0.005,0.541,0.011 
  8410637,18483809+4429098 ,10.77, 4,0,-999.00, 2.55, 0.01, -999, -999, -999, -999, -999, -999, -999, -999, -999, -999, -999, -999 
  8410818,18490094+4428209 ,10.18, 0,2,-999.00, 2.54, 0.01, -999, -999,0.155,0.001,0.696,0.004,0.886,0.007,0.731,0.006,0.572,0.004 
  8411053,18493307+4424577 ,11.11, 2,0,105.00, 2.36, 0.01, -999, -999,0.154,0.001,0.663,0.005,0.895,0.005,0.756,0.004,0.584,0.007 
  8411792,18511131+4426317 ,10.12, 0,1,-999.00, 2.55, 0.01, -999, -999,0.145,0.003,0.657,0.004,0.911,0.004,0.745,0.005,0.576,0.005 
  8414512,18571710+4426204 ,12.47, 0,2,-999.00, 2.43, 0.01,1.414,0.548,0.130,0.001,0.612,0.003,0.862,0.003,0.774,0.003,0.548,0.003 
  8415501,18592620+4428224 ,11.79, 0,0,-999.00, 2.40, 0.01, -999, -999,0.161,0.001,0.665,0.006,0.888,0.009,0.775,0.009,0.577,0.010 
  8416447,19012891+4425373 ,11.47, 0,1,-999.00, 2.76, 0.01, -999, -999,0.216,0.001,0.709,0.005,0.909,0.005,0.762,0.005,0.623,0.006 
  8418437,19054347+4426100 ,12.17, 0,2,-999.00, 2.37, 0.01,0.584,0.336,0.148,0.003,0.733,0.005,0.905,0.010,0.728,0.008,0.573,0.007 
  8420916,19105975+4425366 ,12.50, 0,1,-999.00, 2.80, 0.01, -999, -999,0.123,0.004,0.543,0.011,0.865,0.014,0.775,0.011,0.564,0.017 
  8423171,19153177+4424386 ,12.36, 0,2,-999.00, 2.87, 0.01, -999, -999,0.157,0.002,0.694,0.011,0.895,0.026,0.719,0.020,0.585,0.017 
  8424298,19173208+4429578 ,10.97, 4,0,-999.00, 3.12, 0.01, -999, -999,0.161,0.002,0.582,0.021,0.870,0.016,0.773,0.013,0.577,0.035 
  8426672,19210818+4424568 ,12.28, 0,1,-999.00, 3.21, 0.01, -999, -999,0.191,0.004,0.642,0.017,0.901,0.014,0.765,0.012,0.620,0.022 
  8426743,19211469+4428128 ,11.36, 0,2,-999.00, 2.52, 0.01, -999, -999,0.142,0.004,0.724,0.010,0.893,0.010,0.744,0.010,0.589,0.012 
  8430105,19261406+4429174 ,10.42, 4,0,-999.00, 2.81, 0.01, -999, -999, -999, -999, -999, -999, -999, -999, -999, -999, -999, -999 
  8431695,19283639+4426577 ,11.55, 0,1,-999.00, 2.69, 0.01, -999, -999,0.150,0.003,0.654,0.006,0.886,0.010,0.732,0.009,0.600,0.007 
  8432219,19293031+4426063 ,11.70, 0,2,-999.00, 2.54, 0.01, -999, -999, -999, -999, -999, -999, -999, -999, -999, -999, -999, -999 
  8432239,19293351+4427215 ,11.19, 0,2,-999.00, 2.62, 0.01, -999, -999,0.188,0.003,0.595,0.006,0.852,0.004,0.762,0.005,0.593,0.005 
  8440248,19410302+4429212 ,12.42, 0,1,-999.00, 3.10, 0.01, -999, -999,0.156,0.002,0.572,0.005,0.872,0.011,0.765,0.014,0.617,0.014 
  8440367,19411256+4424036 ,12.03, 0,2,-999.00, 2.55, 0.01, -999, -999,0.140,0.002,0.656,0.005,0.852,0.007,0.774,0.007,0.557,0.008 
  8440983,19415800+4429305 ,10.88, 0,2,-999.00, 2.55, 0.01, -999, -999,0.114,0.002,0.585,0.010,0.845,0.003,0.796,0.002,0.571,0.003 
  8445814,19475152+4426495 ,11.74, 0,1,-999.00, 2.28, 0.01, -999, -999,0.188,0.002,0.623,0.003,0.871,0.005,0.755,0.005,0.607,0.006 
  8453324,19551886+4429209 ,11.52, 4,0,-999.00, 2.74, 0.01, -999, -999, -999, -999, -999, -999, -999, -999, -999, -999, -999, -999 
  8458124,20001672+4428407 ,11.10, 0,1,-999.00, 3.10, 0.01, -999, -999, -999, -999,0.525,0.003,0.856,0.005,0.752,0.004,0.533,0.015 
  8458519,20004148+4429312 ,11.90, 0,2,-999.00, 2.39, 0.01, -999, -999,0.152,0.004,0.620,0.006,0.872,0.016,0.755,0.018,0.536,0.007 
  8460634,20030794+4429213 ,11.67, 0,2,-999.00, 2.46, 0.01, -999, -999,0.157,0.002,0.714,0.007,0.904,0.004,0.735,0.004,0.583,0.007 
  8461449,20041838+4429511 ,11.83, 0,2,-999.00, 2.67, 0.01, -999, -999,0.143,0.001,0.727,0.009,0.889,0.024,0.759,0.021,0.564,0.014 
  8462934,20062364+4427383 ,11.41, 0,2,-999.00, 2.78, 0.01, -999, -999, -999, -999, -999, -999, -999, -999, -999, -999, -999, -999 
  8474990,18471599+4430469 ,11.99, 0,2,-999.00, 2.27, 0.01,0.509,0.379,0.144,0.002,0.663,0.016,0.886,0.009,0.766,0.009,0.579,0.025 
  8475025,18472107+4434313 ,11.71, 0,1,-999.00, 2.97, 0.01,0.942,0.346,0.173,0.001,0.627,0.003,0.887,0.004,0.763,0.003,0.609,0.004 
  8475511,18483596+4433211 ,11.62, 0,0,-999.00, 2.01, 0.01, -999, -999,0.145,0.001,0.622,0.003,0.895,0.004,0.769,0.004,0.570,0.005 
  8475844,18492077+4434093 ,11.36, 0,2,-999.00, 2.35, 0.01, -999, -999,0.168,0.002,0.706,0.004,0.885,0.008,0.745,0.007,0.587,0.005 
  8475872,18492457+4432239 ,10.64, 0,2,-999.00, 2.42, 0.01, -999, -999,0.162,0.002,0.683,0.012,0.908,0.008,0.728,0.007,0.585,0.014 
  8476554,18505286+4432362 ,11.46, 0,0,-999.00, 2.66, 0.01, -999, -999,0.159,0.002,0.536,0.005,0.864,0.004,0.802,0.004,0.580,0.006 
  8479301,18565522+4433083 ,12.22, 2,1, 59.10, 3.03, 0.01,-0.709,0.373,0.247,0.002,0.636,0.002,0.906,0.004,0.743,0.003,0.643,0.003 
  8479383,18570652+4434149 ,10.23, 0,2,-999.00, 2.41, 0.01,-0.380,0.364,0.162,0.001,0.669,0.002,0.884,0.004,0.748,0.003,0.561,0.004 
  8479780,18575835+4432361 ,11.37, 0,2,-999.00, 2.51, 0.01,0.262,0.332,0.159,0.001,0.738,0.003,0.895,0.006,0.740,0.004,0.578,0.014 
  8480097,18584324+4435559 ,12.05, 0,1,-999.00, 3.21, 0.01,1.426,0.430,0.152,0.001,0.543,0.012,0.872,0.010,0.794,0.010,0.567,0.010 
  8480205,18585843+4432026 ,12.28, 0,2,-999.00, 2.59, 0.01, -999, -999, -999, -999, -999, -999, -999, -999, -999, -999, -999, -999 
  8482522,19042832+4433340 ,11.68, 0,2,-999.00, 2.42, 0.01,2.032,0.525,0.156,0.003, -999, -999,0.834,0.007,0.790,0.007,0.517,0.005 
  8482769,19050592+4435297 ,12.10, 0,0,-999.00, 2.36, 0.01,0.532,0.389,0.161,0.002,0.627,0.004,0.890,0.008,0.749,0.009,0.568,0.012 
  8482944,19052890+4432279 ,10.32, 0,2,-999.00, 2.36, 0.01,0.977,0.419, -999, -999, -999, -999, -999, -999, -999, -999, -999, -999 
  8489832,19191171+4435325 ,10.82, 0,2,-999.00, 2.50, 0.01, -999, -999,0.159,0.001,0.638,0.005,0.868,0.005,0.759,0.005,0.562,0.004 
  8490583,19202551+4433176 ,11.60, 0,2,-999.00, 2.43, 0.01, -999, -999,0.155,0.002,0.657,0.003,0.885,0.007,0.762,0.006,0.577,0.007 
  8491147,19211547+4432480 , 9.49, 0,2,-999.00, 2.48, 0.01, -999, -999,0.177,0.002,0.745,0.005,0.898,0.006,0.737,0.006,0.595,0.006 
  8491283,19212666+4433534 ,12.02, 0,2,-999.00, 2.59, 0.01, -999, -999,0.218,0.005,0.643,0.007,0.885,0.012,0.761,0.008,0.588,0.009 
  8493827,19250516+4433167 ,10.94, 0,2,-999.00, 2.42, 0.01, -999, -999,0.108,0.003,0.639,0.008,0.872,0.015,0.755,0.011,0.589,0.007 
  8493969,19251658+4431178 ,10.60, 0,1,-999.00, 2.95, 0.01, -999, -999,0.195,0.003,0.594,0.009,0.870,0.012,0.735,0.010,0.600,0.008 
  8494160,19253609+4434321 ,11.61, 0,1,-999.00, 3.22, 0.01, -999, -999,0.161,0.002,0.531,0.007,0.868,0.006,0.783,0.005,0.598,0.006 
  8496042,19283471+4431390 ,12.11, 0,2,-999.00, 2.53, 0.01, -999, -999,0.143,0.003,0.646,0.004,0.876,0.007,0.748,0.007,0.545,0.038 
  8496527,19292566+4435000 ,11.76, 2,0, 48.00, 2.53, 0.02, -999, -999,0.297,0.002,0.634,0.009,0.885,0.011,0.720,0.011,0.620,0.030 
  8499557,19340679+4432478 ,12.07, 0,0,-999.00, 2.86, 0.01, -999, -999,0.221,0.003,0.615,0.003,0.895,0.010,0.748,0.008,0.585,0.004 
  8500704,19354650+4434563 ,11.72, 0,2,-999.00, 2.36, 0.01, -999, -999,0.172,0.004,0.680,0.007,0.885,0.010,0.676,0.011,0.548,0.011 
  8505072,19413382+4435283 ,10.89, 0,1,-999.00, 2.92, 0.01, -999, -999, -999, -999, -999, -999, -999, -999, -999, -999, -999, -999 
  8505345,19415460+4433530 ,11.38, 0,2,-999.00, 2.38, 0.01, -999, -999,0.152,0.005,0.718,0.005,0.894,0.006,0.733,0.005,0.613,0.006 
  8505515,19420744+4434430 ,10.80, 0,1,-999.00, 2.52, 0.01, -999, -999,0.181,0.001,0.688,0.006,0.892,0.006,0.769,0.005,0.605,0.010 
  8506295,19430758+4433407 ,10.32, 0,2,-999.00, 2.43, 0.01, -999, -999, -999, -999,0.589,0.005,0.835,0.007,0.786,0.006,0.536,0.007 
  8506788,19434788+4432219 ,11.76, 0,2,-999.00, 2.39, 0.01, -999, -999,0.149,0.002,0.700,0.004,0.898,0.004,0.758,0.004,0.635,0.006 
  8507295,19442448+4433004 ,11.49, 0,0,-999.00, 2.60, 0.01, -999, -999,0.169,0.002,0.676,0.005,0.900,0.006,0.758,0.006,0.657,0.008 
  8507397,19443199+4435250 ,11.36, 0,2,-999.00, 2.46, 0.01, -999, -999, -999, -999, -999, -999, -999, -999, -999, -999, -999, -999 
  8508931,19461898+4433539 , 7.31, 0,2,-999.00, 2.68, 0.01, -999, -999, -999, -999, -999, -999, -999, -999, -999, -999, -999, -999 
  8510560,19481006+4430404 ,11.52, 0,1,-999.00, 2.91, 0.01, -999, -999,0.154,0.003,0.631,0.005,0.873,0.005,0.735,0.006,0.605,0.005 
  8515227,19525474+4432210 ,11.18, 2,1, 28.00, 3.15, 0.01, -999, -999, -999, -999, -999, -999, -999, -999, -999, -999, -999, -999 
  8515390,19530511+4431004 ,11.03, 0,2,-999.00, 2.65, 0.01, -999, -999, -999, -999, -999, -999, -999, -999, -999, -999, -999, -999 
  8517303,19550000+4434211 ,11.43, 1,0, 53.50,-999.00,-999.00, -999, -999,0.574,0.003,0.633,0.004,0.872,0.004,0.848,0.003,0.716,0.004 
  8518198,19555949+4435327 ,12.29, 0,1,-999.00, 3.05, 0.01, -999, -999,0.118,0.003,0.583,0.003,0.885,0.004,0.750,0.004, -999, -999 
  8522040,20000121+4433034 ,11.37, 0,2,-999.00, 2.56, 0.01, -999, -999,0.139,0.002,0.659,0.003,0.872,0.006,0.750,0.005,0.569,0.002 
  8522050,20000175+4434477 ,12.03, 0,2,-999.00, 2.80, 0.01, -999, -999,0.171,0.001,0.712,0.004,0.926,0.005,0.706,0.004,0.599,0.006 
  8522971,20010135+4434576 ,12.00, 2,2,107.00, 2.98, 0.01, -999, -999,0.199,0.001,0.666,0.003,0.880,0.005,0.724,0.005,0.564,0.005 
  8524633,20024774+4430121 ,11.38, 0,1,-999.00, 2.61, 0.01, -999, -999,0.141,0.002,0.626,0.008,0.905,0.009,0.771,0.009,0.597,0.005 
  8525150,20032346+4434205 , 8.49, 0,2,-999.00, 2.76, 0.01, -999, -999, -999, -999, -999, -999, -999, -999, -999, -999, -999, -999 
  8525293,20033674+4433570 ,10.72, 0,2,-999.00, 2.49, 0.01, -999, -999,0.178,0.001,0.778,0.005,0.911,0.006,0.706,0.005,0.602,0.008 
  8525359,20034275+4432408 ,11.63, 0,0,-999.00, 2.64, 0.01, -999, -999,0.178,0.004,0.569,0.005,0.863,0.007,0.766,0.006,0.558,0.006 
  8526108,20045740+4432482 ,11.29, 0,2,-999.00, 2.53, 0.01, -999, -999, -999, -999, -999, -999, -999, -999, -999, -999, -999, -999 
  8539201,18464163+4441064 , 9.22, 0,2,-999.00, 2.44, 0.01,-0.090,0.418,0.158,0.002,0.730,0.005,0.914,0.007,0.731,0.007,0.642,0.005 
  8540034,18484269+4439597 ,12.28, 0,1,-999.00, 3.20, 0.01, -999, -999,0.199,0.002,0.594,0.004,0.882,0.006,0.742,0.005,0.604,0.006 
  8540384,18493114+4440466 ,11.13, 0,2,-999.00, 2.48, 0.01, -999, -999,0.156,0.002,0.701,0.004,0.879,0.005,0.732,0.004,0.598,0.005 
  8540615,18500537+4441557 ,11.69, 0,2,-999.00, 2.57, 0.01, -999, -999,0.166,0.001,0.695,0.009,0.882,0.004,0.748,0.004,0.585,0.014 
  8540767,18502221+4436052 ,11.58, 0,0,-999.00, 2.36, 0.01, -999, -999,0.159,0.002,0.708,0.005,0.881,0.007,0.738,0.006,0.590,0.006 
  8543200,18553524+4440214 , 9.40, 0,2,-999.00, 2.52, 0.01,0.673,0.356,0.183,0.002,0.716,0.004,0.880,0.005,0.750,0.005,0.555,0.004 
  8543569,18562429+4438032 ,12.34, 0,1,-999.00, 2.90, 0.01,0.352,0.391,0.163,0.001,0.574,0.002,0.876,0.004,0.771,0.003,0.570,0.003 
  8544483,18581506+4441494 ,12.42, 0,1,-999.00, 2.65, 0.01,0.863,0.430,0.149,0.001,0.602,0.004,0.874,0.006,0.759,0.006,0.595,0.005 
  8545291,18595998+4436118 ,11.20, 0,2,-999.00, 2.65, 0.01, -999, -999,0.159,0.002,0.601,0.004,0.881,0.005,0.767,0.005,0.594,0.005 
  8545504,19003163+4440566 ,11.69, 0,0,-999.00, 2.96, 0.01,0.654,0.369,0.153,0.005,0.642,0.006,0.894,0.013,0.773,0.014,0.603,0.006 
  8545861,19012818+4436175 , 9.96, 0,2,-999.00, 2.56, 0.01, -999, -999,0.166,0.002,0.686,0.007,0.886,0.009,0.731,0.009,0.561,0.009 
  8547122,19041617+4438153 ,12.49, 0,2,-999.00, 2.36, 0.01,0.895,0.450,0.166,0.002,0.671,0.004,0.902,0.004,0.747,0.004,0.602,0.005 
  8547390,19045063+4441289 , 8.38, 0,2,-999.00, 2.55, 0.01,1.112,0.423, -999, -999, -999, -999, -999, -999, -999, -999, -999, -999 
  8547469,19045904+4438327 ,11.85, 2,0, 80.50, 2.38, 0.01,-0.041,0.350,0.176,0.003,0.636,0.003,0.888,0.004,0.766,0.004,0.598,0.005 
  8552581,19153805+4440107 ,12.45, 0,0,-999.00, 2.63, 0.01, -999, -999,0.160,0.001,0.585,0.005,0.881,0.005,0.797,0.005,0.572,0.006 
  8552947,19161898+4439467 ,12.31, 0,2,-999.00, 2.37, 0.01, -999, -999,0.127,0.002,0.642,0.004,0.876,0.007,0.734,0.005,0.553,0.005 
  8555599,19204027+4439140 ,12.39, 0,1,-999.00, 2.70, 0.01, -999, -999,0.137,0.002,0.544,0.008,0.863,0.007,0.800,0.006,0.567,0.008 
  8555914,19210796+4437273 , 9.97, 0,2,-999.00, 2.45, 0.01, -999, -999,0.172,0.001,0.643,0.004,0.876,0.010,0.773,0.008,0.564,0.007 
  8560949,19284224+4439246 ,11.51, 0,2,-999.00, 2.40, 0.01, -999, -999, -999, -999, -999, -999, -999, -999, -999, -999, -999, -999 
  8561238,19291104+4441085 ,11.77, 0,2,-999.00, 2.66, 0.01, -999, -999,0.153,0.003,0.624,0.006,0.865,0.010,0.752,0.010,0.551,0.012 
  8564559,19343111+4441590 ,11.52, 0,2,-999.00, 2.56, 0.01, -999, -999,0.180,0.002,0.660,0.008,0.868,0.029,0.738,0.024,0.550,0.022 
  8564966,19350460+4438119 ,12.34, 0,1,-999.00, 2.81, 0.01, -999, -999,0.224,0.004,0.618,0.013,0.881,0.012,0.781,0.016,0.573,0.014 
  8565016,19351037+4438205 ,11.28, 0,2,-999.00, 2.69, 0.01, -999, -999,0.172,0.004,0.533,0.010,0.860,0.008,0.788,0.007,0.540,0.011 
  8570254,19422579+4436400 ,12.33, 0,2,-999.00, 2.45, 0.01, -999, -999,0.179,0.004,0.687,0.006,0.884,0.004,0.751,0.004,0.594,0.009 
  8570577,19424828+4440202 ,10.34, 0,2,-999.00, 2.51, 0.01, -999, -999, -999, -999, -999, -999, -999, -999, -999, -999,0.557,0.004 
  8570823,19430724+4437348 ,11.75, 0,2,-999.00, 2.49, 0.01, -999, -999,0.152,0.003,0.710,0.003,0.900,0.008,0.753,0.006,0.655,0.003 
  8571469,19435627+4440160 ,11.72, 0,2,-999.00, 2.44, 0.01, -999, -999, -999, -999, -999, -999, -999, -999, -999, -999, -999, -999 
  8573029,19455189+4438007 ,12.43, 0,1,-999.00, 3.30, 0.01, -999, -999, -999, -999, -999, -999, -999, -999, -999, -999, -999, -999 
  8573783,19464436+4441040 ,11.14, 0,2,-999.00, 2.82, 0.01, -999, -999, -999, -999, -999, -999, -999, -999, -999, -999, -999, -999 
  8573846,19464870+4439316 ,11.30, 0,0,-999.00, 2.89, 0.01, -999, -999, -999, -999, -999, -999, -999, -999, -999, -999, -999, -999 
  8574456,19473098+4436268 , 8.78, 0,2,-999.00, 2.66, 0.01, -999, -999, -999, -999, -999, -999, -999, -999, -999, -999, -999, -999 
  8579328,19522495+4437414 ,12.12, 0,1,-999.00, 3.26, 0.01, -999, -999, -999, -999, -999, -999, -999, -999, -999, -999, -999, -999 
  8583586,19564535+4438238 ,11.06, 0,0,-999.00, 2.56, 0.01, -999, -999,0.156,0.003,0.742,0.006,0.902,0.007,0.719,0.006,0.583,0.006 
  8587058,20001934+4436355 ,11.57, 0,2,-999.00, 2.37, 0.01, -999, -999, -999, -999, -999, -999, -999, -999, -999, -999, -999, -999 
  8587329,20003789+4439288 ,10.43, 0,2,-999.00, 2.72, 0.01, -999, -999, -999, -999, -999, -999, -999, -999, -999, -999, -999, -999 
  8587948,20011735+4439452 ,10.87, 0,2,-999.00, 2.82, 0.01, -999, -999,0.158,0.005,0.670,0.005,0.879,0.003,0.738,0.003,0.574,0.028 
  8590920,20045602+4439587 ,11.03, 0,1,-999.00, 2.79, 0.01, -999, -999, -999, -999, -999, -999, -999, -999, -999, -999, -999, -999 
  8590931,20045775+4438155 ,12.29, 0,0,-999.00, 2.71, 0.01, -999, -999, -999, -999, -999, -999, -999, -999, -999, -999, -999, -999 
  8591738,20061426+4436582 , 9.45, 6,0,-999.00, 2.40, 0.01, -999, -999, -999, -999, -999, -999, -999, -999, -999, -999, -999, -999 
  8607581,18543545+4442464 ,10.67, 0,2,-999.00, 2.47, 0.01,0.388,0.359,0.216,0.002,0.713,0.003,0.884,0.006,0.746,0.006,0.570,0.005 
  8607720,18545673+4442479 ,10.73, 0,1,-999.00, 3.13, 0.01,0.176,0.346,0.195,0.001,0.661,0.002,0.903,0.003,0.738,0.003,0.621,0.002 
  8611114,19023483+4444086 ,10.65, 0,2,-999.00, 2.43, 0.01,0.287,0.491,0.184,0.002,0.710,0.003,0.884,0.004,0.745,0.003,0.579,0.003 
  8611394,19030792+4445468 ,12.02, 0,1,-999.00, 2.94, 0.01, -999, -999,0.170,0.001,0.629,0.003,0.894,0.004,0.763,0.004,0.601,0.004 
  8611833,19040628+4446240 ,11.94, 0,2,-999.00, 2.50, 0.01,1.708,0.395,0.223,0.002,0.596,0.005,0.860,0.005,0.756,0.005,0.583,0.006 
  8612241,19050322+4442289 ,10.24, 0,1,-999.00, 2.81, 0.01,0.323,0.364, -999, -999, -999, -999, -999, -999, -999, -999, -999, -999 
  8612520,19053631+4442250 ,11.72, 0,0,-999.00, 2.54, 0.01,0.954,0.373,0.141,0.001,0.624,0.006,0.875,0.008,0.776,0.008,0.563,0.009 
  8612811,19061267+4447252 ,12.04, 0,2,-999.00, 2.44, 0.01,0.893,0.366, -999, -999,0.908,0.004, -999, -999, -999, -999,0.810,0.006 
  8613105,19065492+4445073 ,10.92, 0,1,-999.00, 3.02, 0.01,0.859,0.382,0.156,0.003,0.562,0.005,0.865,0.007,0.742,0.006,0.577,0.007 
  8613120,19065639+4442441 ,11.03, 0,1,-999.00, 3.17, 0.01,0.841,0.385,0.187,0.001,0.579,0.039,0.895,0.049,0.782,0.061,0.661,0.044 
  8613617,19080362+4445483 ,11.59, 0,1,-999.00, 3.15, 0.01, -999, -999,0.184,0.001,0.621,0.008,0.899,0.010,0.754,0.009,0.602,0.013 
  8616844,19144368+4444222 ,12.28, 0,2,-999.00, 2.46, 0.01,0.508,0.387,0.151,0.004,0.647,0.024,0.867,0.033,0.760,0.037,0.588,0.036 
  8617169,19152597+4443132 ,12.29, 0,2,-999.00, 2.94, 0.01, -999, -999,0.114,0.003,0.635,0.055,0.873,0.005,0.767,0.005,0.601,0.006 
  8617873,19164555+4446078 , 8.41, 0,2,-999.00, 2.92, 0.01, -999, -999, -999, -999, -999, -999, -999, -999, -999, -999, -999, -999 
  8618560,19175337+4442006 ,12.15, 0,2,-999.00, 2.70, 0.01, -999, -999,0.157,0.002,0.640,0.020,0.883,0.030,0.764,0.031,0.600,0.033 
  8619322,19190884+4446426 , 9.86, 0,2,-999.00, 2.81, 0.01, -999, -999, -999, -999,0.712,0.003,0.872,0.012,0.731,0.012,0.231,0.017 
  8620449,19205548+4443413 ,11.26, 0,2,-999.00, 2.47, 0.01, -999, -999,0.170,0.002,0.685,0.009,0.889,0.010,0.750,0.008,0.584,0.023 
  8622860,19241947+4446427 ,10.93, 2,0, 77.00, 2.82, 0.01, -999, -999,0.232,0.001,0.678,0.007,0.888,0.008,0.718,0.008,0.604,0.009 
  8623829,19254848+4442241 ,11.02, 0,2,-999.00, 2.88, 0.01, -999, -999,0.156,0.002,0.693,0.011,0.880,0.031,0.739,0.028,0.569,0.011 
  8623850,19255036+4445066 ,12.26, 0,1,-999.00, 2.63, 0.01, -999, -999,0.149,0.003,0.606,0.016,0.893,0.015,0.768,0.016,0.594,0.016 
  8624155,19261525+4442020 ,11.75, 0,2,-999.00, 2.83, 0.01, -999, -999,0.176,0.002,0.732,0.004,0.881,0.003,0.733,0.003,0.581,0.005 
  8628585,19331543+4442526 ,11.95, 0,2,-999.00, 2.47, 0.01, -999, -999, -999, -999, -999, -999, -999, -999, -999, -999, -999, -999 
  8629927,19351182+4444423 ,12.40, 0,2,-999.00, 2.44, 0.01, -999, -999, -999, -999, -999, -999, -999, -999, -999, -999, -999, -999 
  8630006,19351905+4443429 ,12.15, 0,2,-999.00, 2.46, 0.01, -999, -999,0.175,0.005,0.639,0.003,0.873,0.005,0.748,0.005,0.552,0.004 
  8630454,19355629+4445551 ,12.43, 0,2,-999.00, 2.46, 0.01, -999, -999, -999, -999, -999, -999, -999, -999, -999, -999, -999, -999 
  8631401,19372382+4442508 , 8.46, 0,1,-999.00, 3.09, 0.01, -999, -999, -999, -999, -999, -999, -999, -999, -999, -999, -999, -999 
  8631442,19372766+4446578 , 9.50, 0,2,-999.00, 2.46, 0.01, -999, -999, -999, -999,0.631,0.004,0.839,0.017,0.770,0.017,0.548,0.004 
  8635520,19424686+4442494 ,11.76, 0,2,-999.00, 2.54, 0.01, -999, -999,0.128,0.003,0.662,0.014,0.866,0.011,0.742,0.011,0.546,0.019 
  8635922,19431678+4443307 ,12.01, 3,0, 78.00, 2.82, 0.01, -999, -999,0.142,0.003,0.634,0.009,0.860,0.007,0.658,0.006,0.514,0.012 
  8636174,19433522+4442533 , 9.06, 0,2,-999.00, 2.57, 0.01, -999, -999,0.152,0.003,0.707,0.005,0.883,0.008,0.759,0.009,0.574,0.008 
  8648338,19563065+4446170 ,12.28, 3,0,160.00, 2.89, 0.01, -999, -999, -999, -999, -999, -999, -999, -999, -999, -999, -999, -999 
  8648597,19564620+4444294 , 8.43, 0,2,-999.00, 2.76, 0.01, -999, -999, -999, -999, -999, -999, -999, -999, -999, -999, -999, -999 
  8648671,19565161+4446335 ,11.62, 0,2,-999.00, 2.82, 0.01, -999, -999, -999, -999,0.707,0.007,0.922,0.018,0.589,0.013,0.619,0.009 
  8652718,20011789+4442151 ,11.03, 0,0,-999.00, 2.51, 0.01, -999, -999,0.128,0.002,0.596,0.011,0.867,0.010,0.770,0.011,0.572,0.016 
  8654400,20030374+4445205 ,11.34, 0,1,-999.00, 3.05, 0.01, -999, -999,0.150,0.001,0.622,0.009,0.869,0.007,0.745,0.007,0.569,0.011 
  8669014,18472454+4448353 , 9.67, 2,0,107.00, 2.37, 0.01,-0.245,0.649,0.155,0.001,0.696,0.002,0.884,0.011,0.736,0.009,0.588,0.003 
  8669282,18480557+4448510 ,11.08, 0,2,-999.00, 2.50, 0.01, -999, -999,0.163,0.001,0.673,0.009,0.870,0.004,0.754,0.004,0.576,0.011 
  8671819,18533769+4453356 ,11.54, 0,2,-999.00, 2.39, 0.01, -999, -999,0.162,0.001,0.729,0.002,0.904,0.003,0.734,0.003,0.592,0.003 
  8673221,18563593+4450339 , 9.74, 0,2,-999.00, 2.48, 0.01,0.609,0.428,0.151,0.001,0.664,0.002,0.884,0.003,0.757,0.003,0.555,0.003 
  8674581,18593473+4450499 ,10.94, 0,2,-999.00, 2.37, 0.01,0.815,0.344,0.142,0.002,0.634,0.009,0.872,0.011,0.766,0.010,0.567,0.011 
  8675106,19004734+4452598 ,10.61, 0,1,-999.00, 2.77, 0.01,1.121,0.368,0.141,0.001,0.573,0.008,0.865,0.009,0.788,0.010,0.578,0.008 
  8676094,19030526+4449149 ,11.14, 0,2,-999.00, 2.35, 0.01,0.906,0.488,0.131,0.004,0.615,0.004,0.853,0.006,0.782,0.005,0.547,0.005 
  8676738,19043201+4448289 ,12.26, 0,1,-999.00, 3.33, 0.01,0.232,0.348,0.199,0.001,0.620,0.003,0.903,0.007,0.730,0.007,0.600,0.003 
  8676927,19045608+4451289 ,10.14, 0,2,-999.00, 2.54, 0.01,0.735,0.396,0.167,0.001,0.702,0.004,0.878,0.004,0.736,0.004,0.571,0.005 
  8677342,19055454+4450579 ,11.29, 0,0,-999.00, 2.63, 0.01,0.694,0.357,0.150,0.001,0.619,0.003,0.883,0.004,0.755,0.003,0.591,0.005 
  8677701,19064468+4451510 ,12.46, 0,0,-999.00, 2.38, 0.01,-0.197,0.460,0.146,0.001,0.547,0.003,0.860,0.008,0.770,0.007,0.550,0.004 
  8684542,19201353+4449518 ,12.29, 0,1,-999.00, 3.16, 0.01, -999, -999,0.170,0.002,0.595,0.011,0.861,0.005,0.829,0.005,0.599,0.015 
  8684860,19203972+4451197 ,10.59, 0,1,-999.00, 3.14, 0.01, -999, -999,0.184,0.001,0.650,0.003,0.888,0.005,0.750,0.005,0.596,0.005 
  8686058,19222575+4453496 ,10.78, 0,2,-999.00, 2.56, 0.01, -999, -999,0.129,0.002,0.702,0.010,0.871,0.016,0.754,0.016,0.546,0.012 
  8690009,19282745+4453145 ,12.00, 0,2,-999.00, 2.37, 0.01, -999, -999,0.132,0.002,0.588,0.003,0.846,0.006,0.758,0.005,0.526,0.005 
  8693004,19331752+4453434 ,10.86, 0,0,-999.00, 2.44, 0.01, -999, -999,0.128,0.004,0.626,0.009,0.860,0.008,0.761,0.006,0.543,0.015 
  8693018,19331881+4449576 ,11.43, 0,2,-999.00, 2.87, 0.01, -999, -999,0.181,0.002,0.649,0.006,0.868,0.013,0.734,0.013,0.540,0.009 
  8696035,19373985+4450465 ,12.47, 3,0, 72.00, 2.36, 0.01, -999, -999,0.233,0.002,0.737,0.010,0.903,0.013,0.721,0.011,0.617,0.014 
  8702863,19463523+4451121 ,11.88, 0,1,-999.00, 3.07, 0.01, -999, -999, -999, -999, -999, -999, -999, -999, -999, -999, -999, -999 
  8702921,19463960+4451110 ,11.98, 4,0,-999.00, 3.20, 0.01, -999, -999, -999, -999, -999, -999, -999, -999, -999, -999, -999, -999 
  8703041,19464741+4451453 ,11.94, 0,2,-999.00, 2.91, 0.01, -999, -999,0.222,0.003,0.642,0.010,0.873,0.019,0.743,0.017,0.585,0.013 
  8707667,19513481+4453217 ,11.88, 0,2,-999.00, 2.45, 0.01, -999, -999,0.218,0.003,0.657,0.016,0.897,0.008,0.832,0.007,0.629,0.016 
  8708536,19522378+4451219 ,10.52, 0,1,-999.00, 2.93, 0.01, -999, -999, -999, -999, -999, -999, -999, -999, -999, -999, -999, -999 
  8708650,19523101+4452204 ,10.43, 0,2,-999.00, 2.82, 0.01, -999, -999,0.154,0.002,0.684,0.004,0.884,0.005,0.752,0.004,0.565,0.005 
  8708654,19523122+4448093 ,10.74, 0,0,-999.00, 2.66, 0.01, -999, -999, -999, -999, -999, -999, -999, -999, -999, -999, -999, -999 
  8718273,20030445+4449502 ,10.56, 4,0,-999.00, 1.92, 0.11, -999, -999,0.166,0.005,0.643,0.007,0.865,0.006,0.768,0.006,0.547,0.009 
  8718745,20033949+4449045 ,10.71, 0,1,-999.00, 3.02, 0.01, -999, -999,0.178,0.004,0.608,0.005,0.908,0.006,0.734,0.005,0.602,0.007 
  8719897,20051408+4448250 ,12.39,54,0,-999.00,-999.00,-999.00, -999, -999, -999, -999, -999, -999, -999, -999, -999, -999, -999, -999 
  8720055,20052798+4451187 ,10.40,26,0,-999.00, 2.65, 0.01, -999, -999,0.242,0.001,0.699,0.006,0.882,0.008,0.705,0.007,0.584,0.008 
  8733649,18482291+4454222 ,12.10, 2,1, 81.00, 3.10, 0.01, -999, -999,0.195,0.004,0.655,0.003,0.884,0.005,0.746,0.004,0.617,0.004 
  8736415,18540924+4456536 ,12.30, 0,0,-999.00, 1.76, 0.01,-0.077,0.491,0.214,0.002,0.593,0.002,0.857,0.003,0.760,0.002,0.546,0.003 
  8737032,18552732+4459066 ,10.20, 0,0,-999.00, 2.54, 0.01,1.004,0.430,0.152,0.001,0.610,0.003,0.874,0.003,0.754,0.003,0.558,0.004 
  8737047,18552929+4459225 ,11.97, 0,0,-999.00, 2.26, 0.01,1.161,0.543, -999, -999,0.575,0.004,0.861,0.005,0.779,0.006,0.554,0.005 
  8738834,18591492+4459362 ,10.55, 0,2,-999.00, 2.40, 0.01,1.687,0.407,0.138,0.001,0.578,0.004,0.842,0.005,0.801,0.005,0.528,0.004 
  8740339,19024826+4456217 , 9.64, 0,0,-999.00, 2.35, 0.01, -999, -999, -999, -999, -999, -999, -999, -999, -999, -999, -999, -999 
  8740476,19030372+4454253 ,12.22, 0,2,-999.00, 2.47, 0.01,0.518,0.490, -999, -999, -999, -999, -999, -999, -999, -999, -999, -999 
  8741733,19055745+4459058 ,12.46, 0,2,-999.00, 2.50, 0.01,0.600,0.417, -999, -999, -999, -999, -999, -999, -999, -999, -999, -999 
  8741924,19062353+4455374 , 8.76, 0,2,-999.00, 2.48, 0.01,0.588,0.353, -999, -999, -999, -999, -999, -999, -999, -999, -999, -999 
  8742013,19063768+4459075 ,10.63, 0,0,-999.00, 2.31, 0.01,-0.174,0.458,0.138,0.001,0.694,0.006,0.900,0.017,0.737,0.015,0.584,0.008 
  8742545,19074585+4454325 ,11.45, 0,1,-999.00, 3.08, 0.01,0.390,0.375,0.199,0.002,0.622,0.003,0.907,0.005,0.769,0.004,0.627,0.003 
  8742912,19083685+4455286 ,12.32, 0,1,-999.00, 2.95, 0.01,0.495,0.367,0.186,0.003,0.617,0.012,0.899,0.005,0.777,0.004,0.635,0.017 
  8746146,19151324+4457328 ,12.22, 0,2,-999.00, 2.44, 0.01, -999, -999,0.201,0.001,0.729,0.004,0.879,0.008,0.800,0.006,0.627,0.005 
  8747415,19173951+4458049 ,11.79, 0,1,-999.00, 3.06, 0.01, -999, -999,0.186,0.001,0.647,0.009,0.889,0.011,0.736,0.011,0.597,0.014 
  8747880,19182782+4458075 ,11.85, 0,0,-999.00, 2.42, 0.01, -999, -999,0.100,0.003,0.654,0.024,0.889,0.026,0.761,0.021,0.580,0.021 
  8748278,19191051+4459479 ,11.85, 0,2,-999.00, 2.43, 0.01, -999, -999,0.153,0.003,0.696,0.004,0.883,0.007,0.745,0.007,0.565,0.006 
  8748436,19192853+4454590 ,11.71, 0,2,-999.00, 2.85, 0.01, -999, -999,0.155,0.002,0.649,0.004,0.874,0.005,0.767,0.005,0.560,0.005 
  8749284,19204751+4455299 ,12.19, 1,0,  3.50,-999.00,-999.00, -999, -999,0.726,0.002,0.661,0.005, -999, -999, -999, -999,0.802,0.007 
  8752893,19261819+4459436 ,11.02, 0,1,-999.00, 2.74, 0.01, -999, -999, -999, -999,0.632,0.008,0.885,0.008,0.752,0.007,0.599,0.009 
  8753234,19264679+4454369 ,10.77, 0,2,-999.00, 2.66, 0.01, -999, -999,0.152,0.002,0.648,0.005,0.869,0.006,0.778,0.006,0.578,0.007 
  8754075,19280850+4455120 ,10.01, 0,0,-999.00, 2.41, 0.01, -999, -999, -999, -999, -999, -999, -999, -999, -999, -999, -999, -999 
  8757215,19330529+4458568 ,12.04, 0,2,-999.00, 2.45, 0.01, -999, -999,0.157,0.001,0.663,0.004,0.885,0.005,0.740,0.006,0.545,0.006 
  8758700,19352331+4457303 ,11.86, 0,2,-999.00, 2.39, 0.01, -999, -999, -999, -999, -999, -999, -999, -999, -999, -999, -999, -999 
  8759207,19360805+4454226 ,10.97, 0,2,-999.00, 2.83, 0.01, -999, -999, -999, -999, -999, -999, -999, -999, -999, -999, -999, -999 
  8759746,19365546+4458089 ,11.20, 0,2,-999.00, 2.56, 0.01, -999, -999, -999, -999, -999, -999, -999, -999, -999, -999, -999, -999 
  8759811,19370209+4458230 ,11.01, 0,2,-999.00, 2.64, 0.01, -999, -999,0.171,0.003,0.683,0.007,0.864,0.007,0.738,0.007,0.562,0.008 
  8760246,19373887+4455583 ,10.62, 0,2,-999.00, 3.19, 0.01, -999, -999, -999, -999, -999, -999, -999, -999, -999, -999, -999, -999 
  8765681,19444819+4456194 ,12.05, 0,0,-999.00, 2.49, 0.01, -999, -999,0.206,0.002,0.652,0.007,0.863,0.004,0.752,0.004,0.572,0.009 
  8766538,19460315+4459074 ,11.59, 0,1,-999.00, 2.47, 0.01, -999, -999,0.144,0.002,0.646,0.003,0.897,0.006,0.788,0.005,0.624,0.003 
  8767392,19470661+4456039 ,11.06, 0,2,-999.00, 2.91, 0.01, -999, -999,0.159,0.006,0.676,0.006,0.886,0.009,0.744,0.007,0.571,0.007 
  8771414,19511407+4456119 ,11.54, 0,2,-999.00, 2.51, 0.01, -999, -999,0.145,0.011,0.624,0.007,0.888,0.004,0.828,0.004,0.628,0.007 
  8782196,20023887+4455347 ,10.74, 0,1,-999.00, 2.73, 0.01, -999, -999,0.138,0.001,0.599,0.002,0.887,0.005,0.764,0.004,0.566,0.002 
  8798584,18482949+4505112 ,11.96, 0,0,-999.00, 2.68, 0.01, -999, -999,0.197,0.003,0.682,0.007,0.900,0.019,0.748,0.020,0.590,0.007 
  8802374,18560010+4505303 ,10.95, 0,0,-999.00, 2.40, 0.01,0.083,0.340,0.156,0.003,0.686,0.008,0.864,0.007,0.732,0.007,0.576,0.010 
  8803432,18581562+4502442 ,11.96, 0,2,-999.00, 2.42, 0.01,0.251,0.405,0.157,0.001,0.659,0.004,0.894,0.005,0.764,0.004,0.594,0.005 
  8804395,19002470+4501107 ,11.74, 0,0,-999.00, 2.30, 0.01,1.294,0.431,0.147,0.004,0.625,0.004,0.873,0.009,0.774,0.007,0.575,0.005 
  8804886,19013746+4500511 ,12.38, 0,2,-999.00, 2.43, 0.01,0.886,0.523, -999, -999, -999, -999, -999, -999, -999, -999, -999, -999 
  8805353,19023846+4500067 ,12.47, 0,0,-999.00, 2.55, 0.01,-0.602,0.418,0.253,0.003,0.761,0.007,0.911,0.024,0.725,0.027,0.627,0.009 
  8805565,19030635+4505224 ,10.48, 0,0,-999.00, 2.41, 0.01,-0.003,0.705,0.155,0.002,0.636,0.044,0.881,0.010,0.764,0.010,0.572,0.037 
  8805663,19031751+4503325 ,10.59, 0,2,-999.00, 2.61, 0.01,1.029,0.460,0.174,0.002,0.660,0.005,0.878,0.005,0.765,0.004,0.592,0.006 
  8812397,19170513+4502281 ,12.21, 0,2,-999.00, 2.74, 0.01, -999, -999,0.164,0.002,0.584,0.006,0.866,0.007,0.759,0.007,0.591,0.006 
  8813298,19184761+4502285 ,12.37, 0,1,-999.00, 3.41, 0.02, -999, -999,0.219,0.001,0.642,0.005,0.906,0.009,0.744,0.010,0.621,0.017 
  8813509,19191223+4501027 ,10.65, 0,2,-999.00, 2.55, 0.01, -999, -999,0.149,0.002,0.606,0.004,0.854,0.007,0.781,0.006,0.547,0.007 
  8813727,19193567+4505212 ,12.30, 0,2,-999.00, 2.55, 0.01, -999, -999,0.173,0.003,0.673,0.008,0.871,0.009,0.730,0.008,0.554,0.010 
  8816525,19234627+4505227 , 8.91, 2,2, 68.50, 2.81, 0.01, -999, -999,0.196,0.005,0.699,0.009,0.910,0.025,0.824,0.026,0.643,0.020 
  8817343,19245701+4504470 ,11.30, 0,1,-999.00, 2.86, 0.01, -999, -999, -999, -999,0.556,0.010,0.878,0.012,0.786,0.013,0.633,0.010 
  8818252,19262179+4500459 ,11.54, 0,0,-999.00, 2.18, 0.01, -999, -999,0.120,0.003,0.656,0.008,0.870,0.008,0.753,0.007,0.558,0.024 
  8819490,19281541+4501089 ,12.07, 0,1,-999.00, 3.31, 0.01, -999, -999, -999, -999, -999, -999, -999, -999, -999, -999, -999, -999 
  8822505,19330746+4505403 ,11.80, 1,0, 40.05,-999.00,-999.00, -999, -999,0.496,0.005,0.586,0.011,0.845,0.009,0.793,0.007,0.646,0.015 
  8822689,19332217+4500351 ,10.94, 0,2,-999.00, 2.66, 0.01, -999, -999,0.135,0.004,0.663,0.007,0.873,0.009,0.715,0.008,0.515,0.004 
  8822878,19333872+4504490 ,11.75, 0,2,-999.00, 2.46, 0.01, -999, -999,0.134,0.007,0.596,0.005,0.844,0.008,0.756,0.008,0.532,0.024 
  8823410,19342715+4504591 , 8.20, 0,2,-999.00, 2.63, 0.01, -999, -999,0.147,0.002,0.718,0.006, -999, -999, -999, -999,0.553,0.006 
  8824264,19354304+4500444 ,11.10, 0,2,-999.00, 2.42, 0.01, -999, -999,0.161,0.005,0.663,0.008,0.869,0.011,0.742,0.010,0.545,0.009 
  8824442,19355864+4502151 ,12.40, 0,1,-999.00, 3.27, 0.01, -999, -999,0.176,0.001,0.525,0.005,0.857,0.006,0.783,0.007,0.559,0.006 
  8824452,19355948+4502311 ,10.90, 0,1,-999.00, 2.62, 0.01, -999, -999,0.147,0.002,0.615,0.005,0.889,0.005,0.766,0.005,0.577,0.004 
  8825444,19372696+4503329 ,11.00, 2,2, 87.80, 2.84, 0.01, -999, -999,0.198,0.002,0.697,0.002,0.869,0.002,0.722,0.002,0.560,0.002 
  8826079,19382005+4500037 ,11.40, 0,2,-999.00, 2.42, 0.01, -999, -999,0.188,0.001,0.718,0.004,0.895,0.006,0.728,0.006,0.580,0.004 
  8826496,19385310+4500333 ,11.77, 0,2,-999.00, 2.55, 0.01, -999, -999,0.165,0.001,0.680,0.004,0.880,0.007,0.740,0.008,0.555,0.007 
  8827367,19400566+4504182 ,11.96, 0,1,-999.00, 3.30, 0.01, -999, -999,0.190,0.001,0.528,0.004,0.853,0.005,0.775,0.005,0.566,0.006 
  8827646,19402646+4504374 ,11.97, 0,2,-999.00, 2.43, 0.01, -999, -999,0.177,0.001,0.696,0.009,0.884,0.011,0.744,0.010,0.580,0.009 
  8827808,19403994+4502027 ,12.08, 0,1,-999.00, 3.30, 0.01, -999, -999, -999, -999, -999, -999, -999, -999, -999, -999, -999, -999 
  8827934,19405000+4503470 ,10.80, 0,0,-999.00, 2.66, 0.01, -999, -999,0.132,0.002, -999, -999,0.854,0.006,0.766,0.005,0.549,0.004 
  8832376,19465113+4501423 ,11.95, 0,2,-999.00, 2.39, 0.01, -999, -999, -999, -999, -999, -999, -999, -999, -999, -999, -999, -999 
  8836830,19513511+4501566 ,11.21, 2,1, 14.30, 3.21, 0.01, -999, -999,0.180,0.004,0.632,0.004,0.908,0.005,0.774,0.004,0.652,0.005 
  8838990,19534379+4505223 ,12.10, 4,0,-999.00, 3.32, 0.01, -999, -999,0.201,0.001,0.680,0.005,0.911,0.009,0.723,0.007,0.618,0.008 
  8839028,19534690+4504090 ,12.13, 0,2,-999.00, 2.34, 0.01, -999, -999,0.117,0.003,0.581,0.005,0.857,0.009,0.771,0.008,0.527,0.009 
  8840992,19555727+4505360 ,11.83, 0,0,-999.00, 2.99, 0.01, -999, -999,0.138,0.002,0.567,0.005,0.867,0.010,0.763,0.009,0.578,0.007 
  8843610,19585810+4504412 ,11.54, 0,2,-999.00, 2.51, 0.01, -999, -999, -999, -999, -999, -999, -999, -999, -999, -999, -999, -999 
  8845313,20005721+4501282 ,11.72, 2,0, 77.00, 2.49, 0.01, -999, -999,0.187,0.002,0.699,0.004,0.912,0.004,0.696,0.003,0.603,0.005 
  8845321,20005803+4502516 ,11.78, 0,2,-999.00, 2.41, 0.01, -999, -999,0.156,0.002,0.715,0.004,0.892,0.004,0.724,0.004,0.581,0.005 
  8846187,20015247+4504200 ,11.64, 0,2,-999.00, 2.60, 0.01, -999, -999,0.125,0.003,0.649,0.005,0.863,0.011,0.703,0.010,0.554,0.006 
  8863673,18482338+4506110 ,12.05, 0,0,-999.00, 2.55, 0.01, -999, -999,0.136,0.001,0.553,0.005,0.859,0.006,0.781,0.006,0.577,0.007 
  8867740,18554556+4507150 ,11.59, 0,1,-999.00, 2.25, 0.01, -999, -999,0.117,0.001,0.615,0.006,0.891,0.006,0.758,0.005,0.591,0.005 
  8868650,18573541+4507441 ,11.94,54,0,-999.00,-999.00,-999.00,-2.495,0.351,0.343,0.002,0.744,0.010,0.900,0.007,0.725,0.006,0.715,0.007 
  8868800,18575222+4507018 ,12.33, 0,2,-999.00, 2.43, 0.01,-0.050,0.381,0.157,0.002,0.693,0.007,0.886,0.008,0.740,0.007,0.575,0.011 
  8868929,18580591+4506470 ,10.67, 0,0,-999.00, 2.50, 0.01, -999, -999, -999, -999, -999, -999, -999, -999, -999, -999, -999, -999 
  8869611,18592493+4510208 ,12.28, 0,1,-999.00, 2.89, 0.01,0.347,0.426,0.156,0.001,0.580,0.004,0.890,0.013,0.772,0.013,0.609,0.011 
  8869656,18592918+4507576 , 9.09, 2,2, 50.10, 2.39, 0.01,0.351,0.348,0.175,0.005,0.641,0.007,0.892,0.010,0.742,0.008,0.593,0.013 
  8870432,19011653+4510080 , 9.78, 0,0,-999.00, 2.47, 0.01,1.394,0.420,0.148,0.002, -999, -999,0.847,0.006,0.806,0.005,0.544,0.005 
  8872046,19041710+4509014 ,12.21, 0,1,-999.00, 2.73, 0.01, -999, -999,0.171,0.001,0.597,0.003,0.879,0.006,0.773,0.005,0.618,0.020 
  8872709,19053513+4506383 , 9.78, 0,2,-999.00, 2.50, 0.01,0.221,0.393,0.126,0.002,0.651,0.005,0.887,0.004,0.759,0.004,0.560,0.005 
  8872979,19060720+4507324 ,10.76, 0,2,-999.00, 2.80, 0.01,0.694,0.331,0.150,0.001,0.707,0.008,0.897,0.010,0.728,0.009,0.576,0.007 
  8873797,19073875+4509053 ,11.91, 0,2,-999.00, 2.39, 0.01,1.283,0.441,0.126,0.003,0.563,0.008,0.850,0.010,0.786,0.011,0.559,0.011 
  8879369,19180192+4509535 ,12.10, 0,1,-999.00, 2.69, 0.01, -999, -999,0.209,0.003,0.644,0.010,0.901,0.008,0.799,0.009,0.663,0.012 
  8879518,19181645+4506527 ,10.98, 2,2,109.00, 2.57, 0.01, -999, -999,0.199,0.003,0.627,0.006,0.848,0.007,0.756,0.008,0.550,0.010 
  8880420,19195095+4506327 ,11.59, 0,0,-999.00, 2.20, 0.01, -999, -999,0.157,0.004,0.596,0.004,0.873,0.017,0.770,0.016,0.575,0.005 
  8890410,19342572+4507509 ,11.04, 0,2,-999.00, 2.71, 0.01, -999, -999,0.155,0.003,0.678,0.000,0.872,0.010,0.746,0.008,0.533,0.031 
  8893299,19381033+4511585 ,12.27, 0,1,-999.00, 3.32, 0.01, -999, -999,0.222,0.004,0.559,0.006,0.880,0.014,0.774,0.012,0.574,0.007 
  8907943,19550926+4510375 ,12.04, 0,2,-999.00, 2.41, 0.01, -999, -999,0.203,0.002,0.591,0.010,0.833,0.013,0.779,0.010,0.530,0.010 
  8909673,19571299+4507306 ,11.71, 0,2,-999.00, 2.54, 0.01, -999, -999,0.136,0.001,0.670,0.007,0.875,0.006,0.738,0.005,0.568,0.008 
  8911558,19592253+4511259 ,11.32, 0,2,-999.00, 2.51, 0.01, -999, -999,0.146,0.003,0.678,0.012,0.883,0.014,0.743,0.012,0.570,0.006 
  8912308,20001640+4506058 ,11.43, 4,0,-999.00, 3.24, 0.01, -999, -999,0.195,0.005,0.626,0.005,0.893,0.009,0.744,0.008,0.605,0.008 
  8914107,20022283+4509211 ,12.08, 0,1,-999.00, 3.10, 0.01, -999, -999, -999, -999, -999, -999, -999, -999, -999, -999, -999, -999 
  8914504,20024930+4506154 ,11.55, 0,2,-999.00, 2.43, 0.01, -999, -999,0.157,0.007,0.721,0.009,0.896,0.013,0.737,0.016,0.579,0.009 
  8915786,20041739+4509181 ,11.40, 3,0, 99.00, 2.94, 0.01, -999, -999,0.197,0.002,0.718,0.011,0.894,0.007,0.711,0.008,0.571,0.009 
  8933174,18514153+4515405 ,12.27, 0,0,-999.00, 2.40, 0.01, -999, -999, -999, -999, -999, -999,0.835,0.008,0.803,0.008,0.517,0.007 
  8934853,18545455+4513341 ,11.80, 0,1,-999.00, 3.28, 0.01,-0.026,0.373,0.178,0.002,0.655,0.003,0.908,0.004,0.732,0.003,0.616,0.003 
  8936084,18571972+4516121 ,12.03, 0,2,-999.00, 2.42, 0.01,-0.235,0.363,0.132,0.002,0.734,0.003,0.910,0.004,0.720,0.003,0.587,0.003 
  8936339,18575109+4516185 ,12.11, 2,2,103.00, 2.56, 0.01,0.194,0.353,0.194,0.003,0.621,0.004,0.870,0.006,0.734,0.004,0.580,0.005 
  8937073,18591596+4516418 ,11.43, 0,0,-999.00, 2.29, 0.01,1.071,0.448,0.136,0.001,0.598,0.006,0.874,0.008,0.781,0.008,0.571,0.009 
  8939964,19051053+4516155 ,12.04, 0,0,-999.00, 2.38, 0.01,0.299,0.366,0.164,0.001,0.668,0.006,0.901,0.011,0.750,0.011,0.614,0.006 
  8941031,19071658+4516279 ,12.08, 2,2, 54.20, 2.35, 0.01,0.567,0.355, -999, -999, -999, -999, -999, -999, -999, -999, -999, -999 
  8941202,19073656+4516384 ,11.76, 0,2,-999.00, 2.44, 0.01,0.413,0.387,0.146,0.001,0.699,0.006,0.889,0.004,0.740,0.003,0.580,0.008 
  8946471,19173800+4515498 ,12.06, 0,2,-999.00, 2.47, 0.01,0.710,0.445,0.121,0.002,0.646,0.003,0.843,0.005,0.785,0.004,0.584,0.003 
  8946619,19175216+4513583 ,11.99, 0,2,-999.00, 2.43, 0.01, -999, -999,0.148,0.002,0.676,0.004,0.876,0.005,0.746,0.005,0.579,0.004 
  8949653,19223340+4513226 ,11.86, 0,1,-999.00, 2.16, 0.01, -999, -999, -999, -999,0.551,0.006,0.857,0.008,0.785,0.007,0.540,0.026 
  8950187,19231984+4515364 ,12.20, 0,2,-999.00, 2.41, 0.01, -999, -999,0.117,0.001,0.584,0.007,0.838,0.012,0.780,0.016,0.547,0.013 
  8951178,19244572+4513036 ,11.48, 2,0,145.00, 2.95, 0.01, -999, -999,0.180,0.002,0.696,0.011,0.884,0.006,0.710,0.005,0.573,0.007 
  8951252,19245271+4517111 ,10.13, 0,0,-999.00, 2.61, 0.01, -999, -999,0.159,0.002,0.712,0.006,0.897,0.008,0.789,0.007,0.614,0.005 
  8955683,19312381+4515417 ,11.21, 0,2,-999.00, 2.58, 0.01, -999, -999,0.146,0.004,0.706,0.009,0.878,0.005,0.740,0.005,0.554,0.015 
  8955894,19314244+4513002 ,12.33, 0,2,-999.00, 2.33, 0.01, -999, -999,0.175,0.003,0.592,0.007,0.847,0.008,0.758,0.006,0.554,0.006 
  8957944,19344386+4513241 ,12.01, 0,1,-999.00, 2.97, 0.01, -999, -999,0.153,0.003,0.612,0.005,0.870,0.008,0.739,0.009,0.562,0.005 
  8959259,19362258+4516594 ,11.84, 0,1,-999.00, 2.78, 0.01, -999, -999, -999, -999, -999, -999, -999, -999, -999, -999, -999, -999 
  8959538,19364273+4513537 ,12.21, 0,2,-999.00, 2.41, 0.01, -999, -999,0.156,0.003, -999, -999,0.841,0.009,0.794,0.008,0.522,0.007 
  8960083,19372162+4512001 ,12.22, 0,0,-999.00, 2.91, 0.01, -999, -999,0.204,0.003,0.651,0.007,0.886,0.004,0.786,0.004,0.585,0.007 
  8962844,19405180+4513115 ,11.74, 0,2,-999.00, 2.53, 0.01, -999, -999,0.154,0.005,0.643,0.006,0.864,0.006,0.758,0.006,0.548,0.005 
  8962923,19405684+4516050 ,11.12, 0,2,-999.00, 2.83, 0.01, -999, -999,0.160,0.004,0.707,0.003,0.880,0.005,0.730,0.006,0.580,0.008 
  8963972,19421189+4516438 ,12.35, 0,2,-999.00, 2.39, 0.01, -999, -999,0.117,0.002,0.579,0.005,0.857,0.005,0.780,0.006,0.540,0.006 
  8964218,19422862+4515280 ,11.58, 0,0,-999.00, 2.39, 0.01, -999, -999, -999, -999, -999, -999, -999, -999, -999, -999, -999, -999 
  8973815,19521098+4517296 ,10.63, 0,0,-999.00, 2.86, 0.01, -999, -999,0.181,0.003,0.687,0.005,0.903,0.015,0.722,0.018, -999, -999 
  8984044,20030178+4516164 ,10.14, 0,2,-999.00, 2.46, 0.01, -999, -999, -999, -999, -999, -999, -999, -999, -999, -999, -999, -999 
  9001643,18512577+4523552 ,10.62, 0,2,-999.00, 2.51, 0.01, -999, -999,0.131,0.001,0.624,0.006,0.865,0.006,0.786,0.006,0.583,0.008 
  9002344,18530104+4518135 ,11.63, 0,1,-999.00, 2.54, 0.01,0.346,0.391,0.153,0.001,0.634,0.005,0.884,0.007,0.773,0.006,0.609,0.006 
  9002805,18535741+4518282 ,11.09, 0,2,-999.00, 2.75, 0.01,0.166,0.366, -999, -999, -999, -999, -999, -999, -999, -999, -999, -999 
  9003096,18542760+4521306 , 8.16, 0,2,-999.00, 2.76, 0.01,0.578,0.359, -999, -999, -999, -999, -999, -999, -999, -999, -999, -999 
  9003765,18554201+4518569 ,11.48, 0,1,-999.00, 2.68, 0.01,0.817,0.378,0.137,0.002,0.564,0.004,0.881,0.006,0.774,0.006,0.579,0.005 
  9004448,18571301+4523074 ,11.41, 0,0,-999.00, 2.34, 0.01,1.080,0.377,0.120,0.002,0.602,0.005,0.864,0.007,0.773,0.006,0.564,0.008 
  9004818,18580232+4518280 ,11.16, 0,1,-999.00, 2.78, 0.01,1.124,0.355,0.153,0.002,0.580,0.004,0.878,0.005,0.773,0.005,0.594,0.006 
  9006240,19005795+4523402 ,12.48, 0,1,-999.00, 2.85, 0.01,-0.393,0.405, -999, -999, -999, -999, -999, -999, -999, -999, -999, -999 
  9007080,19023248+4521554 , 9.65, 0,2,-999.00, 2.44, 0.01,1.244,0.480,0.163,0.002,0.581,0.013,0.860,0.005,0.781,0.005,0.564,0.018 
  9008125,19042438+4519090 ,11.88, 2,1, 88.00, 3.28, 0.01, -999, -999,0.263,0.002,0.665,0.006,0.909,0.008,0.760,0.007,0.682,0.008 
  9008270,19044303+4523591 ,10.37, 0,2,-999.00, 2.44, 0.01,0.928,0.325,0.148,0.003,0.652,0.003,0.861,0.003,0.739,0.003,0.558,0.005 
  9009158,19062541+4519576 ,10.37, 0,2,-999.00, 2.33, 0.01,0.134,0.402, -999, -999, -999, -999, -999, -999, -999, -999, -999, -999 
  9009805,19073187+4521011 ,11.88, 0,1,-999.00, 2.61, 0.01,0.127,0.369,0.172,0.002,0.654,0.005,0.898,0.008,0.759,0.006,0.632,0.008 
  9016417,19190452+4522361 ,10.39, 0,0,-999.00, 2.45, 0.01,-0.009,0.525,0.166,0.002,0.697,0.017,0.895,0.022,0.772,0.019,0.567,0.015 
  9016455,19190850+4521111 ,12.32, 0,2,-999.00, 2.82, 0.01, -999, -999,0.147,0.001,0.685,0.003,0.890,0.006,0.751,0.007,0.600,0.007 
  9016901,19195179+4520180 ,11.80, 0,2,-999.00, 2.36, 0.01, -999, -999,0.155,0.002,0.747,0.008,0.901,0.009,0.709,0.011,0.609,0.011 
  9018790,19223698+4520478 , 8.53, 0,1,-999.00, 2.94, 0.01, -999, -999, -999, -999, -999, -999, -999, -999, -999, -999, -999, -999 
  9018909,19224796+4522593 ,12.40, 0,1,-999.00, 2.76, 0.01, -999, -999,0.144,0.001,0.589,0.005,0.871,0.007,0.765,0.007,0.587,0.009 
  9020419,19250616+4521202 ,11.80, 0,2,-999.00, 2.44, 0.01, -999, -999,0.157,0.001,0.744,0.005,0.900,0.006,0.743,0.005,0.606,0.014 
  9020943,19254964+4522389 ,12.30, 0,2,-999.00, 2.41, 0.01, -999, -999,0.158,0.002,0.719,0.005,0.889,0.008,0.732,0.007,0.584,0.006 
  9021464,19263451+4518050 ,11.66, 0,2,-999.00, 2.51, 0.01, -999, -999,0.192,0.003,0.703,0.005,0.877,0.007,0.736,0.006,0.574,0.006 
  9024483,19305806+4522027 ,11.90, 0,2,-999.00, 2.42, 0.01, -999, -999,0.169,0.003,0.631,0.005,0.857,0.006,0.870,0.006,0.533,0.008 
  9025029,19314427+4521202 ,10.75, 0,2,-999.00, 2.51, 0.01, -999, -999,0.170,0.003,0.721,0.009,0.873,0.010,0.735,0.010,0.557,0.008 
  9025216,19320082+4523095 ,12.12, 0,2,-999.00, 2.40, 0.01, -999, -999, -999, -999,0.699,0.004,0.877,0.005,0.778,0.005,0.573,0.013 
  9025447,19322077+4520377 ,12.03, 0,2,-999.00, 2.39, 0.01, -999, -999,0.156,0.002,0.626,0.005,0.868,0.005,0.757,0.005,0.561,0.005 
  9025498,19322514+4523332 ,12.12, 0,0,-999.00, 2.66, 0.01, -999, -999, -999, -999, -999, -999, -999, -999, -999, -999, -999, -999 
  9025882,19330112+4522031 ,11.19, 0,2,-999.00, 2.44, 0.01, -999, -999,0.107,0.004,0.580,0.008,0.841,0.008,0.767,0.008,0.549,0.012 
  9027245,19345924+4518161 ,11.88, 0,1,-999.00, 2.60, 0.01, -999, -999,0.242,0.004,0.593,0.007,0.895,0.008,0.779,0.008,0.615,0.007 
  9027635,19353078+4521083 ,12.00, 0,1,-999.00, 2.63, 0.01, -999, -999,0.157,0.002,0.589,0.006,0.890,0.028,0.742,0.030,0.618,0.020 
  9027871,19355067+4523182 ,11.37, 0,0,-999.00, 2.53, 0.01, -999, -999,0.180,0.003,0.572,0.020,0.853,0.007,0.770,0.007,0.584,0.005 
  9028221,19361872+4519393 ,10.63, 0,2,-999.00, 2.75, 0.01, -999, -999,0.253,0.001,0.721,0.008,0.870,0.009,0.701,0.009,0.583,0.009 
  9028293,19362462+4521471 ,11.62, 2,2, 86.00, 2.70, 0.01, -999, -999, -999, -999, -999, -999, -999, -999, -999, -999, -999, -999 
  9028321,19362667+4520385 ,11.41, 0,1,-999.00, 2.57, 0.01, -999, -999,0.190,0.003,0.576,0.005,0.864,0.021,0.781,0.017,0.597,0.021 
  9028511,19364114+4519386 ,11.62, 0,2,-999.00, 2.38, 0.01, -999, -999, -999, -999, -999, -999, -999, -999, -999, -999, -999, -999 
  9028697,19365329+4520367 ,11.85, 0,1,-999.00, 2.68, 0.01, -999, -999, -999, -999, -999, -999, -999, -999, -999, -999, -999, -999 
  9028880,19370745+4519071 ,12.44, 0,1,-999.00, 2.53, 0.01, -999, -999, -999, -999, -999, -999, -999, -999, -999, -999, -999, -999 
  9029195,19373317+4520239 ,10.93, 6,0,-999.00, 2.54, 0.01, -999, -999, -999, -999, -999, -999, -999, -999, -999, -999, -999, -999 
  9029603,19380328+4523077 ,11.68, 0,0,-999.00, 3.08, 0.01, -999, -999,0.224,0.002,0.610,0.010,0.873,0.009,0.758,0.009,0.609,0.011 
  9031080,19400085+4519409 ,11.44, 0,2,-999.00, 2.55, 0.01, -999, -999,0.147,0.002,0.645,0.005,0.865,0.011,0.744,0.008,0.560,0.008 
  9031549,19403884+4521015 ,12.31, 0,1,-999.00, 2.77, 0.01, -999, -999,0.186,0.002,0.656,0.006,0.885,0.006,0.739,0.006,0.595,0.032 
  9032691,19420369+4521597 ,11.21, 0,2,-999.00, 2.45, 0.01, -999, -999,0.139,0.002,0.662,0.005,0.879,0.008,0.738,0.006,0.562,0.007 
  9034557,19441241+4523299 ,11.48, 0,2,-999.00, 2.53, 0.01, -999, -999,0.168,0.007,0.610,0.005,0.854,0.004,0.774,0.004,0.563,0.007 
  9049147,19583815+4519019 ,11.95, 0,0,-999.00, 2.87, 0.01, -999, -999,0.176,0.002,0.610,0.004,0.875,0.007,0.750,0.005,0.567,0.004 
  9071940,18534954+4525026 , 8.32, 0,2,-999.00, 2.47, 0.01,1.630,0.370, -999, -999, -999, -999, -999, -999, -999, -999, -999, -999 
  9072262,18543255+4529377 ,11.87, 0,0,-999.00, 2.49, 0.01,-0.268,0.376, -999, -999, -999, -999, -999, -999, -999, -999, -999, -999 
  9075225,19010645+4524187 ,10.09, 0,1,-999.00, 2.66, 0.01,0.774,0.359, -999, -999, -999, -999, -999, -999, -999, -999, -999, -999 
  9075872,19023941+4527381 ,11.89, 0,1,-999.00, 3.12, 0.01,-0.059,0.416,0.177,0.002,0.645,0.002,0.907,0.003,0.751,0.003,0.625,0.003 
  9076584,19041176+4524471 ,11.42, 0,1,-999.00, 3.09, 0.01, -999, -999,0.192,0.002,0.628,0.005,0.900,0.008,0.770,0.008,0.669,0.006 
  9077453,19060972+4527435 ,11.99, 0,1,-999.00, 3.13, 0.01, -999, -999,0.183,0.001,0.611,0.004,0.901,0.006,0.755,0.006,0.632,0.005 
  9077844,19070193+4525075 ,10.19, 0,2,-999.00, 2.58, 0.01,1.657,0.399, -999, -999, -999, -999,0.849,0.007,0.743,0.006,0.550,0.006 
  9080175,19120815+4529360 ,10.16, 0,1,-999.00, 2.59, 0.01,-0.046,0.401, -999, -999, -999, -999, -999, -999, -999, -999, -999, -999 
  9080407,19123815+4529123 ,10.28, 0,0,-999.00, 2.57, 0.01,0.841,0.615,0.192,0.002,0.640,0.005,0.877,0.005,0.754,0.005,0.575,0.005 
  9080445,19124481+4524487 ,10.50, 0,2,-999.00, 2.50, 0.01,-0.079,0.458,0.155,0.002,0.670,0.003,0.884,0.004,0.746,0.005,0.565,0.005 
  9080606,19130613+4526287 ,10.97, 0,1,-999.00, 3.03, 0.01,0.406,0.329,0.170,0.001,0.651,0.003,0.888,0.014,0.739,0.012,0.590,0.011 
  9085007,19212865+4526445 ,11.85, 3,0, 75.00, 2.38, 0.01, -999, -999, -999, -999, -999, -999, -999, -999, -999, -999, -999, -999 
  9086060,19231055+4527206 ,11.92, 2,0, 81.00, 2.58, 0.01, -999, -999,0.349,0.002,0.672,0.008,0.878,0.016,0.752,0.019,0.594,0.071 
  9086187,19232302+4527108 ,12.13, 0,1,-999.00, 2.96, 0.01, -999, -999,0.201,0.002,0.660,0.008,0.907,0.019,0.755,0.015,0.632,0.012 
  9086505,19235187+4529083 ,12.19, 0,2,-999.00, 2.41, 0.01, -999, -999,0.182,0.002,0.671,0.022,0.877,0.008,0.779,0.008,0.587,0.037 
  9088119,19261250+4525185 ,11.25, 0,1,-999.00, 2.41, 0.01, -999, -999,0.138,0.002,0.668,0.006,0.878,0.007,0.736,0.007,0.565,0.008 
  9091772,19314485+4525053 ,11.53, 3,2,111.00, 2.98, 0.01, -999, -999,0.200,0.002,0.673,0.006,0.882,0.013,0.726,0.010,0.600,0.007 
  9096899,19383444+4529374 ,11.96, 0,2,-999.00, 2.52, 0.01, -999, -999,0.173,0.002,0.697,0.009,0.881,0.020,0.728,0.016,0.582,0.011 
  9100444,19430010+4528367 ,11.05, 0,2,-999.00, 2.62, 0.01, -999, -999,0.178,0.007,0.625,0.008,0.848,0.009,0.770,0.009,0.549,0.010 
  9107351,19502840+4524008 ,10.11, 0,1,-999.00, 2.59, 0.01, -999, -999,0.143,0.002, -999, -999,0.845,0.013,0.807,0.010,0.531,0.012 
  9107573,19504210+4524183 ,11.76, 0,2,-999.00, 2.37, 0.01, -999, -999, -999, -999, -999, -999,0.823,0.005,0.800,0.004,0.507,0.011 
  9108045,19510681+4526162 ,10.97, 0,2,-999.00, 2.79, 0.01, -999, -999,0.166,0.004,0.710,0.008,0.880,0.005,0.730,0.005,0.539,0.008 
  9108759,19514638+4529083 ,11.25, 0,2,-999.00, 2.47, 0.01, -999, -999,0.133,0.003,0.649,0.014,0.868,0.008,0.748,0.008,0.548,0.010 
  9109244,19521384+4526135 ,11.39, 0,1,-999.00, 3.17, 0.01, -999, -999,0.210,0.005,0.652,0.006,0.876,0.029,0.758,0.030, -999, -999 
  9112472,19554378+4527330 ,11.83, 2,0, 88.70, 2.58, 0.01, -999, -999,0.160,0.004,0.679,0.005,0.861,0.005,0.729,0.005,0.565,0.006 
  9115334,19590472+4528355 ,11.62, 0,2,-999.00, 2.74, 0.01, -999, -999, -999, -999, -999, -999, -999, -999, -999, -999, -999, -999 
  9116434,20001489+4526238 ,12.29, 0,1,-999.00, 3.26, 0.01, -999, -999,0.196,0.002,0.617,0.004,0.891,0.005,0.746,0.004,0.598,0.027 
  9119504,20034078+4528431 ,11.55, 0,2,-999.00, 2.48, 0.01, -999, -999,0.165,0.002,0.711,0.007,-0.085,0.006,0.845,0.006,0.605,0.004 
  9119915,20040583+4524553 ,12.00, 0,1,-999.00, 3.08, 0.01, -999, -999,0.162,0.002,0.671,0.013,0.907,0.006,0.754,0.005,0.611,0.004 
  9139330,18564193+4532278 , 8.95, 0,2,-999.00, 2.54, 0.01,0.850,0.349, -999, -999, -999, -999, -999, -999, -999, -999, -999, -999 
  9139859,18575358+4531335 ,11.64, 0,1,-999.00, 2.77, 0.01,1.365,0.421,0.139,0.001, -999, -999,0.850,0.005,0.805,0.004,0.565,0.004 
  9142574,19035200+4532464 ,11.50, 0,1,-999.00, 2.34, 0.01, -999, -999,0.219,0.001,0.660,0.003,0.902,0.004,0.758,0.009,0.595,0.010 
  9143051,19050252+4535025 , 9.11, 0,2,-999.00, 2.59, 0.01,1.795,0.401,0.149,0.002,0.597,0.005,0.858,0.009,0.793,0.007,0.569,0.005 
  9143834,19064990+4532414 ,11.81, 0,0,-999.00, 2.10, 0.01,0.397,0.408,0.194,0.002,0.615,0.005,0.894,0.010,0.773,0.008,0.638,0.016 
  9143868,19065473+4534017 ,10.95, 0,2,-999.00, 2.46, 0.01,1.014,0.364, -999, -999, -999, -999, -999, -999, -999, -999, -999, -999 
  9145781,19111220+4535367 ,11.76, 0,1,-999.00, 3.30, 0.01,0.702,0.362,0.173,0.002,0.566,0.005,0.880,0.007,0.762,0.006,0.614,0.006 
  9145861,19112170+4535591 ,12.06, 0,1,-999.00, 3.04, 0.01,1.113,0.418, -999, -999, -999, -999, -999, -999, -999, -999, -999, -999 
  9145952,19113227+4535165 ,11.59, 0,2,-999.00, 2.43, 0.01,0.571,0.373,0.154,0.003,0.643,0.005,0.873,0.006,0.757,0.006,0.569,0.007 
  9145955,19113253+4531225 , 9.78, 0,1,-999.00, 3.04, 0.01,0.276,0.474, -999, -999,0.621,0.007,0.899,0.010,0.710,0.011,0.591,0.010 
  9147335,19142703+4535380 ,11.27, 0,2,-999.00, 2.61, 0.01,0.912,0.384,0.173,0.003,0.665,0.008,0.877,0.004,0.775,0.004,0.607,0.012 
  9150223,19200965+4532449 ,12.16, 0,2,-999.00, 2.47, 0.01,0.252,0.409,0.145,0.003,0.696,0.003,0.876,0.009,0.740,0.009,0.570,0.004 
  9151007,19212753+4533444 ,10.57, 0,2,-999.00, 2.43, 0.01, -999, -999,0.152,0.002,0.789,0.008,0.919,0.007,0.723,0.006,0.581,0.011 
  9151578,19222634+4532326 , 9.38, 0,2,-999.00, 2.31, 0.01, -999, -999, -999, -999, -999, -999, -999, -999, -999, -999, -999, -999 
  9156571,19302932+4530139 ,10.62, 0,2,-999.00, 2.49, 0.01, -999, -999,0.135,0.001,0.565,0.004,0.835,0.006,0.766,0.006,0.532,0.007 
  9157260,19313671+4532500 ,11.73, 0,1,-999.00, 3.29, 0.01, -999, -999,0.196,0.002,0.564,0.012,0.894,0.016,0.763,0.014,0.623,0.013 
  9159227,19344047+4534146 ,11.92, 0,2,-999.00, 2.37, 0.01, -999, -999, -999, -999, -999, -999, -999, -999, -999, -999, -999, -999 
  9160995,19370728+4530134 ,11.92, 0,2,-999.00, 2.45, 0.01, -999, -999,0.188,0.003,0.693,0.006,0.897,0.005,0.763,0.005,0.639,0.006 
  9161068,19371264+4531216 ,10.10, 0,1,-999.00, 3.25, 0.01, -999, -999,0.227,0.001,0.683,0.005,0.902,0.007,0.734,0.007,0.647,0.008 
  9163153,19401271+4532481 ,11.54, 0,1,-999.00, 3.09, 0.01, -999, -999, -999, -999, -999, -999, -999, -999, -999, -999, -999, -999 
  9163785,19412024+4535577 ,11.37, 0,0,-999.00, 2.58, 0.01, -999, -999, -999, -999, -999, -999, -999, -999, -999, -999, -999, -999 
  9164187,19415323+4530424 ,12.01, 2,1, 91.00, 3.14, 0.01, -999, -999,0.222,0.002,0.656,0.004,0.886,0.023,0.723,0.025,0.594,0.006 
  9165879,19441730+4535437 ,12.45, 0,0,-999.00, 2.54, 0.01, -999, -999, -999, -999, -999, -999, -999, -999, -999, -999, -999, -999 
  9166023,19442806+4531365 ,11.75, 0,0,-999.00, 2.15, 0.01, -999, -999, -999, -999, -999, -999,0.812,0.005,0.801,0.005,0.522,0.028 
  9172292,19513894+4534257 ,11.27, 0,2,-999.00, 2.59, 0.01, -999, -999, -999, -999, -999, -999, -999, -999, -999, -999, -999, -999 
  9173371,19524834+4531440 , 9.27, 0,2,-999.00, 2.92, 0.01, -999, -999,0.203,0.001,0.716,0.017, -999, -999, -999, -999,0.579,0.006 
  9176207,19554808+4532293 ,11.90, 0,2,-999.00, 2.67, 0.01, -999, -999, -999, -999, -999, -999, -999, -999, -999, -999, -999, -999 
  9176522,19561144+4531167 ,11.07, 0,1,-999.00, 3.03, 0.01, -999, -999, -999, -999, -999, -999, -999, -999, -999, -999, -999, -999 
  9180003,20001037+4532079 ,11.48, 0,0,-999.00, 2.82, 0.01, -999, -999,0.168,0.002,0.605,0.003,0.863,0.010,0.749,0.007,0.559,0.009 
  9181877,20020952+4530259 ,11.70, 4,0,-999.00, 2.64, 0.01, -999, -999,0.207,0.002,0.613,0.011,0.852,0.006,0.744,0.007,0.554,0.007 
  9202597,18551601+4541369 ,12.37, 0,1,-999.00, 2.96, 0.01,1.473,0.506, -999, -999, -999, -999, -999, -999, -999, -999, -999, -999 
  9202995,18560894+4539263 ,10.93, 0,0,-999.00, 2.38, 0.01,1.053,0.367,0.143,0.004,0.605,0.003,0.877,0.004,0.752,0.003,0.589,0.005 
  9204871,19002573+4537087 ,12.45, 0,2,-999.00, 2.44, 0.01,-0.138,0.382,0.157,0.002,0.670,0.004,0.886,0.006,0.762,0.005,0.571,0.008 
  9205044,19004850+4539285 ,12.15, 0,0,-999.00, 2.95, 0.01,-0.026,0.367,0.193,0.001,0.667,0.004,0.910,0.005,0.758,0.005,0.642,0.004 
  9205705,19021414+4541161 ,10.99, 0,0,-999.00, 2.31, 0.01,0.399,0.456,0.147,0.002,0.651,0.004,0.887,0.006,0.761,0.005,0.594,0.004 
  9210116,19121606+4541012 ,10.11, 4,0,-999.00, 2.66, 0.01,0.453,0.439, -999, -999,0.642,0.006,0.853,0.006,0.711,0.006,0.574,0.008 
  9210148,19122064+4536358 ,12.32, 0,2,-999.00, 2.38, 0.01,0.656,0.387,0.156,0.003,0.650,0.005,0.898,0.005,0.766,0.004,0.636,0.007 
  9210256,19123310+4537542 ,11.42, 0,1,-999.00, 2.97, 0.01,0.439,0.340,0.168,0.001,0.637,0.004,0.883,0.006,0.736,0.005,0.586,0.006 
  9211088,19142447+4537321 , 8.07, 0,2,-999.00, 2.41, 0.01,0.519,0.341, -999, -999, -999, -999, -999, -999, -999, -999, -999, -999 
  9211401,19150223+4540241 ,10.63, 0,1,-999.00, 2.36, 0.01,1.382,0.338, -999, -999, -999, -999, -999, -999, -999, -999, -999, -999 
  9214512,19211120+4538053 ,12.38, 0,1,-999.00, 2.91, 0.01, -999, -999,0.159,0.002,0.627,0.004,0.880,0.008,0.762,0.007,0.603,0.004 
  9217521,19261266+4536237 ,11.81, 0,2,-999.00, 2.44, 0.01, -999, -999,0.163,0.007,0.702,0.006,0.891,0.036,0.735,0.031,0.587,0.007 
  9220076,19302042+4536520 ,11.37, 0,2,-999.00, 2.44, 0.01, -999, -999,0.145,0.002,0.657,0.008,0.871,0.009,0.749,0.007,0.587,0.011 
  9220379,19304758+4539108 ,12.45, 0,0,-999.00, 2.36, 0.01, -999, -999,0.161,0.002,0.567,0.004,0.841,0.007,0.787,0.007,0.556,0.005 
  9221721,19325134+4541283 ,10.83, 0,0,-999.00, 2.80, 0.01, -999, -999,0.181,0.002,0.715,0.004,0.877,0.006,0.709,0.005,0.578,0.005 
  9222065,19332214+4538228 , 9.83, 2,1, 88.50, 3.15, 0.02, -999, -999,0.223,0.003,0.633,0.012,0.868,0.009,0.712,0.010,0.560,0.021 
  9222389,19335498+4537129 ,11.64, 0,0,-999.00, 2.41, 0.01, -999, -999,0.152,0.002,0.647,0.004,0.872,0.004,0.742,0.004,0.566,0.006 
  9226335,19393986+4536187 , 9.87, 0,2,-999.00, 2.64, 0.01, -999, -999, -999, -999, -999, -999, -999, -999, -999, -999, -999, -999 
  9228346,19422935+4536467 ,12.20, 0,2,-999.00, 2.45, 0.01, -999, -999,0.170,0.004,0.590,0.004,0.862,0.010,0.734,0.008,0.560,0.005 
  9228469,19424029+4540062 , 9.99, 0,1,-999.00, 2.94, 0.01, -999, -999, -999, -999, -999, -999, -999, -999, -999, -999, -999, -999 
  9229601,19441371+4540249 ,11.63, 0,2,-999.00, 2.57, 0.01, -999, -999, -999, -999, -999, -999, -999, -999, -999, -999, -999, -999 
  9230499,19452359+4537464 ,11.29, 0,2,-999.00, 2.66, 0.01, -999, -999,0.139,0.003,0.656,0.007,0.879,0.025,0.752,0.022,0.564,0.007 
  9240941,19571060+4537363 ,11.35, 2,0,123.00, 2.95, 0.01, -999, -999,0.217,0.002,0.683,0.009,0.881,0.003,0.713,0.003,0.575,0.009 
  9244091,20005265+4538462 ,10.96, 0,2,-999.00, 2.94, 0.01, -999, -999,0.181,0.003,0.692,0.003,0.888,0.038,0.744,0.033,0.581,0.004 
  9244428,20011607+4541346 , 9.27, 0,2,-999.00, 2.89, 0.01, -999, -999,0.164,0.002,0.663,0.029,0.874,0.010,0.767,0.009,0.553,0.045 
  9245197,20020979+4539170 ,10.18, 0,1,-999.00, 3.26, 0.01, -999, -999,0.182,0.002,0.601,0.008,0.875,0.008,0.748,0.007,0.567,0.012 
  9246715,20034832+4536148 , 9.27, 4,0,-999.00, 2.94, 0.01, -999, -999, -999, -999, -999, -999, -999, -999, -999, -999, -999, -999 
  9267654,19000746+4545325 ,12.02, 0,1,-999.00, 2.99, 0.01, -999, -999,0.199,0.001,0.571,0.004,0.868,0.005,0.794,0.006,0.638,0.007 
  9268146,19011630+4547575 ,12.02, 0,0,-999.00, 2.39, 0.01, -999, -999,0.163,0.002,0.560,0.003,0.867,0.003,0.798,0.003,0.564,0.004 
  9269081,19032243+4547495 ,12.04, 0,2,-999.00, 2.32, 0.01,1.485,0.458,0.141,0.001,0.643,0.003,0.886,0.005,0.759,0.004,0.560,0.003 
  9269302,19035400+4547399 ,11.97, 0,2,-999.00, 2.46, 0.01,0.347,0.361,0.151,0.001,0.703,0.004,0.885,0.006,0.746,0.005,0.583,0.005 
  9269772,19050624+4546141 ,11.51, 0,1,-999.00, 2.67, 0.01,0.622,0.374,0.151,0.002,0.555,0.005,0.864,0.007,0.786,0.005,0.591,0.005 
  9270087,19055085+4543347 ,12.01, 0,2,-999.00, 2.47, 0.01,0.563,0.361,0.180,0.002,0.630,0.004,0.871,0.006,0.749,0.005,0.618,0.007 
  9273073,19125093+4542340 ,11.80, 0,0,-999.00, 2.49, 0.01,1.139,0.389,0.162,0.005,0.672,0.011,0.883,0.009,0.769,0.009,0.623,0.010 
  9273827,19143418+4547214 ,11.26, 0,2,-999.00, 2.95, 0.01,-0.090,0.339,0.297,0.003,0.716,0.007,0.901,0.008,0.742,0.008,0.637,0.010 
  9274288,19153439+4544355 ,12.45, 0,2,-999.00, 2.51, 0.01,0.262,0.363,0.111,0.003,0.664,0.007,0.876,0.009,0.730,0.009,0.563,0.010 
  9277385,19213068+4542386 ,12.27, 0,2,-999.00, 2.42, 0.01, -999, -999,0.153,0.002,0.622,0.008,0.863,0.010,0.765,0.010,0.551,0.012 
  9278780,19235425+4546275 ,12.06, 0,1,-999.00, 3.26, 0.01, -999, -999,0.152,0.004,0.539,0.008,0.881,0.008,0.793,0.008,0.599,0.013 
  9279769,19253635+4547265 ,10.20, 0,2,-999.00, 2.50, 0.01, -999, -999,0.144,0.001,0.680,0.005,0.896,0.006,0.801,0.007,0.592,0.007 
  9279889,19254724+4544081 ,12.13, 0,1,-999.00, 2.61, 0.01, -999, -999, -999, -999, -999, -999, -999, -999, -999, -999, -999, -999 
  9282363,19294630+4545077 ,11.04, 0,2,-999.00, 2.38, 0.01, -999, -999,0.142,0.004,0.609,0.005,0.863,0.006,0.707,0.007,0.527,0.006 
  9283112,19305784+4545054 ,12.11, 0,0,-999.00, 2.48, 0.01, -999, -999, -999, -999, -999, -999, -999, -999, -999, -999, -999, -999 
  9283248,19311369+4547094 ,12.42, 0,2,-999.00, 2.43, 0.01, -999, -999,0.134,0.004,0.647,0.008,0.867,0.010,0.715,0.010,0.539,0.011 
  9283816,19320963+4542319 ,10.73, 0,2,-999.00, 2.55, 0.01, -999, -999,0.171,0.003,0.658,0.008,0.866,0.011,0.742,0.011,0.556,0.011 
  9283918,19321991+4544083 ,10.85, 0,2,-999.00, 2.63, 0.01, -999, -999, -999, -999, -999, -999,0.825,0.012,0.769,0.012,0.574,0.011 
  9285761,19351582+4542099 ,12.41, 0,2,-999.00, 2.63, 0.01, -999, -999, -999, -999, -999, -999, -999, -999, -999, -999, -999, -999 
  9286287,19360222+4546350 ,12.47, 0,1,-999.00, 2.48, 0.01, -999, -999,0.073,0.003,0.547,0.008,0.885,0.011,0.801,0.010,0.626,0.013 
  9286817,19364434+4543197 ,11.28, 0,1,-999.00, 2.59, 0.01, -999, -999,0.178,0.004,0.617,0.009,0.879,0.014,0.742,0.018,0.618,0.012 
  9286851,19364701+4544181 , 9.97, 2,2, 92.00, 2.84, 0.01, -999, -999,0.303,0.002,0.693,0.009,0.856,0.006,0.693,0.007,0.572,0.014 
  9288026,19383102+4545251 ,10.73, 0,2,-999.00, 2.45, 0.01, -999, -999,0.197,0.003,0.737,0.011,0.907,0.006,0.749,0.005,0.643,0.008 
  9291249,19430881+4544039 ,11.44, 0,2,-999.00, 2.56, 0.01, -999, -999, -999, -999, -999, -999, -999, -999, -999, -999, -999, -999 
  9291830,19435327+4542532 ,11.02, 0,2,-999.00, 2.58, 0.01, -999, -999, -999, -999, -999, -999, -999, -999, -999, -999, -999, -999 
  9291976,19440433+4542366 ,11.61, 0,2,-999.00, 2.39, 0.01, -999, -999, -999, -999, -999, -999, -999, -999, -999, -999, -999, -999 
  9292180,19442128+4543531 ,11.93, 0,0,-999.00, 2.65, 0.01, -999, -999, -999, -999, -999, -999, -999, -999, -999, -999, -999, -999 
  9292208,19442392+4545428 ,12.26, 0,1,-999.00, 2.69, 0.01, -999, -999, -999, -999, -999, -999, -999, -999, -999, -999, -999, -999 
  9300159,19533934+4543326 ,11.17, 0,1,-999.00, 3.13, 0.01, -999, -999, -999, -999,0.760,0.005, -999, -999, -999, -999, -999, -999 
  9304549,19584267+4546273 ,11.94, 0,1,-999.00, 2.73, 0.01, -999, -999, -999, -999, -999, -999, -999, -999, -999, -999, -999, -999 
  9305599,20000846+4547262 ,12.39, 0,1,-999.00, 3.11, 0.01, -999, -999, -999, -999, -999, -999, -999, -999, -999, -999, -999, -999 
  9307073,20015507+4543192 ,10.86, 0,0,-999.00, 2.54, 0.01, -999, -999,0.158,0.004,0.605,0.004,0.871,0.032,0.772,0.028,0.553,0.007 
  9326421,18543641+4550541 ,12.36, 0,0,-999.00, 2.75, 0.01,0.674,0.465,0.170,0.002,0.583,0.009,0.890,0.005,0.777,0.004,0.637,0.011 
  9327993,18575975+4553296 , 9.81, 0,2,-999.00, 2.43, 0.01, -999, -999,0.159,0.003,0.601,0.005,0.835,0.011,0.744,0.012,0.515,0.008 
  9328135,18581872+4548138 ,10.93, 0,0,-999.00, 2.65, 0.01, -999, -999,0.148,0.001,0.550,0.006,0.884,0.004,0.807,0.003,0.580,0.009 
  9328682,18593197+4552406 , 9.91, 0,2,-999.00, 2.59, 0.01, -999, -999,0.149,0.001,0.698,0.009,0.886,0.004,0.734,0.004,0.558,0.004 
  9328774,18594552+4551386 ,10.96, 0,1,-999.00, 3.29, 0.01, -999, -999, -999, -999, -999, -999, -999, -999, -999, -999, -999, -999 
  9329058,19003422+4553436 ,10.34, 0,2,-999.00, 2.53, 0.01, -999, -999,0.138,0.001,0.666,0.004,0.870,0.004,0.756,0.004,0.565,0.005 
  9329200,19005253+4548400 ,11.20, 0,1,-999.00, 2.78, 0.01, -999, -999,0.136,0.001,0.554,0.004,0.847,0.004,0.783,0.003,0.581,0.005 
  9329543,19014584+4551306 ,12.21, 0,1,-999.00, 2.55, 0.01, -999, -999,0.208,0.001,0.671,0.007,0.882,0.012,0.755,0.012,0.594,0.015 
  9329655,19020073+4551192 , 8.87, 0,2,-999.00, 2.62, 0.01, -999, -999, -999, -999, -999, -999, -999, -999, -999, -999, -999, -999 
  9330460,19034792+4553489 ,12.11, 0,1,-999.00, 2.77, 0.01, -999, -999, -999, -999, -999, -999, -999, -999, -999, -999, -999, -999 
  9330758,19043217+4553012 ,12.23, 0,2,-999.00, 2.48, 0.01, -999, -999, -999, -999, -999, -999, -999, -999, -999, -999, -999, -999 
  9332840,19092934+4549339 ,11.54, 0,2,-999.00, 2.51, 0.01,1.042,0.421,0.154,0.001,0.596,0.008,0.851,0.004,0.770,0.004,0.516,0.006 
  9333184,19101490+4551456 ,11.65, 0,2,-999.00, 2.42, 0.01,0.543,0.387, -999, -999, -999, -999, -999, -999, -999, -999, -999, -999 
  9333290,19102759+4553438 ,10.98, 0,0,-999.00, 2.29, 0.01,0.987,0.474, -999, -999, -999, -999, -999, -999, -999, -999, -999, -999 
  9333501,19105835+4553540 ,11.78, 0,1,-999.00, 2.34, 0.01,0.144,0.395,0.171,0.002,0.625,0.004,0.905,0.005,0.751,0.005,0.584,0.003 
  9334793,19133928+4553441 ,12.40, 0,1,-999.00, 2.35, 0.01,0.671,0.492,0.134,0.002,0.666,0.005,0.894,0.005,0.764,0.005,0.613,0.006 
  9335191,19143012+4548300 ,12.02, 0,2,-999.00, 2.43, 0.01,0.651,0.399,0.027,0.002,0.686,0.009,0.874,0.010,0.771,0.009,0.596,0.012 
  9335518,19150855+4550474 ,11.39, 0,1,-999.00, 2.93, 0.01,1.518,0.381,0.203,0.002,1.058,0.004,0.840,0.013,0.781,0.015,0.551,0.005 
  9335570,19151622+4553087 , 9.93, 0,2,-999.00, 2.47, 0.01,0.861,0.438, -999, -999, -999, -999, -999, -999, -999, -999, -999, -999 
  9336090,19162037+4552243 ,11.49, 0,2,-999.00, 2.43, 0.01,0.386,0.353,0.147,0.002,0.696,0.008,0.884,0.013,0.734,0.012,0.618,0.012 
  9340114,19234144+4551555 ,11.52, 0,2,-999.00, 2.34, 0.01, -999, -999,0.110,0.002,0.620,0.026,0.860,0.041,0.807,0.050,0.563,0.012 
  9340539,19242308+4548432 ,10.01, 0,2,-999.00, 2.63, 0.01, -999, -999,0.119,0.004,0.630,0.005,0.859,0.005,0.768,0.005,0.550,0.008 
  9340993,19250828+4549421 ,10.56, 0,0,-999.00, 2.37, 0.01, -999, -999, -999, -999, -999, -999, -999, -999, -999, -999, -999, -999 
  9343974,19295397+4551257 ,10.39, 0,1,-999.00, 3.24, 0.01, -999, -999, -999, -999, -999, -999, -999, -999, -999, -999, -999, -999 
  9346288,19333652+4551394 ,12.01, 0,0,-999.00, 2.35, 0.01, -999, -999,0.131,0.002,0.572,0.003,0.866,0.005,0.766,0.005,0.582,0.005 
  9346602,19340518+4551496 ,10.51, 0,2,-999.00, 2.66, 0.01, -999, -999, -999, -999,0.611,0.008, -999, -999, -999, -999,0.578,0.011 
  9349632,19383551+4551079 ,11.85, 0,2,-999.00, 2.92, 0.01, -999, -999, -999, -999, -999, -999, -999, -999, -999, -999, -999, -999 
  9350031,19390816+4549434 ,11.58, 0,1,-999.00, 2.63, 0.01, -999, -999,0.154,0.001,0.570,0.008,0.894,0.010,0.745,0.008,0.603,0.008 
  9350701,19400554+4553470 ,11.41, 0,2,-999.00, 2.69, 0.01, -999, -999, -999, -999, -999, -999, -999, -999, -999, -999, -999, -999 
  9351186,19404860+4550187 ,11.11, 0,2,-999.00, 2.43, 0.01, -999, -999, -999, -999, -999, -999, -999, -999, -999, -999, -999, -999 
  9351617,19412582+4549345 ,11.54, 0,0,-999.00, 2.52, 0.01, -999, -999,0.142,0.003,0.643,0.006,0.869,0.008,0.749,0.009,0.559,0.009 
  9353187,19432547+4550566 ,11.02, 0,2,-999.00, 2.81, 0.01, -999, -999, -999, -999, -999, -999, -999, -999, -999, -999, -999, -999 
  9353531,19435508+4549533 ,11.46, 0,2,-999.00, 2.38, 0.01, -999, -999, -999, -999, -999, -999, -999, -999, -999, -999, -999, -999 
  9357395,19485765+4551114 ,11.44, 0,2,-999.00, 2.50, 0.01, -999, -999,0.126,0.003,0.655,0.004,0.866,0.006,0.755,0.006,0.564,0.006 
  9364778,19570850+4550466 ,10.89, 2,2,117.00, 2.45, 0.01, -999, -999,0.255,0.002,0.703,0.012,0.879,0.018,0.703,0.018,0.578,0.015 
  9366774,19593711+4548542 ,10.16, 0,2,-999.00, 2.47, 0.01, -999, -999, -999, -999, -999, -999, -999, -999, -999, -999, -999, -999 
  9385972,18482258+4556146 ,12.27, 0,2,-999.00, 2.94, 0.01, -999, -999,0.168,0.002,0.517,0.007,0.886,0.012,0.825,0.009,0.641,0.009 
  9390293,18585256+4555542 ,11.78, 0,2,-999.00, 2.41, 0.01, -999, -999,0.120,0.001,0.604,0.010,0.854,0.004,0.780,0.004,0.531,0.015 
  9390666,18594313+4555238 ,12.47, 0,2,-999.00, 2.36, 0.01, -999, -999,0.168,0.002,0.591,0.005,0.867,0.007,0.730,0.007,0.562,0.008 
  9391954,19024350+4557355 ,12.35, 0,1,-999.00, 2.84, 0.01, -999, -999,0.174,0.002,0.685,0.003,0.904,0.004,0.746,0.004,0.628,0.005 
  9392039,19025354+4556093 ,11.56, 0,2,-999.00, 2.47, 0.01, -999, -999,0.166,0.001,0.681,0.003,0.882,0.005,0.749,0.004,0.565,0.003 
  9392274,19032171+4559100 ,12.31, 0,1,-999.00, 2.56, 0.01, -999, -999,0.192,0.001,0.604,0.003,0.873,0.004,0.768,0.004,0.596,0.004 
  9392650,19040899+4558415 ,11.92, 0,2,-999.00, 2.41, 0.01,1.209,0.426,0.152,0.002,0.640,0.004,0.876,0.005,0.764,0.005,0.581,0.006 
  9395227,19100426+4557472 , 9.66, 0,2,-999.00, 2.55, 0.01, -999, -999,0.128,0.002,0.586,0.007,0.839,0.009,0.770,0.009,0.531,0.010 
  9395535,19104429+4555106 ,11.79, 0,0,-999.00, 2.25, 0.01,-0.022,0.444,0.137,0.001,0.606,0.007,0.879,0.011,0.755,0.010,0.569,0.009 
  9396095,19120809+4556396 ,11.11, 0,2,-999.00, 2.38, 0.01,0.487,0.349, -999, -999, -999, -999, -999, -999, -999, -999, -999, -999 
  9396363,19124662+4559227 ,10.91, 0,2,-999.00, 2.54, 0.01,-0.239,0.338,0.158,0.002,0.655,0.004,0.879,0.005,0.761,0.005,0.555,0.005 
  9397110,19142664+4558106 ,11.94, 0,2,-999.00, 2.50, 0.01, -999, -999,0.180,0.002,0.654,0.006,0.860,0.008,0.753,0.008,0.559,0.008 
  9401816,19233850+4558155 ,11.63, 0,2,-999.00, 2.51, 0.01, -999, -999,0.140,0.002,0.606,0.005,0.852,0.007,0.779,0.007,0.541,0.008 
  9402420,19244113+4555363 ,12.22, 0,2,-999.00, 2.41, 0.01, -999, -999,0.152,0.002,0.786,0.003,0.917,0.004,0.716,0.004,0.640,0.005 
  9402562,19245799+4554539 ,12.08, 0,2,-999.00, 2.45, 0.01, -999, -999, -999, -999, -999, -999, -999, -999, -999, -999, -999, -999 
  9405269,19291897+4556129 ,10.39, 0,2,-999.00, 2.48, 0.01, -999, -999, -999, -999, -999, -999, -999, -999, -999, -999, -999, -999 
  9405368,19292754+4559412 ,12.16, 0,2,-999.00, 2.20, 0.01, -999, -999, -999, -999, -999, -999, -999, -999, -999, -999, -999, -999 
  9405480,19293886+4554300 ,11.48, 0,0,-999.00, 2.25, 0.01, -999, -999, -999, -999, -999, -999, -999, -999, -999, -999, -999, -999 
  9405555,19294678+4554124 ,10.99, 0,0,-999.00, 2.16, 0.01, -999, -999, -999, -999, -999, -999, -999, -999, -999, -999, -999, -999 
  9406415,19310938+4559510 , 9.93, 0,2,-999.00, 2.69, 0.01, -999, -999,0.160,0.002,0.691,0.004,0.879,0.008,0.769,0.008,0.577,0.007 
  9406426,19310981+4557271 ,12.25, 3,0,106.00, 2.34, 0.01, -999, -999,0.150,0.001,0.610,0.010,0.874,0.010,0.752,0.009,0.579,0.010 
  9406596,19312440+4555064 , 9.92, 0,2,-999.00, 2.44, 0.01, -999, -999,0.194,0.002, -999, -999,0.840,0.010,0.766,0.008,0.544,0.009 
  9406638,19312786+4559033 ,11.36, 0,0,-999.00, 2.49, 0.01, -999, -999,0.167,0.004,0.649,0.006,0.900,0.009,0.760,0.008,0.616,0.009 
  9408361,19341370+4558217 ,11.44, 0,0,-999.00, 2.71, 0.01, -999, -999,0.153,0.002,0.678,0.003,0.875,0.004,0.751,0.004,0.565,0.010 
  9408590,19343657+4556115 , 9.70, 0,2,-999.00, 2.56, 0.01, -999, -999,0.168,0.001,0.661,0.004,0.863,0.004,0.740,0.004,0.553,0.005 
  9409513,19360424+4558274 ,10.29, 0,2,-999.00, 2.78, 0.01, -999, -999,0.149,0.001,0.671,0.007,0.859,0.005,0.689,0.005,0.535,0.009 
  9411366,19384499+4555512 ,11.65, 0,2,-999.00, 2.60, 0.01, -999, -999,0.191,0.002,0.699,0.003,0.895,0.004,0.765,0.005,0.621,0.004 
  9411927,19394375+4557073 , 8.68, 0,2,-999.00, 2.57, 0.01, -999, -999, -999, -999, -999, -999, -999, -999, -999, -999, -999, -999 
  9412305,19401757+4557518 ,11.95, 2,0,110.00, 2.38, 0.01, -999, -999, -999, -999, -999, -999, -999, -999, -999, -999, -999, -999 
  9412408,19402552+4557476 ,10.98, 0,2,-999.00, 2.46, 0.01, -999, -999, -999, -999, -999, -999, -999, -999, -999, -999, -999, -999 
  9414102,19424709+4559172 ,12.02, 0,2,-999.00, 2.45, 0.01, -999, -999, -999, -999, -999, -999,0.825,0.005,0.788,0.005, -999, -999 
  9427247,19583141+4556503 ,11.67, 0,2,-999.00, 2.97, 0.01, -999, -999, -999, -999, -999, -999, -999, -999, -999, -999, -999, -999 
  9427961,19592683+4555057 ,11.53, 2,2, 93.00, 2.95, 0.01, -999, -999, -999, -999, -999, -999, -999, -999, -999, -999, -999, -999 
  9430039,20015898+4554344 ,12.23, 0,1,-999.00, 2.66, 0.01, -999, -999, -999, -999, -999, -999, -999, -999, -999, -999, -999, -999 
  9430402,20022500+4557368 ,11.69, 0,2,-999.00, 2.76, 0.01, -999, -999, -999, -999, -999, -999, -999, -999, -999, -999, -999, -999 
  9430786,20025644+4555176 ,11.00, 0,0,-999.00, 2.49, 0.01, -999, -999, -999, -999, -999, -999, -999, -999, -999, -999, -999, -999 
  9447310,18500567+4605490 ,11.36, 0,1,-999.00, 2.78, 0.01, -999, -999, -999, -999, -999, -999, -999, -999, -999, -999, -999, -999 
  9449413,18552531+4604230 ,12.49, 0,0,-999.00, 2.64, 0.01,0.597,0.409,0.187,0.002,0.604,0.004,0.888,0.004,0.770,0.004,0.586,0.005 
  9450786,18582962+4604002 ,11.44, 0,2,-999.00, 2.36, 0.01, -999, -999,0.160,0.001,0.714,0.010,0.899,0.012,0.750,0.010,0.563,0.011 
  9451434,19000443+4604438 ,11.35, 0,2,-999.00, 2.34, 0.01, -999, -999,0.136,0.001,0.599,0.003,0.873,0.005,0.779,0.005,0.576,0.005 
  9451482,19001199+4605058 ,12.26, 2,0,100.00, 2.85, 0.01, -999, -999, -999, -999, -999, -999, -999, -999, -999, -999, -999, -999 
  9451999,19012833+4602084 ,11.10, 0,2,-999.00, 2.45, 0.01, -999, -999,0.156,0.002,0.726,0.003,0.903,0.004,0.760,0.003,0.602,0.003 
  9452570,19024159+4600225 ,11.59, 0,2,-999.00, 2.49, 0.01, -999, -999,0.124,0.005,0.641,0.005,0.876,0.005,0.775,0.004,0.596,0.005 
  9453362,19042292+4604293 ,11.39, 0,2,-999.00, 2.46, 0.01,0.507,0.374,0.163,0.001,0.717,0.002,0.893,0.003,0.740,0.003,0.622,0.002 
  9456153,19105629+4602116 ,11.24, 0,2,-999.00, 2.45, 0.01,0.457,0.379,0.153,0.002,0.721,0.004,0.895,0.006,0.721,0.005,0.595,0.005 
  9456478,19113915+4601525 ,10.79, 0,1,-999.00, 2.19, 0.01,-0.509,0.429,0.137,0.002,0.570,0.004,0.857,0.007,0.763,0.006,0.537,0.005 
  9456598,19115546+4600056 ,11.86, 0,2,-999.00, 2.52, 0.01,0.660,0.434,0.201,0.002,0.626,0.009,0.854,0.006,0.784,0.004,0.559,0.009 
  9457108,19130295+4605178 ,12.19, 0,2,-999.00, 2.88, 0.01,1.633,0.466,0.196,0.002, -999, -999,0.843,0.004,0.799,0.004,0.573,0.003 
  9457533,19135500+4603295 ,12.36, 0,1,-999.00, 3.14, 0.01, -999, -999,0.158,0.002,0.552,0.004,0.867,0.010,0.753,0.008,0.571,0.010 
  9457576,19140192+4601218 ,12.48, 0,2,-999.00, 2.44, 0.01,-0.267,0.380,0.198,0.002,0.718,0.007,0.894,0.006,0.716,0.005,0.577,0.007 
  9463398,19245907+4600288 , 9.56, 0,1,-999.00, 3.22, 0.01, -999, -999, -999, -999,0.613,0.007,0.888,0.007,0.778,0.005,0.586,0.004 
  9467117,19310087+4602277 ,11.01, 0,0,-999.00, 2.30, 0.01, -999, -999,0.125,0.003,0.570,0.005,0.845,0.010,0.810,0.008,0.596,0.005 
  9468160,19323894+4601494 ,12.34, 0,1,-999.00, 3.16, 0.01, -999, -999,0.212,0.001,0.702,0.005,0.918,0.007,0.752,0.005,0.649,0.006 
  9468199,19324274+4600455 ,11.12, 0,2,-999.00, 2.67, 0.01, -999, -999,0.185,0.002,0.648,0.003,0.866,0.007,0.780,0.007,0.584,0.006 
  9469165,19341437+4605574 ,10.95, 2,2, 45.00, 2.36, 0.01, -999, -999,0.196,0.002,0.716,0.006,0.906,0.009,0.735,0.008,0.614,0.009 
  9470276,19355662+4602401 ,11.48, 0,0,-999.00, 2.79, 0.01, -999, -999,0.179,0.002,0.590,0.008,0.872,0.037,0.782,0.033,0.622,0.011 
  9470830,19364289+4604403 ,12.00, 0,2,-999.00, 2.48, 0.01, -999, -999, -999, -999, -999, -999, -999, -999, -999, -999, -999, -999 
  9471284,19371934+4601184 ,11.33, 0,2,-999.00, 2.52, 0.01, -999, -999, -999, -999, -999, -999, -999, -999, -999, -999, -999, -999 
  9471796,19380032+4603400 ,11.98, 0,2,-999.00, 2.97, 0.01, -999, -999, -999, -999, -999, -999, -999, -999, -999, -999, -999, -999 
  9472076,19382352+4602304 ,11.21, 0,1,-999.00, 3.01, 0.01, -999, -999, -999, -999, -999, -999, -999, -999, -999, -999, -999, -999 
  9472481,19390054+4602242 , 9.99, 0,2,-999.00, 2.69, 0.01, -999, -999,0.217,0.001,0.683,0.013,0.869,0.005,0.740,0.005,0.619,0.020 
  9473921,19410573+4602557 ,12.36, 0,2,-999.00, 2.40, 0.01, -999, -999, -999, -999, -999, -999, -999, -999, -999, -999, -999, -999 
  9475697,19432949+4600520 ,11.13, 0,1,-999.00, 2.97, 0.01, -999, -999, -999, -999, -999, -999, -999, -999, -999, -999, -999, -999 
  9475932,19434960+4605076 ,12.31, 0,2,-999.00, 2.77, 0.01, -999, -999, -999, -999, -999, -999, -999, -999, -999, -999, -999, -999 
  9479404,19482142+4602084 , 9.83, 3,0,160.00, 2.85, 0.01, -999, -999,0.221,0.002,0.703,0.004,0.877,0.008,0.717,0.008,0.587,0.006 
  9486819,19562340+4601376 ,12.44, 0,1,-999.00, 2.95, 0.01, -999, -999,0.154,0.003,0.541,0.014,0.874,0.005,0.777,0.006,0.567,0.014 
  9488603,19583173+4600070 ,11.18, 0,2,-999.00, 2.87, 0.01, -999, -999,0.182,0.006,0.694,0.004,0.887,0.005,0.714,0.004,0.552,0.006 
  9490782,20010307+4600241 , 8.59, 0,2,-999.00, 2.47, 0.01, -999, -999, -999, -999, -999, -999, -999, -999, -999, -999, -999, -999 
  9491316,20013827+4604468 , 9.46, 0,2,-999.00, 2.63, 0.01, -999, -999,0.264,0.003,0.721,0.004,0.889,0.025,0.698,0.020,0.583,0.004 
  9508595,18485932+4606494 ,12.06, 3,0, 68.00, 2.36, 0.01, -999, -999,0.151,0.001,0.751,0.005,0.918,0.004,0.735,0.003,0.634,0.007 
  9511938,18570822+4611498 ,11.33, 0,0,-999.00, 2.59, 0.01, -999, -999,0.166,0.002,0.555,0.006,0.845,0.008,0.761,0.006,0.563,0.010 
  9512426,18581135+4606538 ,12.20, 0,1,-999.00, 2.60, 0.01, -999, -999,0.164,0.001,0.631,0.003,0.884,0.007,0.743,0.006,0.616,0.003 
  9512485,18581887+4609199 ,11.19, 0,2,-999.00, 2.41, 0.01, -999, -999, -999, -999, -999, -999, -999, -999, -999, -999, -999, -999 
  9513046,18593226+4607271 ,10.56, 2,2, 98.00, 2.83, 0.01, -999, -999,0.214,0.001,0.748,0.004,0.916,0.005,0.714,0.004,0.610,0.005 
  9513787,19012355+4611501 ,12.18, 0,2,-999.00, 2.39, 0.01, -999, -999,0.259,0.001,0.661,0.004,0.886,0.034,0.774,0.030,0.576,0.005 
  9515026,19040977+4606564 ,12.42, 0,0,-999.00, 2.52, 0.01,-0.331,0.387,0.152,0.001,0.665,0.020,0.899,0.005,0.745,0.004,0.591,0.032 
  9515045,19041210+4608573 ,12.34, 0,1,-999.00, 2.65, 0.01, -999, -999,0.189,0.002,0.589,0.009,0.879,0.010,0.778,0.007,0.588,0.009 
  9517542,19101380+4610279 ,10.00, 0,0,-999.00, 2.21, 0.01,0.790,0.408,0.144,0.002,0.591,0.003,0.869,0.006,0.775,0.005,0.601,0.003 
  9517698,19103540+4606527 , 9.19, 0,2,-999.00, 2.54, 0.01,1.129,0.411,0.146,0.001,0.637,0.010,0.878,0.042,0.772,0.033,0.552,0.017 
  9518506,19122784+4611021 ,10.65, 0,2,-999.00, 2.61, 0.01,-0.224,0.387,0.118,0.003,0.665,0.007,0.882,0.011,0.786,0.010,0.569,0.007 
  9518802,19130832+4607518 , 9.21, 2,2,109.00, 2.90, 0.01,0.377,0.419,0.224,0.002,0.696,0.006,0.878,0.006,0.713,0.006,0.587,0.007 
  9520156,19161190+4606194 ,11.71, 0,2,-999.00, 2.40, 0.01,0.789,0.374, -999, -999, -999, -999, -999, -999, -999, -999, -999, -999 
  9520726,19172438+4609239 , 9.11, 0,2,-999.00, 2.46, 0.01,1.728,0.368, -999, -999, -999, -999, -999, -999, -999, -999, -999, -999 
  9521461,19185984+4611188 ,10.84, 0,2,-999.00, 2.67, 0.01,0.399,0.338,0.109,0.003,0.687,0.017,0.874,0.017,0.752,0.017,0.549,0.015 
  9529974,19331428+4611466 ,11.47, 0,2,-999.00, 2.43, 0.01, -999, -999,0.178,0.003,0.637,0.003,0.870,0.003,0.758,0.003,0.601,0.004 
  9531084,19350827+4607349 ,12.48, 0,1,-999.00, 2.90, 0.01, -999, -999,0.160,0.004,0.519,0.010,0.860,0.046,0.796,0.048,0.613,0.013 
  9532518,19371736+4607055 ,10.13, 0,2,-999.00, 2.40, 0.01, -999, -999,0.134,0.005,0.658,0.003,0.876,0.008,0.735,0.007,0.552,0.004 
  9532903,19375017+4607465 ,10.94, 2,2,133.00, 2.88, 0.01, -999, -999,0.200,0.002,0.709,0.010,0.893,0.015,0.750,0.013,0.580,0.012 
  9534041,19393293+4611554 ,11.02, 2,2,118.00, 2.97, 0.01, -999, -999,0.184,0.001,0.701,0.010,0.892,0.012,0.739,0.011,0.563,0.013 
  9534934,19405134+4608052 ,10.21, 0,1,-999.00, 2.58, 0.01, -999, -999,0.144,0.010,0.632,0.005,0.907,0.005,0.784,0.005,0.561,0.008 
  9534964,19405396+4610361 ,12.32, 0,1,-999.00, 3.02, 0.01, -999, -999,0.190,0.005,0.595,0.004,0.883,0.008,0.748,0.008,0.603,0.006 
  9535050,19410038+4606367 ,10.21, 0,1,-999.00, 2.58, 0.01, -999, -999,0.183,0.002,0.695,0.004,0.873,0.006,0.728,0.006,0.564,0.007 
  9535399,19413076+4609079 , 9.65, 0,0,-999.00, 2.67, 0.01, -999, -999,0.138,0.002,0.535,0.002,0.850,0.004,0.803,0.003,0.541,0.004 
  9540226,19480815+4611544 ,11.67, 4,0,-999.00, 2.33, 0.01, -999, -999,0.149,0.003,0.667,0.007,0.895,0.006,0.783,0.006,0.598,0.007 
  9542075,19501297+4608444 ,12.04, 3,0, 89.00, 2.38, 0.01, -999, -999,0.244,0.002,0.719,0.003,0.905,0.005,0.734,0.005,0.601,0.006 
  9542218,19502308+4609198 ,11.70, 0,1,-999.00, 2.66, 0.01, -999, -999,0.502,0.001,0.652,0.004,0.872,0.003,0.803,0.003,0.581,0.004 
  9542506,19504200+4610576 ,12.43, 0,1,-999.00, 2.99, 0.01, -999, -999,0.140,0.002,0.636,0.004,0.900,0.005,0.727,0.005,0.609,0.006 
  9550045,19590667+4606353 ,11.13, 0,1,-999.00, 3.05, 0.01, -999, -999,0.178,0.001,0.649,0.003,0.897,0.008,0.753,0.009,0.591,0.002 
  9551036,20001740+4606561 ,11.56, 0,1,-999.00, 2.62, 0.01, -999, -999, -999, -999, -999, -999, -999, -999, -999, -999, -999, -999 
  9551807,20011317+4609482 ,10.45, 0,1,-999.00, 2.86, 0.01, -999, -999,0.182,0.001,0.651,0.003,0.895,0.007,0.749,0.006,0.590,0.009 
  9569162,18465897+4615198 , 9.64, 0,1,-999.00, 3.16, 0.01, -999, -999,0.172,0.001,0.639,0.005,0.887,0.007,0.745,0.007,0.602,0.007 
  9569462,18474407+4613071 ,11.86, 0,0,-999.00, 2.35, 0.01, -999, -999, -999, -999, -999, -999, -999, -999, -999, -999, -999, -999 
  9570409,18501964+4615441 ,11.88, 0,2,-999.00, 2.36, 0.01,2.049,0.573,0.176,0.002, -999, -999,0.829,0.005,0.793,0.004, -999, -999 
  9574650,18595862+4614302 ,11.75, 0,1,-999.00, 2.95, 0.01, -999, -999,0.192,0.010,0.646,0.011,0.899,0.006,0.741,0.005,0.620,0.013 
  9574730,19001036+4617553 , 9.74, 0,2,-999.00, 2.59, 0.01, -999, -999,0.161,0.001,0.634,0.006,0.855,0.005,0.763,0.005,0.563,0.007 
  9575645,19022297+4615098 , 9.49, 0,2,-999.00, 2.58, 0.01, -999, -999,0.121,0.002,0.639,0.003,0.870,0.003,0.753,0.002,0.547,0.004 
  9579328,19104886+4616309 ,11.16, 0,2,-999.00, 2.42, 0.01,1.362,0.412,0.145,0.002, -999, -999,0.824,0.004,0.794,0.004,0.513,0.002 
  9579357,19105225+4614099 ,11.82, 0,0,-999.00, 3.04, 0.01,0.716,0.393,0.155,0.001,0.626,0.002,0.890,0.010,0.743,0.007,0.607,0.002 
  9579860,19120396+4612249 ,11.58, 8,0,-999.00, 2.65, 0.01, -999, -999,0.055,0.001,0.858,0.003,0.885,0.013,0.802,0.010,0.639,0.012 
  9580171,19124433+4614477 ,11.15, 0,1,-999.00, 2.24, 0.01,0.071,0.393,0.130,0.000,0.565,0.002,0.868,0.005,0.787,0.005,0.607,0.004 
  9580343,19130825+4613420 ,12.23, 0,2,-999.00, 2.41, 0.01,-0.331,0.348, -999, -999,0.763,0.018,0.888,0.005,0.755,0.005,0.612,0.004 
  9580407,19131675+4616275 ,12.28, 0,2,-999.00, 2.37, 0.01,0.682,0.405,0.119,0.002,0.610,0.009,0.890,0.011,0.765,0.011,0.612,0.014 
  9580991,19143413+4615596 ,11.65, 0,2,-999.00, 2.71, 0.01,0.654,0.369, -999, -999, -999, -999, -999, -999, -999, -999, -999, -999 
  9582005,19164624+4614368 ,11.44, 0,2,-999.00, 2.38, 0.01,0.543,0.379, -999, -999, -999, -999, -999, -999, -999, -999, -999, -999 
  9582089,19165984+4615368 ,12.22, 4,0,-999.00, 2.31, 0.01,1.397,0.536, -999, -999, -999, -999, -999, -999, -999, -999, -999, -999 
  9583430,19193882+4614557 ,11.60, 0,2,-999.00, 2.92, 0.01, -999, -999,0.132,0.004,0.608,0.006,0.867,0.051,0.770,0.051, -999, -999 
  9583607,19200095+4617534 ,11.49, 0,2,-999.00, 2.33, 0.01, -999, -999,0.175,0.003,0.721,0.003,0.906,0.005,0.712,0.005,0.601,0.033 
  9583720,19201381+4617039 ,11.57, 0,0,-999.00, 2.66, 0.01, -999, -999,0.163,0.003,0.586,0.006,0.869,0.006,0.775,0.006,0.586,0.008 
  9589369,19293029+4614505 ,12.08, 2,1,102.50, 3.13, 0.01, -999, -999,0.219,0.003,0.663,0.005,0.898,0.046,0.769,0.036,0.653,0.007 
  9589500,19294453+4613525 ,11.86, 0,2,-999.00, 2.95, 0.01, -999, -999,0.190,0.002,0.647,0.032,0.878,0.007,0.781,0.006,0.613,0.036 
  9589638,19295910+4614585 ,11.74, 0,0,-999.00, 2.52, 0.01, -999, -999,0.163,0.002,0.679,0.005,0.895,0.008,0.760,0.007,0.594,0.030 
  9590062,19304122+4614122 ,11.11, 0,1,-999.00, 3.06, 0.01, -999, -999,0.197,0.002,0.666,0.009,0.888,0.011,0.763,0.009,0.640,0.014 
  9590930,19320579+4615500 ,12.14, 0,0,-999.00, 2.39, 0.01, -999, -999,0.255,0.003,0.621,0.007,0.879,0.014,0.810,0.011,0.631,0.013 
  9591097,19322109+4613410 ,11.52, 0,2,-999.00, 2.45, 0.01, -999, -999,0.112,0.002,0.626,0.006,0.863,0.013,0.762,0.009,0.551,0.013 
  9593412,19355688+4615456 ,12.16, 0,2,-999.00, 2.49, 0.01, -999, -999,0.159,0.002,0.627,0.004,0.861,0.006,0.752,0.005,0.573,0.005 
  9595822,19392700+4612265 ,11.38, 0,0,-999.00, 2.57, 0.01, -999, -999,0.144,0.004,0.609,0.006,0.861,0.003,0.756,0.003,0.537,0.009 
  9595924,19393638+4617228 ,12.48, 0,1,-999.00, 2.80, 0.01, -999, -999,0.107,0.005, -999, -999,0.857,0.007,0.824,0.007,0.552,0.004 
  9596106,19395195+4614405 ,11.33, 2,0,112.00, 2.24, 0.01, -999, -999,0.231,0.002,0.641,0.003,0.881,0.004,0.749,0.005,0.592,0.006 
  9596867,19405838+4613099 ,12.08, 0,2,-999.00, 2.69, 0.01, -999, -999, -999, -999, -999, -999, -999, -999, -999, -999, -999, -999 
  9597214,19412981+4613523 ,11.13, 0,2,-999.00, 2.55, 0.01, -999, -999,0.170,0.001,0.704,0.004,0.878,0.009,0.745,0.009,0.575,0.010 
  9597524,19415343+4614449 ,12.00, 0,2,-999.00, 2.49, 0.01, -999, -999,0.110,0.002,0.632,0.012,0.866,0.010,0.787,0.007,0.543,0.003 
  9602917,19485607+4617354 , 9.90, 0,2,-999.00, 2.39, 0.01, -999, -999, -999, -999, -999, -999, -999, -999, -999, -999, -999, -999 
  9604524,19504457+4615343 ,10.75, 0,2,-999.00, 2.57, 0.01, -999, -999,0.206,0.002,0.648,0.003,0.873,0.005,0.794,0.005,0.580,0.007 
  9605294,19513344+4617498 ,11.30, 0,0,-999.00, 2.38, 0.01, -999, -999,0.131,0.002,0.626,0.006,0.866,0.007,0.751,0.007,0.536,0.006 
  9606195,19523036+4614462 ,10.29, 0,0,-999.00, 2.61, 0.01, -999, -999,0.186,0.006,0.634,0.005,0.850,0.008,0.759,0.007,0.537,0.007 
  9611634,19585356+4612214 ,11.44, 0,2,-999.00, 2.35, 0.01, -999, -999,0.139,0.001,0.664,0.005,0.880,0.011,0.759,0.010,0.558,0.005 
  9612084,19592866+4614459 ,11.76, 6,0,-999.00, 2.81, 0.01, -999, -999,0.290,0.002,0.773,0.006,0.899,0.007,0.694,0.007,0.601,0.012 
  9612933,20002898+4614240 ,10.61, 3,0,140.00, 2.62, 0.01, -999, -999,0.193,0.002,0.724,0.006,0.874,0.012,0.717,0.011,0.541,0.007 
  9612990,20003281+4614128 ,11.75, 0,2,-999.00, 2.68, 0.01, -999, -999,0.165,0.002,0.696,0.006,0.873,0.005,0.727,0.005,0.527,0.008 
  9631782,18495146+4622483 ,12.31, 0,1,-999.00, 2.73, 0.01,1.712,0.472,0.143,0.002,0.530,0.005,0.859,0.006,0.800,0.006,0.582,0.006 
  9631844,18500304+4622264 ,11.31, 0,0,-999.00, 2.60, 0.01,0.836,0.366,0.150,0.004,0.555,0.005,0.874,0.006,0.801,0.005,0.599,0.006 
  9632233,18511083+4622481 ,12.16, 2,2, 42.90, 2.36, 0.01,0.417,0.400,0.204,0.002,0.607,0.006,0.871,0.007,0.749,0.006,0.580,0.009 
  9634962,18573925+4620340 , 9.50, 0,2,-999.00, 2.45, 0.01,1.621,0.419, -999, -999, -999, -999, -999, -999, -999, -999, -999, -999 
  9635388,18583295+4621227 ,11.38, 0,2,-999.00, 2.49, 0.01, -999, -999,0.143,0.002,0.579,0.005,0.851,0.007,0.780,0.007,0.581,0.005 
  9635603,18585944+4621585 ,11.69, 0,2,-999.00, 2.43, 0.01, -999, -999,0.157,0.002,0.680,0.015,0.883,0.022,0.746,0.019,0.552,0.019 
  9635649,18590465+4618569 ,11.86, 0,1,-999.00, 3.23, 0.01, -999, -999,0.199,0.002,0.598,0.005,0.878,0.005,0.751,0.005,0.588,0.006 
  9636944,19021038+4618436 ,12.45, 0,2,-999.00, 2.37, 0.01, -999, -999,0.170,0.001,0.671,0.003,0.894,0.003,0.749,0.003,0.592,0.004 
  9637054,19022724+4622209 ,12.49, 0,0,-999.00, 2.55, 0.01, -999, -999,0.143,0.003,0.628,0.006,0.862,0.009,0.769,0.008,0.581,0.007 
  9637337,19030801+4621501 ,12.13, 0,1,-999.00, 2.71, 0.01, -999, -999,0.203,0.002,0.776,0.005,0.937,0.008,0.722,0.007,0.661,0.006 
  9640480,19105226+4623403 ,10.68, 0,1,-999.00, 2.59, 0.01,-0.068,0.480,0.150,0.001,0.583,0.003,0.894,0.004,0.760,0.003,0.598,0.003 
  9640886,19114487+4623538 ,11.02, 0,0,-999.00, 2.44, 0.01,0.147,0.453,0.146,0.002,0.537,0.003,0.848,0.004,0.787,0.004,0.546,0.005 
  9641246,19123382+4622130 ,11.72, 0,2,-999.00, 2.46, 0.01,0.347,0.396,0.153,0.001,0.652,0.004,0.874,0.005,0.750,0.005,0.573,0.006 
  9641447,19130268+4618411 ,12.28, 2,2, 49.20, 2.34, 0.01,-0.133,0.358,0.175,0.002,0.627,0.003,0.894,0.004,0.729,0.003,0.572,0.004 
  9641484,19130772+4623514 ,10.80, 0,2,-999.00, 2.46, 0.01,0.595,0.387, -999, -999, -999, -999, -999, -999, -999, -999, -999, -999 
  9641636,19133180+4623150 ,11.83, 0,2,-999.00, 2.36, 0.01,1.299,0.448, -999, -999, -999, -999,0.832,0.003,0.812,0.003,0.520,0.004 
  9641772,19134948+4619416 ,10.99, 0,2,-999.00, 2.45, 0.01,1.086,0.363,0.140,0.002,0.634,0.003,0.871,0.006,0.773,0.006,0.565,0.005 
  9642235,19145498+4618149 ,11.94, 0,1,-999.00, 3.25, 0.01,0.698,0.366,0.193,0.002,0.581,0.003,0.862,0.011,0.771,0.011,0.589,0.038 
  9643914,19182905+4621291 ,11.83, 0,2,-999.00, 2.32, 0.01, -999, -999,0.156,0.002,0.719,0.005,0.881,0.011,0.748,0.009,0.586,0.009 
  9644558,19194578+4619275 ,11.45, 0,0,-999.00, 2.37, 0.01, -999, -999,0.171,0.002,0.732,0.005,0.894,0.008,0.723,0.008,0.593,0.012 
  9645099,19204141+4620001 ,12.38, 0,2,-999.00, 2.39, 0.01, -999, -999,0.147,0.002,0.712,0.006,0.896,0.006,0.744,0.006,0.591,0.007 
  9645361,19210871+4622131 ,11.84, 0,2,-999.00, 2.79, 0.01, -999, -999,0.159,0.002,0.723,0.009,0.895,0.012,0.729,0.010,0.583,0.006 
  9649940,19283307+4619203 ,12.25, 0,2,-999.00, 2.40, 0.01, -999, -999, -999, -999, -999, -999, -999, -999, -999, -999, -999, -999 
  9650046,19284397+4621267 ,11.61, 0,2,-999.00, 2.75, 0.01, -999, -999,0.156,0.002,0.654,0.003,0.873,0.004,0.748,0.003,0.574,0.005 
  9650172,19285697+4618066 ,12.23, 0,0,-999.00, 2.73, 0.01, -999, -999, -999, -999, -999, -999, -999, -999, -999, -999, -999, -999 
  9650527,19293316+4623530 ,11.76, 0,2,-999.00, 2.66, 0.01, -999, -999,0.155,0.002,0.701,0.010,0.891,0.010,0.739,0.010,0.611,0.014 
  9650881,19300608+4620414 ,11.94, 0,2,-999.00, 2.47, 0.01, -999, -999,0.126,0.001,0.636,0.016,0.868,0.007,0.795,0.007,0.577,0.006 
  9651996,19315759+4622327 ,11.04, 1,0, 36.60,-999.00,-999.00, -999, -999,0.436,0.002,0.605,0.006,0.879,0.008,0.799,0.008,0.685,0.008 
  9652428,19323863+4618002 ,11.68, 3,0, 72.00, 2.38, 0.01, -999, -999,0.208,0.002,0.593,0.004,0.868,0.014,0.763,0.013,0.619,0.006 
  9652494,19324423+4618381 , 7.70, 0,2,-999.00, 2.54, 0.01, -999, -999,0.190,0.003,0.674,0.018,0.891,0.007,0.795,0.008,0.701,0.031 
  9652704,19330830+4623242 ,11.52, 0,1,-999.00, 3.19, 0.01, -999, -999,0.176,0.003,0.549,0.005,0.880,0.006,0.798,0.006,0.637,0.009 
  9655101,19365712+4622425 ,10.98, 2,2,122.00, 2.92, 0.01, -999, -999, -999, -999, -999, -999, -999, -999, -999, -999, -999, -999 
  9655167,19370267+4623130 ,11.06, 2,2,106.00, 2.94, 0.01, -999, -999,0.216,0.002,0.693,0.003,0.880,0.004,0.712,0.004,0.596,0.004 
  9656523,19390288+4619264 ,11.80, 0,2,-999.00, 2.43, 0.01, -999, -999,0.134,0.004,0.626,0.006,0.850,0.008,0.774,0.009,0.546,0.006 
  9656652,19391410+4618109 ,12.09, 0,2,-999.00, 2.53, 0.01, -999, -999,0.204,0.002,0.591,0.007,0.849,0.005,0.778,0.006,0.562,0.007 
  9657917,19411267+4621064 ,11.40, 0,0,-999.00, 2.75, 0.01, -999, -999,0.171,0.001,0.633,0.002,0.886,0.004,0.746,0.003,0.605,0.003 
  9658002,19411894+4620324 ,11.37, 0,0,-999.00, 2.45, 0.01, -999, -999,0.118,0.002,0.547,0.003,0.869,0.003,0.781,0.003,0.550,0.004 
  9658072,19412485+4618411 ,11.61, 0,0,-999.00, 2.35, 0.01, -999, -999, -999, -999, -999, -999,0.828,0.005,0.798,0.007,0.515,0.008 
  9658793,19422483+4619497 ,10.53, 0,0,-999.00, 2.51, 0.01, -999, -999,0.124,0.003,0.630,0.005,0.891,0.006,0.758,0.005,0.591,0.007 
  9658958,19424108+4621235 ,12.47, 0,2,-999.00, 2.44, 0.01, -999, -999,0.120,0.002,0.615,0.003,0.862,0.007,0.777,0.007,0.557,0.006 
  9662395,19471924+4622032 ,11.45, 0,0,-999.00, 2.59, 0.01, -999, -999, -999, -999, -999, -999, -999, -999, -999, -999, -999, -999 
  9662723,19474313+4620231 ,12.26, 0,1,-999.00, 2.84, 0.01, -999, -999,0.149,0.000,0.628,0.010,0.868,0.004,0.748,0.003,0.554,0.005 
  9663247,19482053+4620252 ,12.48, 0,1,-999.00, 3.21, 0.01, -999, -999, -999, -999, -999, -999, -999, -999, -999, -999, -999, -999 
  9667930,19534454+4623415 , 9.90, 0,2,-999.00, 2.76, 0.01, -999, -999,0.206,0.002,0.716,0.005,0.879,0.008,0.750,0.007, -999, -999 
  9673317,20001352+4618082 ,11.55, 0,2,-999.00, 2.80, 0.01, -999, -999,0.175,0.002,0.636,0.002,0.882,0.003,0.765,0.002,0.575,0.003 
  9674113,20010954+4620598 ,11.27, 0,2,-999.00, 2.41, 0.01, -999, -999,0.179,0.002,0.766,0.004,0.914,0.004,0.719,0.003,0.595,0.004 
  9674329,20012375+4618060 ,11.86, 0,2,-999.00, 2.20, 0.01, -999, -999,0.125,0.003,0.627,0.005,0.876,0.010,0.746,0.009,0.547,0.007 
  9692529,18491107+4625444 ,11.45, 0,1,-999.00, 2.70, 0.01,1.215,0.379,0.157,0.001,0.539,0.003,0.872,0.006,0.793,0.005,0.582,0.004 
  9697214,19003068+4624373 ,12.21, 0,2,-999.00, 2.47, 0.01, -999, -999, -999, -999, -999, -999, -999, -999, -999, -999, -999, -999 
  9698133,19024206+4624530 ,11.90, 0,1,-999.00, 2.96, 0.01, -999, -999,0.214,0.002,0.592,0.006,0.873,0.009,0.776,0.009,0.598,0.004 
  9700053,19071182+4629396 ,10.59, 0,1,-999.00, 3.26, 0.01, -999, -999,0.198,0.001,0.609,0.004,0.887,0.008,0.748,0.008,0.629,0.007 
  9700679,19084252+4624148 , 9.93, 6,0,-999.00, 2.51, 0.01, -999, -999,0.264,0.002,0.768,0.004,0.894,0.004,0.725,0.004,0.572,0.004 
  9700899,19091633+4626079 ,11.55, 0,2,-999.00, 2.43, 0.01,1.130,0.355, -999, -999, -999, -999, -999, -999, -999, -999, -999, -999 
  9702057,19120015+4628165 ,11.27, 0,2,-999.00, 2.35, 0.01,1.110,0.414,0.130,0.001,0.585,0.003,0.861,0.004,0.793,0.004,0.578,0.004 
  9702841,19134763+4626327 ,11.66, 0,2,-999.00, 2.48, 0.01,0.218,0.406, -999, -999, -999, -999, -999, -999, -999, -999, -999, -999 
  9704258,19165728+4627098 ,12.11, 0,1,-999.00, 2.64, 0.01, -999, -999, -999, -999, -999, -999, -999, -999, -999, -999, -999, -999 
  9704676,19174572+4626262 ,12.22, 0,0,-999.00, 2.51, 0.01, -999, -999,0.158,0.002,0.643,0.003,0.885,0.024,0.762,0.024,0.590,0.025 
  9704774,19175759+4628004 ,11.58, 0,2,-999.00, 2.45, 0.01, -999, -999, -999, -999, -999, -999, -999, -999, -999, -999, -999, -999 
  9705408,19190857+4624588 ,11.20, 2,2, 83.00, 2.95, 0.01, -999, -999,0.181,0.003,0.725,0.013,0.891,0.006,0.725,0.006,0.593,0.018 
  9705636,19193269+4627109 ,11.63, 0,2,-999.00, 2.43, 0.01, -999, -999, -999, -999, -999, -999, -999, -999, -999, -999, -999, -999 
  9706194,19202824+4625590 ,11.60, 0,0,-999.00, 2.33, 0.01, -999, -999,0.167,0.002,0.618,0.008,0.868,0.012,0.772,0.010,0.580,0.011 
  9706209,19202999+4624352 ,11.06, 0,2,-999.00, 2.40, 0.01, -999, -999, -999, -999, -999, -999, -999, -999, -999, -999, -999, -999 
  9706219,19203150+4624553 ,12.24, 0,2,-999.00, 2.85, 0.01, -999, -999,0.182,0.002,0.667,0.003,0.899,0.004,0.753,0.004,0.622,0.006 
  9706585,19210825+4624023 ,11.42, 0,2,-999.00, 2.39, 0.01, -999, -999,0.141,0.002,0.653,0.004,0.894,0.006,0.756,0.005,0.586,0.005 
  9711231,19285502+4627106 ,11.15, 0,0,-999.00, 2.59, 0.01, -999, -999,0.156,0.001,0.612,0.004,0.872,0.006,0.773,0.005,0.602,0.006 
  9711269,19285963+4624427 , 9.79, 0,2,-999.00, 2.72, 0.01, -999, -999, -999, -999, -999, -999, -999, -999, -999, -999, -999, -999 
  9711492,19292294+4625252 ,11.12, 0,2,-999.00, 2.62, 0.01, -999, -999,0.151,0.002,0.683,0.005,0.883,0.007,0.779,0.007,0.603,0.006 
  9711510,19292513+4624320 ,11.80, 0,2,-999.00, 2.62, 0.01, -999, -999,0.144,0.002,0.641,0.005,0.871,0.006,0.782,0.005,0.587,0.007 
  9712200,19303549+4624247 ,12.28, 0,0,-999.00, 2.59, 0.01, -999, -999,0.125,0.004,0.604,0.006,0.899,0.020,0.762,0.017,0.578,0.008 
  9712445,19305854+4629494 ,11.88, 0,1,-999.00, 3.17, 0.01, -999, -999, -999, -999, -999, -999, -999, -999, -999, -999, -999, -999 
  9712510,19310601+4624322 ,11.89, 0,1,-999.00, 2.43, 0.01, -999, -999,0.111,0.003,0.601,0.008,0.865,0.006,0.800,0.005,0.569,0.011 
  9712888,19314242+4625510 ,10.39, 0,2,-999.00, 2.42, 0.01, -999, -999,0.125,0.004,0.658,0.007,0.865,0.006,0.788,0.006,0.530,0.007 
  9713083,19320199+4629193 , 9.93, 0,2,-999.00, 2.53, 0.01, -999, -999,0.151,0.001,0.648,0.008,0.868,0.016,0.768,0.017,0.596,0.015 
  9713617,19325612+4627412 ,11.46, 0,1,-999.00, 3.11, 0.01, -999, -999, -999, -999, -999, -999,0.837,0.004,0.791,0.004,0.544,0.035 
  9714063,19333972+4627476 ,10.65, 0,2,-999.00, 2.54, 0.01, -999, -999,0.147,0.002,0.666,0.005,0.873,0.007,0.765,0.006,0.562,0.007 
  9716090,19365580+4627376 ,11.13, 2,0,125.00, 2.97, 0.01, -999, -999,0.237,0.002,0.702,0.006,0.882,0.008,0.717,0.008,0.595,0.006 
  9716522,19373462+4624098 ,10.41, 0,2,-999.00, 2.65, 0.01, -999, -999,0.156,0.002,0.698,0.005,0.855,0.004,0.730,0.005,0.558,0.005 
  9716866,19380324+4627206 ,11.77, 0,2,-999.00, 2.41, 0.01, -999, -999,0.089,0.003,0.567,0.004,0.879,0.005,0.784,0.004,0.542,0.004 
  9716994,19381492+4627414 ,12.35, 0,2,-999.00, 2.40, 0.01, -999, -999, -999, -999, -999, -999, -999, -999, -999, -999, -999, -999 
  9718024,19394402+4627390 ,10.72, 0,2,-999.00, 2.45, 0.01, -999, -999,0.160,0.001,0.705,0.002,0.898,0.002,0.731,0.002,0.587,0.003 
  9724882,19490667+4629353 ,11.36, 0,2,-999.00, 2.48, 0.01, -999, -999,0.151,0.001,0.698,0.003,0.889,0.004,0.748,0.004,0.561,0.002 
  9726814,19511574+4625159 ,11.40, 0,0,-999.00, 2.57, 0.01, -999, -999, -999, -999, -999, -999, -999, -999, -999, -999, -999, -999 
  9727392,19515173+4629559 ,10.93, 0,2,-999.00, 2.52, 0.01, -999, -999, -999, -999, -999, -999,0.899,0.003,0.772,0.003,0.633,0.005 
  9753097,18490564+4631406 ,12.45, 0,1,-999.00, 2.76, 0.01, -999, -999,0.158,0.001,0.579,0.003,0.891,0.004,0.823,0.004,0.644,0.004 
  9753178,18491645+4632307 ,10.51, 0,2,-999.00, 2.40, 0.01,0.040,0.373,0.151,0.001,0.721,0.003,0.906,0.005,0.778,0.005,0.661,0.005 
  9755001,18540000+4632037 ,12.46, 0,1,-999.00, 3.23, 0.01, -999, -999,0.183,0.001,0.546,0.002,0.886,0.003,0.758,0.003,0.594,0.002 
  9757679,18595702+4630274 ,10.63, 0,2,-999.00, 2.41, 0.01, -999, -999,0.164,0.001,0.683,0.003,0.885,0.004,0.738,0.003,0.594,0.003 
  9758246,19012622+4633000 ,10.63, 0,0,-999.00, 2.24, 0.01, -999, -999, -999, -999, -999, -999, -999, -999, -999, -999, -999, -999 
  9760904,19075361+4634592 ,10.52, 0,2,-999.00, 2.40, 0.01, -999, -999,0.144,0.002,0.705,0.005,0.880,0.008,0.751,0.005,0.573,0.005 
  9761597,19093387+4634546 ,11.56, 0,0,-999.00, 2.67, 0.01,1.255,0.389,0.134,0.002,0.556,0.005,0.842,0.006,0.797,0.005,0.562,0.005 
  9763419,19135008+4630251 ,11.55, 0,2,-999.00, 2.43, 0.01,0.955,0.380, -999, -999, -999, -999, -999, -999, -999, -999, -999, -999 
  9763796,19144204+4633144 ,11.86, 0,1,-999.00, 3.09, 0.01,0.465,0.352,0.168,0.001,0.633,0.004,0.894,0.011,0.753,0.012,0.609,0.007 
  9764708,19164886+4634095 , 9.84, 0,0,-999.00, 2.41, 0.01, -999, -999,0.126,0.002,0.611,0.013,0.858,0.018,0.765,0.015,0.517,0.020 
  9764758,19165631+4631524 ,11.99, 0,1,-999.00, 2.63, 0.01, -999, -999, -999, -999, -999, -999, -999, -999, -999, -999, -999, -999 
  9764952,19172345+4634434 ,11.55, 0,2,-999.00, 2.38, 0.01, -999, -999,0.152,0.001,0.739,0.004,0.904,0.006,0.710,0.006,0.588,0.007 
  9766517,19202381+4635558 ,12.25, 0,0,-999.00, 2.59, 0.01, -999, -999,0.121,0.002,0.582,0.003,0.870,0.004,0.757,0.004,0.549,0.005 
  9766906,19210345+4632415 ,11.56, 0,2,-999.00, 2.30, 0.01, -999, -999,0.132,0.002,0.621,0.003,0.862,0.004,0.770,0.003,0.556,0.004 
  9767051,19211712+4633148 ,11.59, 0,0,-999.00, 2.22, 0.01, -999, -999, -999, -999, -999, -999, -999, -999, -999, -999, -999, -999 
  9767332,19214959+4632421 ,11.67, 0,2,-999.00, 2.97, 0.01, -999, -999, -999, -999, -999, -999, -999, -999, -999, -999, -999, -999 
  9767815,19223634+4632427 ,11.69, 0,1,-999.00, 2.83, 0.01, -999, -999,0.173,0.002,0.657,0.005,0.910,0.007,0.752,0.006,0.621,0.015 
  9770992,19275926+4631114 ,10.53, 1,0, 17.83,-999.00,-999.00, -999, -999,0.394,0.002,0.663,0.006,0.860,0.009,0.754,0.007,0.637,0.008 
  9771031,19280394+4630130 ,12.30, 3,0, 16.70, 2.67, 0.01, -999, -999, -999, -999, -999, -999, -999, -999, -999, -999, -999, -999 
  9772366,19302335+4635095 , 9.69, 0,1,-999.00, 2.79, 0.01, -999, -999, -999, -999, -999, -999,0.860,0.026,0.810,0.025,0.671,0.006 
  9773214,19314852+4633568 ,12.07, 0,1,-999.00, 2.54, 0.01, -999, -999, -999, -999, -999, -999, -999, -999, -999, -999, -999, -999 
  9773266,19315614+4633002 ,12.07, 0,2,-999.00, 2.44, 0.01, -999, -999,0.156,0.001,0.714,0.010,0.887,0.005,0.746,0.005,0.593,0.013 
  9773922,19330284+4635402 ,12.22, 0,1,-999.00, 2.66, 0.01, -999, -999,0.155,0.002,0.605,0.003,0.879,0.005,0.778,0.004,0.567,0.005 
  9775302,19351589+4633548 ,12.25, 0,1,-999.00, 3.11, 0.01, -999, -999,0.176,0.002,0.671,0.004,0.901,0.006,0.745,0.005,0.607,0.006 
  9775516,19353809+4633064 ,11.14, 0,2,-999.00, 2.53, 0.01, -999, -999,0.169,0.001,0.695,0.003,0.880,0.003,0.733,0.003,0.569,0.004 
  9775566,19354405+4631580 ,12.07, 0,2,-999.00, 2.37, 0.01, -999, -999,0.138,0.002,0.625,0.006,0.882,0.009,0.754,0.007,0.562,0.005 
  9775927,19361498+4631091 ,10.25, 0,2,-999.00, 2.96, 0.01, -999, -999,0.185,0.001,0.707,0.002,0.883,0.002,0.734,0.002,0.585,0.003 
  9776739,19372208+4632505 ,10.90, 2,2,141.00, 2.90, 0.01, -999, -999,0.165,0.001,0.699,0.008,0.883,0.011,0.717,0.010,0.579,0.003 
  9777293,19381149+4635363 ,11.02, 0,1,-999.00, 3.17, 0.01, -999, -999,0.185,0.002,0.645,0.017,0.916,0.021,0.741,0.020,0.620,0.036 
  9777536,19383160+4630328 ,11.85, 0,2,-999.00, 2.57, 0.01, -999, -999,0.103,0.002,0.619,0.004,0.866,0.006,0.773,0.006,0.547,0.020 
  9777885,19390176+4635305 ,12.16, 0,2,-999.00, 2.45, 0.01, -999, -999,0.132,0.002,0.644,0.005,0.853,0.007,0.760,0.006,0.560,0.005 
  9778288,19394044+4633386 ,11.95, 0,2,-999.00, 2.68, 0.01, -999, -999, -999, -999, -999, -999, -999, -999, -999, -999, -999, -999 
  9778638,19401249+4632257 ,10.00, 0,2,-999.00, 2.82, 0.01, -999, -999,0.155,0.003,0.690,0.003,0.872,0.003,0.724,0.004,0.541,0.004 
  9778887,19403595+4635530 ,12.43, 0,1,-999.00, 2.82, 0.01, -999, -999,0.195,0.002,0.591,0.006,0.884,0.008,0.759,0.008,0.593,0.006 
  9779708,19414776+4631385 ,12.21, 0,2,-999.00, 2.38, 0.01, -999, -999,0.134,0.002,0.711,0.003,0.908,0.004,0.750,0.004,0.578,0.007 
  9780154,19422517+4630023 ,11.71, 3,1,106.00, 3.26, 0.01, -999, -999,0.183,0.001,0.589,0.007,0.860,0.008,0.754,0.009,0.616,0.004 
  9780183,19422750+4632529 ,10.98, 0,2,-999.00, 2.39, 0.01, -999, -999,0.137,0.001,0.626,0.005,0.890,0.005,0.709,0.005,0.564,0.006 
  9782746,19460493+4632095 ,11.43, 0,2,-999.00, 2.92, 0.01, -999, -999,0.164,0.001,0.691,0.004,0.870,0.005,0.705,0.005,0.539,0.005 
  9782817,19461100+4635060 ,11.84, 0,1,-999.00, 2.63, 0.01, -999, -999, -999, -999, -999, -999, -999, -999, -999, -999, -999, -999 
  9782964,19462259+4635079 ,12.16, 0,1,-999.00, 2.62, 0.01, -999, -999, -999, -999, -999, -999, -999, -999, -999, -999, -999, -999 
  9783226,19464551+4635020 , 9.85, 0,0,-999.00, 2.63, 0.01, -999, -999,0.147,0.001,0.611,0.004,0.870,0.005,0.775,0.005,0.559,0.005 
  9784586,19482197+4635533 ,12.39, 0,1,-999.00, 2.79, 0.01, -999, -999,0.254,0.002,0.633,0.005,0.884,0.004,0.756,0.003,0.563,0.008 
  9784946,19484618+4633305 ,12.14, 0,1,-999.00, 2.66, 0.01, -999, -999,0.172,0.001,0.557,0.003,0.861,0.007,0.766,0.005,0.531,0.005 
  9788756,19530632+4631578 ,11.38, 2,0, 95.00, 2.88, 0.03, -999, -999,0.324,0.002,0.673,0.004,0.883,0.004,0.755,0.003,0.658,0.004 
  9790050,19543657+4633104 ,10.65, 0,2,-999.00, 2.66, 0.01, -999, -999, -999, -999, -999, -999, -999, -999, -999, -999, -999, -999 
  9811950,18450198+4637195 ,10.52, 0,1,-999.00, 3.00, 0.01,1.261,0.357,0.163,0.001,0.523,0.004,0.853,0.034,0.778,0.028,0.553,0.004 
  9813798,18501935+4638085 , 8.59, 0,2,-999.00, 2.59, 0.01,1.003,0.346, -999, -999, -999, -999, -999, -999, -999, -999, -999, -999 
  9813904,18503573+4641268 ,12.20, 0,2,-999.00, 2.44, 0.01,1.157,0.405, -999, -999, -999, -999, -999, -999, -999, -999, -999, -999 
  9813963,18504794+4637102 ,12.39,60,0,-999.00, 2.96, 0.01, -999, -999, -999, -999, -999, -999, -999, -999, -999, -999, -999, -999 
  9814943,18531971+4636270 ,11.93, 0,2,-999.00, 2.41, 0.01,0.488,0.355,0.166,0.001,0.720,0.002,0.884,0.003,0.744,0.003,0.588,0.008 
  9815488,18542712+4637558 ,11.12, 0,2,-999.00, 2.47, 0.01,-1.024,0.580,0.167,0.002,0.678,0.008,0.878,0.013,0.750,0.010,0.548,0.004 
  9818513,19011890+4638120 ,11.71, 0,2,-999.00, 2.41, 0.01, -999, -999, -999, -999, -999, -999,0.820,0.007,0.792,0.008,0.525,0.007 
  9818564,19012775+4639209 ,11.79, 0,2,-999.00, 2.41, 0.01, -999, -999,0.156,0.001,0.757,0.008,0.900,0.008,0.729,0.009,0.611,0.009 
  9818604,19013388+4639433 ,11.09, 0,0,-999.00, 2.38, 0.01, -999, -999, -999, -999, -999, -999,0.830,0.004,0.811,0.004,0.537,0.004 
  9820702,19062708+4641573 ,10.24, 0,0,-999.00, 2.70, 0.01, -999, -999,0.224,0.002,0.665,0.007,0.867,0.009,0.763,0.007,0.593,0.007 
  9821622,19083615+4641212 ,12.02, 0,0,-999.00, 2.73, 0.01, -999, -999,0.158,0.001,0.646,0.006,0.899,0.008,0.744,0.006,0.594,0.007 
  9821783,19085773+4638246 ,10.42, 0,2,-999.00, 2.46, 0.01, -999, -999, -999, -999, -999, -999, -999, -999, -999, -999, -999, -999 
  9824516,19151761+4636526 ,11.93, 0,1,-999.00, 3.19, 0.01, -999, -999,0.165,0.004,0.629,0.006,0.899,0.008,0.751,0.007,0.607,0.006 
  9825039,19162934+4639337 ,10.64, 0,2,-999.00, 2.94, 0.01, -999, -999, -999, -999, -999, -999, -999, -999, -999, -999, -999, -999 
  9825327,19170718+4639532 ,11.56, 2,1, 94.00, 3.35, 0.01, -999, -999,0.217,0.003,0.674,0.004,0.893,0.006,0.706,0.005,0.612,0.004 
  9826306,19191196+4641074 ,12.46, 0,1,-999.00, 2.82, 0.01, -999, -999,0.142,0.003,0.707,0.007,0.900,0.010,0.731,0.009,0.638,0.008 
  9832790,19301826+4637366 ,12.47, 2,2, 86.60, 2.94, 0.01, -999, -999,0.223,0.002,0.702,0.004,0.883,0.008,0.725,0.007,0.622,0.007 
  9833073,19305265+4639055 ,11.44, 0,0,-999.00, 2.41, 0.01, -999, -999,0.135,0.002,0.622,0.004,0.869,0.004,0.763,0.005,0.572,0.003 
  9833091,19305403+4636168 ,12.18, 0,2,-999.00, 2.41, 0.01, -999, -999,0.127,0.002,0.608,0.005,0.860,0.009,0.767,0.011,0.590,0.005 
  9833651,19315492+4639571 ,12.23, 2,2, 99.00, 2.48, 0.01, -999, -999,0.221,0.001,0.614,0.003,0.857,0.004,0.751,0.004,0.572,0.005 
  9833831,19321410+4637097 ,12.25, 0,2,-999.00, 2.40, 0.01, -999, -999, -999, -999, -999, -999, -999, -999, -999, -999, -999, -999 
  9834365,19330675+4638467 ,12.48, 0,2,-999.00, 2.51, 0.01, -999, -999,0.153,0.001,0.664,0.006,0.875,0.007,0.745,0.006,0.558,0.019 
  9835626,19350583+4639071 ,10.72, 0,0,-999.00, 2.65, 0.01, -999, -999,0.140,0.002,0.569,0.009,0.856,0.003,0.791,0.003,0.553,0.011 
  9835790,19352280+4638106 ,10.95, 0,2,-999.00, 2.70, 0.01, -999, -999, -999, -999, -999, -999, -999, -999, -999, -999, -999, -999 
  9836930,19370374+4638095 , 9.84, 0,2,-999.00, 2.78, 0.01, -999, -999,0.165,0.001,0.633,0.006,0.850,0.009,0.727,0.008,0.522,0.008 
  9837673,19380751+4638425 ,11.65, 2,1, 83.00, 3.27, 0.01, -999, -999,0.250,0.002,0.672,0.008,0.893,0.011,0.712,0.013,0.634,0.010 
  9838510,19392390+4641083 ,10.33, 0,2,-999.00, 2.28, 0.01, -999, -999,0.146,0.003,0.605,0.002,0.871,0.003,0.741,0.004,0.545,0.003 
  9838978,19400842+4641437 ,12.02, 0,2,-999.00, 2.42, 0.01, -999, -999,0.127,0.003,0.628,0.009,0.872,0.012,0.779,0.014,0.536,0.028 
  9839246,19403200+4636289 ,11.12, 0,2,-999.00, 2.55, 0.01, -999, -999,0.136,0.001,0.643,0.002,0.856,0.003,0.760,0.003,0.548,0.005 
  9839918,19413065+4639306 ,10.55, 0,2,-999.00, 2.58, 0.01, -999, -999,0.183,0.001,0.597,0.005,0.858,0.007,0.782,0.006,0.550,0.003 
  9843358,19462232+4636483 ,11.22, 0,2,-999.00, 2.40, 0.01, -999, -999,0.153,0.001,0.679,0.002,0.879,0.003,0.749,0.002,0.550,0.005 
  9843486,19463333+4637486 ,11.20, 0,2,-999.00, 2.88, 0.01, -999, -999,0.155,0.001,-0.116,0.002,0.862,0.003,0.738,0.003,0.540,0.003 
  9845795,19492354+4641424 ,12.31, 0,2,-999.00, 2.55, 0.01, -999, -999, -999, -999, -999, -999, -999, -999, -999, -999, -999, -999 
  9846098,19494147+4637308 ,12.10, 0,0,-999.00, 2.60, 0.01, -999, -999, -999, -999, -999, -999, -999, -999, -999, -999, -999, -999 
  9846355,19495858+4640059 , 9.53, 0,2,-999.00, 2.40, 0.01, -999, -999, -999, -999, -999, -999, -999, -999, -999, -999, -999, -999 
  9846877,19503467+4640291 ,11.74, 0,2,-999.00, 2.48, 0.01, -999, -999,0.173,0.001,0.651,0.002,0.874,0.003,0.754,0.003,0.554,0.003 
  9847893,19513798+4640198 ,11.09, 0,0,-999.00, 2.28, 0.01, -999, -999,0.148,0.001,0.716,0.006,0.899,0.007,0.725,0.007,0.569,0.005 
  9848308,19520545+4640204 ,11.99, 0,2,-999.00, 2.49, 0.01, -999, -999, -999, -999, -999, -999, -999, -999, -999, -999, -999, -999 
  9851743,19555453+4637075 ,10.46, 0,2,-999.00, 2.55, 0.01, -999, -999, -999, -999, -999, -999, -999, -999, -999, -999, -999, -999 
  9873127,18483131+4645419 ,12.37, 0,1,-999.00, 3.22, 0.01,0.678,0.371,0.172,0.001,0.572,0.003,0.882,0.003,0.796,0.003,0.624,0.006 
  9873753,18502708+4647058 ,10.82, 0,1,-999.00, 3.26, 0.01,0.540,0.349, -999, -999, -999, -999, -999, -999, -999, -999, -999, -999 
  9877891,19002547+4643340 ,12.03, 0,1,-999.00, 2.70, 0.01, -999, -999,0.166,0.001,0.638,0.003,0.883,0.003,0.733,0.003,0.591,0.002 
  9880324,19061670+4642036 ,10.96, 0,1,-999.00, 2.60, 0.01, -999, -999, -999, -999, -999, -999, -999, -999, -999, -999, -999, -999 
  9881167,19081615+4645417 ,11.51, 0,2,-999.00, 2.42, 0.01, -999, -999,0.135,0.001,0.666,0.005,0.873,0.007,0.797,0.006,0.639,0.005 
  9881628,19092376+4643366 ,11.24, 3,0, 95.00, 2.35, 0.01,-0.257,0.336,0.159,0.001,0.681,0.003,0.906,0.005,0.765,0.005,0.577,0.004 
  9882446,19111631+4642465 ,10.58, 0,0,-999.00, 2.61, 0.01,1.253,0.458,0.137,0.001,0.571,0.004,0.865,0.006,0.764,0.005,0.564,0.004 
  9882550,19113099+4644580 ,11.79, 0,2,-999.00, 2.48, 0.01,0.563,0.348,0.145,0.003,0.666,0.008,0.888,0.011,0.772,0.010,0.600,0.007 
  9882766,19115546+4645532 ,11.95, 0,1,-999.00, 3.14, 0.01,0.368,0.337,0.156,0.001,0.646,0.004,0.879,0.005,0.751,0.004,0.582,0.004 
  9883123,19124796+4643255 ,11.04, 0,1,-999.00, 2.89, 0.01,0.553,0.354,0.150,0.001,0.630,0.005,0.888,0.006,0.757,0.006,0.588,0.006 
  9883214,19125992+4642195 ,11.32, 0,2,-999.00, 2.37, 0.01,0.524,0.363,0.116,0.002,0.631,0.006,0.898,0.009,0.763,0.008,0.597,0.008 
  9884818,19162755+4643387 ,11.86, 0,2,-999.00, 2.46, 0.01, -999, -999, -999, -999, -999, -999, -999, -999, -999, -999, -999, -999 
  9886274,19193154+4642230 ,12.11, 0,1,-999.00, 2.53, 0.01, -999, -999,0.119,0.002,0.578,0.007,0.897,0.010,0.752,0.010,0.566,0.013 
  9887199,19211056+4642293 ,12.22, 0,2,-999.00, 2.47, 0.01, -999, -999,0.176,0.002,0.659,0.005,0.874,0.007,0.754,0.007,0.572,0.008 
  9887488,19214119+4643528 ,12.37, 0,0,-999.00, 2.41, 0.01, -999, -999,0.295,0.003,0.701,0.015,0.866,0.024,0.757,0.020,0.588,0.011 
  9887555,19214781+4646111 ,12.34, 0,2,-999.00, 2.36, 0.01, -999, -999,0.272,0.004,0.662,0.006,0.899,0.034,0.736,0.032,0.587,0.035 
  9893437,19314037+4644253 ,10.92, 0,1,-999.00, 3.28, 0.01, -999, -999,0.162,0.001,0.603,0.003,0.874,0.007,0.774,0.006,0.580,0.005 
  9893889,19322721+4647209 ,10.34, 0,2,-999.00, 2.39, 0.01, -999, -999,0.144,0.001,0.574,0.004,0.867,0.004,0.770,0.004,0.559,0.004 
  9896187,19361100+4642525 ,12.30, 0,0,-999.00, 2.60, 0.01, -999, -999,0.141,0.004,0.587,0.004,0.851,0.006,0.780,0.006,0.550,0.005 
  9897634,19381215+4643098 , 8.95, 0,2,-999.00, 2.76, 0.01, -999, -999,0.167,0.003,0.641,0.068,0.852,0.007,0.711,0.006,0.527,0.005 
  9898373,19392003+4646168 ,12.18, 3,2,124.00, 2.56, 0.01, -999, -999,0.228,0.002,0.625,0.003,0.863,0.005,0.736,0.004,0.587,0.004 
  9898393,19392211+4645307 ,12.34, 0,0,-999.00, 2.68, 0.01, -999, -999,0.136,0.002,0.623,0.004,0.872,0.005,0.773,0.006,0.573,0.004 
  9898657,19394483+4643161 ,12.32, 0,2,-999.00, 2.39, 0.01, -999, -999,0.151,0.001,0.611,0.008,0.873,0.009,0.729,0.009,0.557,0.011 
  9898999,19401875+4645114 ,11.99, 0,0,-999.00, 2.45, 0.01, -999, -999,0.143,0.001,0.555,0.003,0.851,0.004,0.754,0.004,0.557,0.004 
  9902962,19454831+4645271 ,11.82, 0,2,-999.00, 2.81, 0.01, -999, -999,0.086,0.002,0.701,0.004,0.874,0.006,0.606,0.005,0.533,0.005 
  9903915,19470508+4643440 ,11.30, 0,2,-999.00, 2.75, 0.01, -999, -999,0.142,0.002,0.677,0.004,0.866,0.006,0.759,0.006,0.533,0.048 
  9905403,19485104+4645513 ,12.04, 0,0,-999.00, 2.58, 0.01, -999, -999, -999, -999, -999, -999, -999, -999, -999, -999, -999, -999 
  9906841,19502950+4645139 ,12.28, 0,2,-999.00, 2.50, 0.01, -999, -999, -999, -999, -999, -999, -999, -999, -999, -999, -999, -999 
  9907009,19504200+4645133 ,12.45, 0,2,-999.00, 2.37, 0.01, -999, -999,0.248,0.002,0.678,0.005,0.903,0.008,0.719,0.007,0.568,0.005 
  9907368,19510640+4642400 ,12.39, 0,2,-999.00, 2.37, 0.01, -999, -999, -999, -999, -999, -999, -999, -999, -999, -999, -999, -999 
  9908198,19520892+4642315 ,10.95, 0,2,-999.00, 2.43, 0.01, -999, -999, -999, -999, -999, -999, -999, -999, -999, -999, -999, -999 
  9908466,19522593+4646286 ,11.95, 0,0,-999.00, 3.02, 0.01, -999, -999, -999, -999, -999, -999, -999, -999, -999, -999, -999, -999 
  9909804,19540108+4642419 ,10.75, 0,2,-999.00, 2.48, 0.01, -999, -999, -999, -999, -999, -999, -999, -999, -999, -999, -999, -999 
  9910430,19544295+4647598 ,11.92, 2,0,109.00, 2.95, 0.01, -999, -999, -999, -999, -999, -999, -999, -999, -999, -999, -999, -999 
  9932339,18442845+4651265 ,11.23, 0,0,-999.00, 2.67, 0.01, -999, -999,0.141,0.002,0.560,0.005,0.868,0.006,0.756,0.006,0.584,0.003 
  9932866,18460922+4651047 ,12.16, 0,2,-999.00, 2.73, 0.01,0.465,0.387,0.172,0.002,0.518,0.005,0.862,0.005,0.778,0.005,0.543,0.009 
  9933754,18485224+4648074 ,12.23, 0,2,-999.00, 2.43, 0.01,0.772,0.452,0.121,0.001,0.581,0.006,0.851,0.009,0.808,0.007,0.577,0.006 
  9936015,18544573+4651217 ,12.20, 0,1,-999.00, 3.00, 0.01,0.512,0.365,0.178,0.002,0.624,0.005,0.899,0.006,0.775,0.006,0.631,0.009 
  9936456,18554145+4648282 ,11.78, 0,2,-999.00, 2.45, 0.01,1.625,0.410,0.137,0.002,0.596,0.003,0.852,0.004,0.773,0.004,0.537,0.004 
  9936571,18555731+4649469 ,11.81, 0,1,-999.00, 2.71, 0.01,1.487,0.440,0.143,0.003,0.547,0.010,0.855,0.017,0.805,0.013,0.559,0.009 
  9940675,19051737+4653234 ,11.21, 0,2,-999.00, 2.44, 0.01, -999, -999,0.184,0.001,0.756,0.011,0.894,0.022,0.727,0.023,0.599,0.018 
  9941141,19063263+4650454 ,11.41, 0,1,-999.00, 2.86, 0.01, -999, -999,0.333,0.003,0.563,0.010,-2.115,0.010,-1.594,0.010, -999, -999 
  9941242,19065017+4649482 ,12.00, 0,1,-999.00, 2.11, 0.01, -999, -999,0.137,0.003,0.593,0.006,0.883,0.009,0.781,0.009,0.608,0.008 
  9941713,19080214+4649540 ,12.25, 0,0,-999.00, 2.60, 0.01, -999, -999,0.251,0.003,0.677,0.006, -999, -999, -999, -999,0.532,0.015 
  9942071,19085109+4650374 ,12.15, 0,2,-999.00, 2.46, 0.01, -999, -999,0.159,0.002,0.699,0.004,0.872,0.005,0.760,0.004,0.593,0.006 
  9942816,19103744+4651401 ,11.54, 0,2,-999.00, 2.53, 0.01,0.247,0.367,0.156,0.002,0.717,0.004,0.898,0.005,0.734,0.005,0.580,0.005 
  9945290,19162417+4651083 ,11.69, 0,2,-999.00, 2.49, 0.01, -999, -999,0.117,0.005,0.597,0.009,0.859,0.000,0.764,0.000,0.518,0.018 
  9946074,19180639+4650224 ,12.33, 0,0,-999.00, 2.73, 0.01, -999, -999,0.153,0.002,0.587,0.007,0.893,0.008,0.748,0.007,0.600,0.008 
  9946213,19182488+4653323 ,12.11, 2,1,  7.36, 2.97, 0.01, -999, -999, -999, -999, -999, -999, -999, -999, -999, -999, -999, -999 
  9946773,19193356+4648258 ,11.49, 0,2,-999.00, 2.39, 0.01, -999, -999,0.146,0.005,0.739,0.010,0.909,0.012,0.708,0.014,0.587,0.012 
  9950644,19260432+4653430 ,12.04, 0,1,-999.00, 2.48, 0.01, -999, -999,0.179,0.002,0.615,0.006,0.889,0.008,0.757,0.007,0.591,0.009 
  9954248,19321977+4652271 ,12.28, 0,0,-999.00, 2.56, 0.01, -999, -999,0.184,0.002,0.611,0.006,0.882,0.008,0.754,0.007,0.588,0.008 
  9956345,19355498+4652184 ,11.92, 0,1,-999.00, 2.86, 0.01, -999, -999,0.200,0.005,0.552,0.006,0.859,0.007,0.766,0.006,0.576,0.008 
  9956422,19360163+4648348 ,11.56, 0,1,-999.00, 2.92, 0.01, -999, -999,0.153,0.001,0.587,0.003,0.864,0.004,0.767,0.004,0.573,0.004 
  9957219,19371190+4652328 , 9.88, 0,2,-999.00, 2.46, 0.01, -999, -999,0.145,0.002,0.655,0.003,0.874,0.006,0.745,0.005,0.564,0.004 
  9957288,19371819+4653535 , 9.31, 0,2,-999.00, 2.57, 0.01, -999, -999,0.156,0.002,0.672,0.003,0.875,0.003,0.762,0.003,0.570,0.004 
  9958522,19391583+4649095 ,11.84, 0,2,-999.00, 2.48, 0.01, -999, -999, -999, -999, -999, -999, -999, -999, -999, -999, -999, -999 
  9958567,19392080+4652539 ,10.54, 0,0,-999.00, 2.32, 0.01, -999, -999,0.186,0.001,0.691,0.004,0.871,0.004,0.719,0.004,0.583,0.005 
  9960005,19413396+4649057 ,10.10, 4,0,-999.00, 2.61, 0.01, -999, -999,0.130,0.002,0.637,0.003,0.868,0.004,0.760,0.004,0.566,0.006 
  9962729,19452985+4650590 ,12.39, 0,0,-999.00, 2.61, 0.01, -999, -999,0.149,0.003,0.530,0.017,0.861,0.021,0.765,0.019,0.541,0.002 
  9962849,19453938+4653027 ,11.22, 0,2,-999.00, 2.74, 0.01, -999, -999,0.143,0.003,0.635,0.003,0.862,0.004,0.721,0.003,0.516,0.019 
  9963898,19470751+4653004 ,11.84, 2,2, 57.50, 2.97, 0.01, -999, -999,0.192,0.002,0.656,0.009,0.873,0.010,0.718,0.011,0.556,0.003 
  9964891,19482263+4652450 ,11.80, 0,2,-999.00, 2.64, 0.01, -999, -999, -999, -999, -999, -999, -999, -999, -999, -999, -999, -999 
  9966796,19503326+4651469 ,11.78, 0,1,-999.00, 3.20, 0.01, -999, -999,0.178,0.001,0.586,0.005,0.876,0.006,0.717,0.007,0.590,0.025 
  9967174,19510120+4653391 ,10.35, 0,2,-999.00, 2.65, 0.01, -999, -999, -999, -999, -999, -999, -999, -999, -999, -999, -999, -999 
  9967351,19511472+4648599 ,10.84, 0,0,-999.00, 2.69, 0.01, -999, -999,0.155,0.001,0.630,0.005,0.875,0.006,0.719,0.005,0.546,0.006 
  9967700,19513963+4652145 ,10.39, 0,1,-999.00, 2.96, 0.01, -999, -999,0.171,0.007,0.641,0.005,0.901,0.006,0.715,0.006,0.584,0.005 
  9968040,19520539+4650334 ,11.64, 0,0,-999.00, 2.56, 0.01, -999, -999, -999, -999, -999, -999, -999, -999, -999, -999, -999, -999 
  9968249,19522077+4650198 ,10.96, 0,0,-999.00, 2.88, 0.01, -999, -999, -999, -999, -999, -999, -999, -999, -999, -999, -999, -999 
  9969574,19535242+4653215 ,12.09, 0,1,-999.00, 2.96, 0.01, -999, -999, -999, -999, -999, -999, -999, -999, -999, -999, -999, -999 
  9970396,19545035+4649589 ,11.45, 4,0,-999.00, 2.71, 0.01, -999, -999,0.191,0.002,0.651,0.008,0.911,0.009,0.783,0.009,0.657,0.006 
  9970467,19545425+4652104 ,10.72, 0,2,-999.00, 2.56, 0.01, -999, -999,0.146,0.005,0.584,0.005,0.874,0.006,0.786,0.005,0.591,0.012 
  9970830,19551809+4648074 ,10.03, 0,2,-999.00, 2.63, 0.01, -999, -999,0.162,0.001,0.688,0.006,0.877,0.007,0.757,0.007,0.569,0.005 
  9992544,18472300+4654489 ,11.20, 0,0,-999.00, 2.35, 0.01,0.813,0.376,0.141,0.002,0.530,0.008,0.866,0.011,0.767,0.010,0.543,0.009 
  9994630,18522577+4655361 ,12.10, 0,2,-999.00, 2.39, 0.01,1.310,0.443,0.156,0.003,0.621,0.004,0.878,0.005,0.812,0.005,0.607,0.009 
  9994798,18525253+4657524 ,10.79, 0,2,-999.00, 2.50, 0.01,0.959,0.345, -999, -999,0.661,0.007,0.872,0.008,0.781,0.010,0.578,0.005 
  9995162,18534324+4657405 ,10.68, 0,1,-999.00, 2.64, 0.01,0.073,0.421,0.157,0.001,0.574,0.004,0.866,0.007,0.810,0.006,0.619,0.006 
  9996595,18570310+4654503 ,11.47, 0,1,-999.00, 3.08, 0.01,0.914,0.345,0.146,0.002,0.637,0.003,0.871,0.004,0.740,0.004,0.571,0.004 
 10000207,19052985+4654372 ,12.45, 0,1,-999.00, 2.88, 0.01, -999, -999,0.272,0.003,0.576,0.003,0.893,0.005,0.769,0.004,0.595,0.005 
 10001167,19074937+4656118 ,10.05, 4,0,-999.00, 2.19, 0.01, -999, -999, -999, -999, -999, -999, -999, -999, -999, -999, -999, -999 
 10002647,19110905+4654575 ,11.52, 0,2,-999.00, 2.48, 0.01,0.197,0.390,0.144,0.001,0.678,0.004,0.887,0.006,0.738,0.005,0.563,0.006 
 10003419,19124694+4658537 ,11.71, 0,2,-999.00, 2.46, 0.01,0.834,0.358,0.123,0.002,0.616,0.004,0.868,0.005,0.762,0.005,0.557,0.006 
 10003497,19125928+4654589 ,11.93, 0,0,-999.00, 2.34, 0.01, -999, -999, -999, -999, -999, -999, -999, -999, -999, -999, -999, -999 
 10005422,19164768+4656480 ,11.47, 0,0,-999.00, 2.36, 0.01, -999, -999,0.127,0.002,0.678,0.012,0.899,0.015,0.731,0.014,0.581,0.008 
 10005966,19174437+4659260 ,10.73, 3,2,129.00, 2.40, 0.01, -999, -999,0.193,0.002,0.561,0.009,0.844,0.006,0.763,0.005,0.533,0.011 
 10006158,19180739+4657261 , 9.67, 0,2,-999.00, 2.40, 0.01, -999, -999, -999, -999, -999, -999, -999, -999, -999, -999, -999, -999 
 10006852,19192095+4659270 ,10.56, 0,2,-999.00, 2.81, 0.01, -999, -999,0.178,0.002,0.692,0.006,0.875,0.009,0.734,0.007,0.557,0.008 
 10007364,19201112+4656050 , 8.18, 0,2,-999.00, 2.43, 0.01, -999, -999, -999, -999, -999, -999, -999, -999, -999, -999, -999, -999 
 10007492,19202078+4656427 ,12.38, 4,0,-999.00, 2.62, 0.03, -999, -999,0.193,0.004,0.627,0.005,0.885,0.006,0.749,0.006,0.599,0.007 
 10010358,19245933+4655040 ,10.64, 0,1,-999.00, 2.55, 0.01, -999, -999,0.167,0.001,0.586,0.004,0.858,0.005,0.765,0.004,0.560,0.006 
 10010483,19251158+4658238 ,11.57, 0,2,-999.00, 2.48, 0.01, -999, -999,0.165,0.003,0.638,0.008,0.875,0.007,0.757,0.007,0.552,0.010 
 10010946,19255597+4657177 ,10.99, 0,1,-999.00, 2.55, 0.01, -999, -999,0.169,0.001,0.633,0.005,0.887,0.007,0.759,0.005,0.587,0.007 
 10011329,19263640+4658023 ,11.38, 0,1,-999.00, 2.46, 0.01, -999, -999,0.148,0.003,0.624,0.005,0.866,0.004,0.775,0.004,0.549,0.005 
 10014635,19322330+4659248 ,11.90, 0,2,-999.00, 2.38, 0.01, -999, -999,0.163,0.002,0.734,0.006,0.912,0.009,0.724,0.008,0.603,0.005 
 10014914,19325121+4654090 ,11.91, 0,2,-999.00, 2.55, 0.01, -999, -999,0.159,0.001,0.638,0.006,0.867,0.008,0.730,0.006,0.552,0.008 
 10014959,19325640+4654288 ,11.74, 0,1,-999.00, 3.15, 0.01, -999, -999,0.163,0.001,0.523,0.003,0.871,0.004,0.777,0.004,0.579,0.004 
 10015516,19335366+4658134 ,10.70, 4,0,-999.00,-999.00,-999.00, -999, -999,0.282,0.004,0.708,0.005,0.881,0.006,0.699,0.006,0.593,0.005 
 10016093,19345002+4654158 ,11.85, 0,0,-999.00, 2.39, 0.01, -999, -999,0.184,0.001,0.598,0.005,0.885,0.006,0.756,0.006,0.601,0.007 
 10018239,19375564+4659127 ,11.18, 0,2,-999.00, 2.40, 0.01, -999, -999,0.148,0.002,0.561,0.005,0.842,0.007,0.768,0.007,0.534,0.008 
 10018442,19381389+4657407 ,12.18, 0,2,-999.00, 2.79, 0.01, -999, -999,0.162,0.001,0.638,0.003,0.868,0.004,0.744,0.004,0.565,0.005 
 10018923,19385761+4655296 ,11.96, 0,1,-999.00, 2.51, 0.01, -999, -999,0.153,0.004, -999, -999,0.836,0.007,0.766,0.006,0.533,0.008 
 10018973,19390139+4659003 ,11.11, 0,2,-999.00, 2.41, 0.01, -999, -999,0.129,0.002,0.588,0.005,0.839,0.004,0.783,0.003,0.540,0.004 
 10023439,19452597+4656362 ,11.22, 0,0,-999.00, 2.71, 0.01, -999, -999,0.138,0.003,0.534,0.003,0.851,0.009,0.729,0.008,0.531,0.119 
 10024405,19463985+4656128 , 9.29, 0,0,-999.00, 2.44, 0.01, -999, -999,0.131,0.003, -999, -999,0.832,0.009,0.757,0.009,0.494,0.009 
 10025321,19474561+4656095 ,11.65, 0,0,-999.00, 3.04, 0.01, -999, -999,0.216,0.002,0.606,0.007,0.874,0.004,0.731,0.003,0.570,0.008 
 10025387,19474946+4654075 ,11.65, 0,0,-999.00, 3.07, 0.01, -999, -999,0.215,0.002,0.595,0.007,0.866,0.008,0.743,0.006,0.572,0.003 
 10028634,19512811+4659150 ,11.86, 0,0,-999.00, 2.89, 0.01, -999, -999,0.151,0.001,0.603,0.003,0.871,0.007,0.690,0.006,0.553,0.005 
 10029821,19525168+4655598 ,12.18, 0,2,-999.00, 2.72, 0.01, -999, -999, -999, -999, -999, -999, -999, -999, -999, -999, -999, -999 
 10030646,19535024+4658479 ,12.46, 0,0,-999.00, 3.10, 0.01, -999, -999, -999, -999, -999, -999, -999, -999, -999, -999, -999, -999 
 10033081,19564581+4659478 , 9.24, 0,2,-999.00, 2.57, 0.01, -999, -999,0.198,0.003,0.711,0.005,0.896,0.008,0.746,0.008,0.590,0.008 
 10033231,19565652+4656373 ,10.48, 0,1,-999.00, 3.07, 0.01, -999, -999, -999, -999, -999, -999, -999, -999, -999, -999, -999, -999 
 10034623,19584280+4658166 ,12.05, 0,2,-999.00, 2.38, 0.01, -999, -999, -999, -999,0.710,0.006,0.912,0.005,0.739,0.006,0.652,0.009 
 10053224,18430741+4702136 ,11.38, 2,2, 59.80, 2.35, 0.01,0.779,0.333,0.158,0.003,0.600,0.004,0.866,0.005,0.741,0.004,0.609,0.005 
 10055196,18482329+4701378 ,10.79, 0,0,-999.00, 2.93, 0.01,1.006,0.393,0.149,0.003,0.539,0.008,0.844,0.006,0.792,0.006,0.546,0.006 
 10055674,18492541+4703405 ,10.32, 0,0,-999.00, 2.55, 0.01,0.824,0.420,0.119,0.002,0.600,0.003,0.852,0.006,0.800,0.005,0.559,0.004 
 10055700,18492934+4700474 ,11.72, 0,2,-999.00, 2.46, 0.01,0.255,0.337,0.143,0.002,0.711,0.005,0.902,0.007,0.744,0.007,0.571,0.007 
 10056474,18512189+4704269 , 9.86, 0,2,-999.00, 2.61, 0.01,0.671,0.358, -999, -999, -999, -999, -999, -999, -999, -999, -999, -999 
 10057095,18524616+4701275 ,12.49, 0,2,-999.00, 2.41, 0.01,0.649,0.383,0.150,0.003,0.702,0.005,0.897,0.008,0.783,0.007,0.632,0.006 
 10057435,18533548+4700162 ,10.99, 0,2,-999.00, 2.39, 0.01,0.835,0.361, -999, -999, -999, -999, -999, -999, -999, -999, -999, -999 
 10062594,19041307+4704305 ,11.57, 0,1,-999.00, 2.54, 0.01, -999, -999, -999, -999, -999, -999, -999, -999, -999, -999,0.643,0.007 
 10063028,19050812+4703158 ,12.30, 0,1,-999.00, 2.38, 0.01, -999, -999, -999, -999, -999, -999, -999, -999, -999, -999, -999, -999 
 10063188,19053054+4702583 ,11.22, 0,0,-999.00, 2.55, 0.01, -999, -999,0.167,0.001,0.693,0.006,0.885,0.012,0.744,0.009,0.581,0.015 
 10065848,19110223+4700539 ,11.13, 0,2,-999.00, 2.38, 0.01,0.380,0.338, -999, -999, -999, -999, -999, -999, -999, -999, -999, -999 
 10066568,19123158+4702520 ,11.78, 0,2,-999.00, 2.38, 0.01,-0.204,0.363,0.149,0.001,0.751,0.005,0.914,0.009,0.741,0.010,0.614,0.008 
 10067407,19141230+4705241 ,12.48, 0,0,-999.00, 2.44, 0.01,0.026,0.371,0.136,0.002,0.673,0.006,0.896,0.013,0.779,0.011,0.586,0.047 
 10068490,19161271+4702275 ,12.26, 2,2, 94.00, 2.68, 0.01, -999, -999,0.299,0.001,0.763,0.005,0.895,0.012,0.691,0.010,0.605,0.007 
 10068556,19161962+4703546 ,11.90, 0,1,-999.00, 3.18, 0.01, -999, -999,0.330,0.004,0.628,0.013,0.879,0.016,0.747,0.015,0.606,0.008 
 10068810,19165137+4705135 ,11.17, 0,1,-999.00, 2.60, 0.01, -999, -999,0.139,0.001,0.555,0.004,0.892,0.006,0.754,0.005,0.571,0.010 
 10069045,19171751+4702002 ,12.15, 0,1,-999.00, 2.58, 0.01, -999, -999,0.156,0.002,0.595,0.007,0.871,0.008,0.698,0.008,0.553,0.009 
 10069277,19174683+4705314 ,12.13, 0,0,-999.00, 2.36, 0.01,0.864,0.328,0.155,0.002,0.733,0.009,0.899,0.012,0.719,0.010,0.563,0.015 
 10069570,19181944+4703453 ,11.05, 0,0,-999.00, 2.52, 0.01, -999, -999,0.219,0.003,0.622,0.008,0.870,0.010,0.739,0.008,0.525,0.010 
 10070717,19201359+4703351 ,11.90, 0,2,-999.00, 2.43, 0.01, -999, -999,0.150,0.003,0.618,0.006,0.863,0.007,0.760,0.007,0.550,0.007 
 10071249,19210596+4703505 ,11.08, 0,2,-999.00, 2.41, 0.01, -999, -999,0.171,0.004,0.681,0.011,0.886,0.014,0.747,0.013,0.574,0.006 
 10073828,19251049+4703128 ,12.07, 2,0,112.00, 2.38, 0.01, -999, -999, -999, -999, -999, -999, -999, -999, -999, -999, -999, -999 
 10080974,19362924+4701314 ,12.00, 0,2,-999.00, 2.53, 0.01, -999, -999,0.173,0.002,0.695,0.003,0.889,0.005,0.746,0.004,0.584,0.007 
 10082581,19385087+4702575 ,12.27, 0,2,-999.00, 2.36, 0.01, -999, -999,0.169,0.002,0.705,0.004,0.889,0.005,0.749,0.005,0.587,0.005 
 10082602,19385242+4704358 ,12.21, 0,2,-999.00, 2.39, 0.01, -999, -999,0.182,0.002,0.555,0.006,0.832,0.012,0.776,0.012,0.536,0.007 
 10082680,19385848+4701087 ,12.06, 0,2,-999.00, 2.59, 0.01, -999, -999,0.173,0.003,0.643,0.008,0.874,0.005,0.787,0.004,0.599,0.010 
 10083480,19400654+4705481 ,11.37, 0,2,-999.00, 2.41, 0.01, -999, -999,0.168,0.004,0.724,0.003,0.899,0.007,0.731,0.007,0.600,0.004 
 10083815,19403573+4700307 ,12.27, 0,0,-999.00, 2.15, 0.01, -999, -999,0.170,0.003,0.759,0.008,0.922,0.006,0.734,0.006,0.606,0.010 
 10087394,19452480+4702290 ,10.86, 0,0,-999.00, 2.68, 0.01, -999, -999,0.131,0.001,0.572,0.004,0.861,0.006,0.761,0.005,0.566,0.006 
 10087522,19453440+4701491 ,10.29, 0,2,-999.00, 2.68, 0.01, -999, -999,0.159,0.002,0.712,0.005,0.873,0.006,0.722,0.005,0.547,0.006 
 10090400,19490372+4700179 ,11.37, 0,2,-999.00, 2.41, 0.01, -999, -999,0.143,0.002,0.559,0.003,0.838,0.004,0.748,0.004,0.508,0.004 
 10090853,19493437+4703196 , 9.73, 0,2,-999.00, 2.48, 0.01, -999, -999,0.135,0.002,0.602,0.006, -999, -999, -999, -999,0.595,0.005 
 10091729,19503485+4703394 ,11.82, 0,2,-999.00, 2.77, 0.01, -999, -999,0.137,0.002,0.616,0.003,0.860,0.005,0.740,0.004,0.517,0.004 
 10092485,19512137+4700130 ,11.99, 0,1,-999.00, 3.33, 0.01, -999, -999,0.183,0.002,0.596,0.006,0.899,0.005,0.727,0.005,0.596,0.006 
 10093930,19530731+4705442 , 9.67, 0,2,-999.00, 2.43, 0.01, -999, -999, -999, -999, -999, -999, -999, -999, -999, -999, -999, -999 
 10095409,19544526+4700588 ,11.69, 0,0,-999.00, 2.49, 0.01, -999, -999, -999, -999,0.617,0.005,0.900,0.010,0.800,0.008,0.646,0.008 
 10095427,19544656+4705201 , 9.64, 0,1,-999.00, 2.67, 0.01, -999, -999,0.169,0.001,0.580,0.007,0.915,0.004,0.791,0.003,0.645,0.004 
 10098590,19582475+4702123 ,10.13, 0,2,-999.00, 2.40, 0.01, -999, -999,0.237,0.003, -999, -999, -999, -999, -999, -999,0.466,0.017 
 10118422,18430594+4708391 ,11.59, 0,2,-999.00, 2.55, 0.01,0.974,0.326,0.183,0.002,0.649,0.005,0.869,0.010,0.735,0.010,0.569,0.005 
 10118658,18434550+4711085 ,12.03, 0,2,-999.00, 2.60, 0.01,0.995,0.355,0.164,0.002,0.667,0.003,0.876,0.005,0.744,0.004,0.565,0.004 
 10118929,18442911+4708156 , 9.07, 0,1,-999.00, 2.53, 0.01,0.740,0.363,0.259,0.002,0.632,0.006,0.877,0.009,0.749,0.007,0.567,0.009 
 10118979,18443392+4707584 ,11.77, 3,0,118.00, 2.38, 0.01,0.771,0.354, -999, -999, -999, -999, -999, -999, -999, -999, -999, -999 
 10122158,18522866+4708165 ,11.71, 0,0,-999.00, 3.20, 0.01,0.329,0.339,0.168,0.000,0.639,0.005,0.890,0.007,0.763,0.006,0.615,0.008 
 10123207,18544865+4708163 ,11.73, 0,1,-999.00, 3.11, 0.01,-0.503,0.370, -999, -999, -999, -999, -999, -999, -999, -999, -999, -999 
 10123573,18553581+4711100 ,12.26, 0,0,-999.00, 2.45, 0.01,0.711,0.415,0.171,0.002,0.673,0.003,0.880,0.004,0.768,0.004,0.576,0.004 
 10123707,18555526+4710351 ,11.16, 0,0,-999.00, 2.38, 0.01,-0.172,0.364, -999, -999, -999, -999, -999, -999, -999, -999, -999, -999 
 10124436,18571854+4707588 ,11.18, 0,2,-999.00, 2.58, 0.01,0.304,0.360,0.162,0.001,0.621,0.004,0.881,0.005,0.779,0.005,0.618,0.006 
 10128629,19053778+4708331 ,12.11, 2,0, 82.00, 2.48, 0.01,0.206,0.346,0.215,0.005,0.694,0.006,0.867,0.008,0.733,0.008,0.575,0.011 
 10130148,19084452+4707280 ,12.49, 0,1,-999.00, 2.38, 0.01, -999, -999, -999, -999, -999, -999, -999, -999, -999, -999, -999, -999 
 10131030,19103094+4709531 , 8.97, 0,2,-999.00, 2.94, 0.01, -999, -999, -999, -999, -999, -999, -999, -999, -999, -999, -999, -999 
 10132247,19124996+4711419 ,11.36, 0,1,-999.00, 2.71, 0.01,0.646,0.360,0.179,0.002,0.592,0.006,0.883,0.008,0.748,0.008,0.604,0.003 
 10134740,19171785+4710241 ,10.31, 0,2,-999.00, 2.50, 0.01,0.544,0.414,0.134,0.002,0.654,0.006,0.872,0.007,0.708,0.008,0.583,0.019 
 10136291,19194996+4709315 ,11.71, 0,2,-999.00, 2.44, 0.01, -999, -999,0.166,0.001,0.569,0.010,0.883,0.014,0.768,0.012,0.566,0.012 
 10141036,19271496+4710133 ,11.40, 0,2,-999.00, 2.50, 0.01, -999, -999,0.172,0.010,0.583,0.011,0.839,0.017,0.790,0.015,0.528,0.017 
 10145279,19334542+4706520 ,11.72, 0,0,-999.00, 2.40, 0.01, -999, -999,0.161,0.002,0.654,0.003,0.874,0.003,0.755,0.004,0.566,0.005 
 10145736,19342606+4711488 ,12.36, 0,1,-999.00, 3.22, 0.01, -999, -999,0.237,0.002,0.584,0.005,0.871,0.007,0.790,0.005,0.602,0.005 
 10146348,19352227+4710381 , 9.43, 3,0,117.00, 2.75, 0.01, -999, -999,0.182,0.002,0.626,0.004,0.867,0.005,0.753,0.004,0.573,0.006 
 10147072,19362434+4708101 ,11.46, 0,2,-999.00, 2.74, 0.01, -999, -999,0.172,0.002,0.658,0.006,0.859,0.010,0.746,0.010,0.549,0.005 
 10147918,19373383+4706059 ,11.71, 4,0,-999.00, 2.54, 0.01, -999, -999,0.157,0.003,0.651,0.007,0.884,0.018,0.740,0.016,0.555,0.014 
 10148026,19374286+4711314 ,11.24, 0,2,-999.00, 2.78, 0.01, -999, -999,0.174,0.002,0.687,0.005,0.879,0.006,0.743,0.007,0.565,0.006 
 10148118,19375110+4709246 ,10.77, 2,2, 91.00, 2.69, 0.01, -999, -999,0.217,0.002,0.643,0.002,0.878,0.006,0.763,0.007,0.611,0.005 
 10152909,19441476+4711120 ,11.84, 0,1,-999.00, 2.80, 0.01, -999, -999,0.145,0.005,0.580,0.010,0.874,0.004,0.768,0.004,0.572,0.005 
 10153182,19443431+4710071 ,12.36, 0,2,-999.00, 2.46, 0.01, -999, -999, -999, -999, -999, -999, -999, -999, -999, -999, -999, -999 
 10153739,19451332+4706395 ,11.57, 0,0,-999.00, 2.92, 0.01, -999, -999,0.130,0.004,0.676,0.003,0.880,0.014,0.779,0.013,0.630,0.015 
 10155286,19470309+4708425 ,11.00, 0,2,-999.00, 2.97, 0.01, -999, -999, -999, -999, -999, -999, -999, -999, -999, -999, -999, -999 
 10155731,19473430+4707434 ,11.03, 0,2,-999.00, 2.46, 0.01, -999, -999,0.120,0.005,0.661,0.003,0.848,0.004,0.683,0.004,0.482,0.005 
 10157507,19493800+4707030 ,10.59, 0,1,-999.00, 2.75, 0.01, -999, -999,0.155,0.001,0.612,0.018,0.895,0.030,0.785,0.021,0.636,0.005 
 10158548,19504275+4711269 ,11.52, 0,1,-999.00, 2.80, 0.01, -999, -999,0.167,0.001,0.662,0.003,0.910,0.003,0.754,0.003,0.614,0.013 
 10158595,19504580+4707024 ,12.02, 0,1,-999.00, 2.76, 0.01, -999, -999, -999, -999, -999, -999, -999, -999, -999, -999, -999, -999 
 10159900,19521217+4709205 ,11.26, 2,1,108.00, 3.23, 0.06, -999, -999,0.170,0.001,0.567,0.015,0.879,0.017,0.791,0.017,0.635,0.005 
 10160940,19531756+4708591 ,12.27, 0,2,-999.00, 2.68, 0.01, -999, -999,0.214,0.007,0.738,0.005,0.890,0.005,0.720,0.005,0.591,0.022 
 10161092,19532931+4710532 ,11.93, 0,2,-999.00, 2.56, 0.01, -999, -999, -999, -999, -999, -999, -999, -999, -999, -999,0.619,0.006 
 10161943,19542240+4707165 ,11.62, 0,0,-999.00, 2.68, 0.01, -999, -999,0.165,0.001,0.574,0.005,0.909,0.007,0.778,0.006,0.642,0.005 
 10163776,19562329+4708338 ,11.46, 0,2,-999.00, 2.79, 0.01, -999, -999,0.180,0.004,0.710,0.003,0.890,0.004,0.727,0.004,0.603,0.004 
 10165084,19575501+4706002 ,11.18, 0,1,-999.00, 3.14, 0.01, -999, -999,0.200,0.002,0.639,0.003,0.892,0.005,0.733,0.005,0.613,0.004 
 10165693,19583969+4707116 ,10.63, 0,2,-999.00, 2.76, 0.01, -999, -999,0.159,0.001,0.649,0.006,0.897,0.006,0.786,0.008,0.632,0.008 
 10186053,18431955+4713102 ,10.90, 0,2,-999.00, 2.41, 0.01,1.294,0.412,0.174,0.002,0.606,0.002,0.861,0.002,0.768,0.002,0.552,0.002 
 10186075,18432202+4717237 ,10.33, 0,0,-999.00, 2.30, 0.01,1.293,0.379,0.488,0.001,0.602,0.006,0.850,0.009,0.763,0.008,0.568,0.007 
 10186608,18444919+4717434 ,11.14, 0,2,-999.00, 2.42, 0.01,1.508,0.347,0.145,0.002,0.621,0.004,0.868,0.005,0.764,0.004,0.552,0.004 
 10188458,18492827+4715139 ,11.95, 0,1,-999.00, 2.22, 0.01,0.161,0.392, -999, -999, -999, -999, -999, -999, -999, -999, -999, -999 
 10188964,18504369+4713354 ,11.75, 0,2,-999.00, 2.49, 0.01,1.382,0.446, -999, -999,0.595,0.008,0.859,0.009,0.788,0.009,0.585,0.009 
 10189920,18525882+4714566 ,11.58, 0,0,-999.00, 2.30, 0.01,1.286,0.385,0.133,0.001,0.586,0.006,0.875,0.010,0.768,0.008,0.552,0.078 
 10190733,18544637+4714217 ,12.20, 0,0,-999.00, 2.38, 0.01,0.122,0.433,0.131,0.001,0.613,0.004,0.897,0.005,0.771,0.005,0.590,0.006 
 10190841,18550107+4716208 , 9.69, 0,2,-999.00, 2.47, 0.01,0.607,0.364,0.172,0.001,0.709,0.003,0.891,0.004,0.768,0.004,0.610,0.004 
 10192458,18582375+4716107 ,12.03, 0,1,-999.00, 2.98, 0.01, -999, -999, -999, -999, -999, -999, -999, -999, -999, -999, -999, -999 
 10196240,19060637+4717296 ,10.81, 0,1,-999.00, 2.45, 0.01,0.862,0.351, -999, -999, -999, -999, -999, -999, -999, -999, -999, -999 
 10196630,19065185+4716132 ,12.21, 0,0,-999.00, 2.29, 0.01,-0.153,0.394, -999, -999, -999, -999, -999, -999, -999, -999, -999, -999 
 10196797,19071356+4717043 ,10.97, 0,2,-999.00, 2.40, 0.01,0.688,0.377, -999, -999, -999, -999, -999, -999, -999, -999, -999, -999 
 10198347,19102813+4716385 ,10.29, 2,2, 45.60, 2.52, 0.01,0.295,0.440,0.240,0.001,0.687,0.007,0.879,0.008,0.724,0.008,0.623,0.010 
 10198761,19112054+4714558 ,11.98, 0,2,-999.00, 2.61, 0.01,0.719,0.367,0.128,0.001,0.638,0.014,0.884,0.018,0.768,0.018,0.617,0.013 
 10200377,19144314+4716570 ,11.93, 0,1,-999.00, 3.07, 0.01,-0.197,0.354,0.176,0.003,0.617,0.003,0.916,0.005,0.740,0.004,0.635,0.004 
 10201944,19174557+4717037 ,12.36, 0,2,-999.00, 2.35, 0.01, -999, -999, -999, -999, -999, -999, -999, -999, -999, -999, -999, -999 
 10202184,19181265+4715313 ,11.73, 0,1,-999.00, 3.12, 0.01,0.362,0.337,0.175,0.002,0.568,0.004,0.893,0.005,0.746,0.005,0.579,0.005 
 10206307,19245529+4713128 ,11.24, 0,2,-999.00, 2.42, 0.01, -999, -999, -999, -999, -999, -999, -999, -999, -999, -999, -999, -999 
 10206840,19254641+4712500 ,11.50, 0,2,-999.00, 2.38, 0.01, -999, -999, -999, -999, -999, -999, -999, -999, -999, -999, -999, -999 
 10206851,19254770+4715223 ,12.48, 0,2,-999.00, 2.51, 0.01, -999, -999,0.082,0.001,0.623,0.006,0.863,0.010,0.773,0.009,0.550,0.007 
 10207059,19260947+4713318 ,11.69, 0,2,-999.00, 2.86, 0.01, -999, -999,0.145,0.001,0.692,0.008,0.873,0.012,0.738,0.010,0.551,0.045 
 10207078,19261098+4712212 ,11.99, 0,0,-999.00, 2.52, 0.01, -999, -999,0.137,0.002,0.573,0.007,0.889,0.010,0.774,0.009,0.573,0.009 
 10207321,19263377+4717167 ,11.52, 0,1,-999.00, 2.72, 0.01, -999, -999,0.161,0.002,0.604,0.013,0.900,0.020,0.764,0.018,0.595,0.009 
 10207623,19270794+4714354 ,11.80, 2,0, 80.00, 2.54, 0.01, -999, -999,0.231,0.003, -999, -999,0.830,0.010,0.754,0.009,0.532,0.043 
 10208330,19281547+4714439 ,11.53, 0,1,-999.00, 2.51, 0.01, -999, -999,0.135,0.003,0.579,0.003,0.879,0.005,0.733,0.005,0.572,0.005 
 10212620,19350919+4715276 ,11.12, 0,2,-999.00, 2.60, 0.01, -999, -999,0.155,0.002,0.593,0.008,0.847,0.009,0.795,0.009,0.552,0.009 
 10213594,19363234+4715229 ,10.54, 0,1,-999.00, 3.06, 0.01, -999, -999,0.179,0.001,0.570,0.004,0.868,0.004,0.776,0.004,0.576,0.005 
 10213931,19370036+4713469 ,11.31, 0,0,-999.00, 2.53, 0.01, -999, -999,0.269,0.002,0.611,0.005,0.879,0.006,0.780,0.005,0.598,0.007 
 10219338,19442349+4714276 ,10.94, 0,1,-999.00, 3.29, 0.01, -999, -999,0.163,0.004,0.616,0.004,0.875,0.035,0.764,0.031,0.587,0.009 
 10220213,19453332+4715058 ,11.66, 0,1,-999.00, 3.27, 0.01, -999, -999,0.192,0.003,0.643,0.006,0.896,0.109,0.746,0.073,0.646,0.042 
 10220795,19461718+4716459 ,10.50, 0,2,-999.00, 2.59, 0.01, -999, -999, -999, -999, -999, -999, -999, -999, -999, -999, -999, -999 
 10221370,19465962+4713322 ,11.91, 0,2,-999.00, 2.56, 0.01, -999, -999, -999, -999, -999, -999, -999, -999, -999, -999, -999, -999 
 10223027,19485345+4716053 ,11.85, 0,0,-999.00, 2.66, 0.01, -999, -999,0.165,0.003,0.576,0.011,0.873,0.018,0.792,0.016,0.559,0.080 
 10224100,19500692+4712129 ,11.16, 0,2,-999.00, 2.89, 0.01, -999, -999,0.151,0.002,0.687,0.004,0.890,0.006,0.760,0.005,0.613,0.012 
 10226276,19522788+4717151 ,10.05, 0,0,-999.00, 2.69, 0.01, -999, -999,0.166,0.002,0.565,0.005,0.862,0.007,0.800,0.007,0.581,0.008 
 10227872,19541323+4713300 ,10.49, 0,2,-999.00, 2.89, 0.01, -999, -999, -999, -999, -999, -999, -999, -999, -999, -999, -999, -999 
 10228836,19551145+4716343 ,12.19, 0,2,-999.00, 2.66, 0.01, -999, -999,0.169,0.003,0.741,0.003,0.896,0.004,0.733,0.004,0.612,0.004 
 10229796,19561009+4712169 ,10.60, 0,2,-999.00, 2.60, 0.01, -999, -999, -999, -999, -999, -999, -999, -999, -999, -999, -999, -999 
 10252281,18425103+4718370 ,11.53, 0,2,-999.00, 2.41, 0.01,1.213,0.358, -999, -999, -999, -999, -999, -999, -999, -999, -999, -999 
 10252692,18435746+4723319 ,10.84, 0,2,-999.00, 2.38, 0.01,0.532,0.460,0.165,0.002,0.654,0.014,0.878,0.024,0.767,0.016,0.588,0.005 
 10252757,18440742+4722050 ,12.25, 0,0,-999.00, 2.65, 0.01,0.494,0.354,0.201,0.001,0.608,0.003,0.908,0.005,0.796,0.005,0.650,0.015 
 10253602,18462634+4718280 ,11.27, 0,2,-999.00, 2.50, 0.01,0.725,0.376,0.131,0.002,0.611,0.005,0.855,0.006,0.763,0.005, -999, -999 
 10253776,18465692+4718198 , 9.86, 3,0,169.00, 2.95, 0.01,0.475,0.434, -999, -999, -999, -999, -999, -999, -999, -999, -999, -999 
 10254023,18473547+4718487 ,11.64, 0,2,-999.00, 2.26, 0.01,0.543,0.415,0.153,0.004,0.609,0.007,0.874,0.009,0.783,0.009,0.613,0.009 
 10254051,18474111+4723558 ,11.35, 0,2,-999.00, 2.40, 0.01,0.168,0.337,0.173,0.001,0.768,0.002,0.921,0.003,0.737,0.002,0.645,0.003 
 10256237,18523067+4721071 ,12.32, 0,2,-999.00, 2.39, 0.01, -999, -999,0.134,0.001,0.627,0.003,0.881,0.004,0.772,0.004,0.570,0.004 
 10257278,18545589+4721270 ,12.00, 0,1,-999.00, 3.09, 0.01,0.653,0.372,0.180,0.001,0.615,0.006,0.887,0.008,0.759,0.008,0.607,0.004 
 10257419,18551515+4722088 ,12.07, 0,1,-999.00, 2.87, 0.01,0.912,0.390, -999, -999, -999, -999, -999, -999, -999, -999, -999, -999 
 10257635,18554744+4722224 ,12.48, 0,1,-999.00, 2.90, 0.01,0.845,0.430,0.134,0.001,0.564,0.003,0.864,0.005,0.765,0.004,0.569,0.009 
 10257683,18555419+4722213 ,11.28, 0,2,-999.00, 2.40, 0.01,0.783,0.364,0.136,0.003,0.614,0.005,0.876,0.007,0.781,0.005,0.598,0.005 
 10257750,18560340+4722413 ,11.78, 0,2,-999.00, 2.40, 0.01,1.427,0.427,0.130,0.001,0.586,0.005,0.866,0.005,0.799,0.005,0.561,0.007 
 10258061,18564196+4721098 ,12.41, 0,1,-999.00, 2.68, 0.01,1.132,0.522, -999, -999, -999, -999, -999, -999, -999, -999, -999, -999 
 10259369,18592536+4719466 ,11.53, 0,2,-999.00, 2.34, 0.01, -999, -999,0.136,0.001,0.633,0.005,0.847,0.007,0.751,0.006,0.548,0.006 
 10262542,19060989+4722343 ,11.29, 0,1,-999.00, 2.93, 0.01,0.488,0.337,0.186,0.002,0.679,0.005,0.889,0.007,0.742,0.007,0.615,0.007 
 10262745,19063733+4718038 ,12.42, 0,0,-999.00, 2.57, 0.01,1.064,0.381,0.151,0.002,0.628,0.006,0.880,0.009,0.759,0.009,0.560,0.010 
 10263341,19075005+4720217 ,12.00, 0,1,-999.00, 2.89, 0.01,1.007,0.399,0.168,0.002,0.646,0.004,0.886,0.005,0.758,0.006,0.605,0.005 
 10264167,19093657+4720254 ,11.07, 2,2, 82.00, 3.25, 0.01,0.665,0.326,0.196,0.002,0.612,0.004,0.871,0.005,0.735,0.005,0.600,0.004 
 10264774,19110430+4718579 ,11.94, 2,0, 42.00, 2.38, 0.02,-0.479,0.381,0.363,0.002, -999, -999,0.833,0.005,0.766,0.005,0.584,0.003 
 10266802,19150221+4718314 , 8.31, 0,2,-999.00, 2.80, 0.01,1.010,0.377, -999, -999, -999, -999, -999, -999, -999, -999, -999, -999 
 10267242,19155173+4721457 ,11.62, 0,2,-999.00, 2.35, 0.01,1.295,0.379,0.139,0.001,0.620,0.003,0.876,0.003,0.764,0.004,0.548,0.004 
 10268744,19183727+4719291 , 9.95, 0,2,-999.00, 2.42, 0.01,1.338,0.509,0.126,0.002, -999, -999,0.832,0.006,0.779,0.007,0.512,0.004 
 10272641,19250623+4718546 ,11.65, 0,1,-999.00, 2.87, 0.01, -999, -999, -999, -999, -999, -999, -999, -999, -999, -999, -999, -999 
 10273236,19260506+4723231 ,11.96, 0,0,-999.00, 2.45, 0.01, -999, -999,0.161,0.002,0.597,0.006,0.864,0.014,0.773,0.016,0.559,0.005 
 10281161,19381995+4719528 ,11.48, 2,2,110.00, 2.96, 0.01, -999, -999,0.201,0.001,0.666,0.003,0.877,0.004,0.738,0.004,0.572,0.007 
 10281965,19393504+4719051 ,11.52, 2,0, 93.50, 2.33, 0.01, -999, -999, -999, -999, -999, -999, -999, -999, -999, -999, -999, -999 
 10282002,19393934+4720055 ,11.40, 0,2,-999.00, 2.39, 0.01, -999, -999, -999, -999, -999, -999, -999, -999, -999, -999, -999, -999 
 10284955,19435059+4722465 ,12.22, 0,0,-999.00, 2.36, 0.01, -999, -999,0.131,0.002,0.593,0.011,0.850,0.006,0.769,0.005,0.534,0.007 
 10285722,19445035+4723428 ,10.40, 0,0,-999.00, 2.61, 0.01, -999, -999, -999, -999, -999, -999, -999, -999, -999, -999, -999, -999 
 10286011,19451444+4719224 ,12.34, 0,1,-999.00, 2.91, 0.01, -999, -999,0.146,0.004,0.576,0.004,0.853,0.004,0.755,0.004,0.589,0.007 
 10286378,19454106+4723539 ,12.10, 0,2,-999.00, 2.41, 0.01, -999, -999,0.164,0.001,0.666,0.003,0.882,0.007,0.750,0.007,0.599,0.006 
 10286616,19460016+4720165 ,11.67, 0,2,-999.00, 2.43, 0.01, -999, -999, -999, -999, -999, -999, -999, -999, -999, -999, -999, -999 
 10288903,19483738+4722204 ,12.00, 0,0,-999.00, 2.60, 0.01, -999, -999,0.137,0.002,0.619,0.004,0.889,0.009,0.781,0.007,0.605,0.012 
 10289299,19490373+4719456 ,12.21, 0,2,-999.00, 2.84, 0.01, -999, -999,0.158,0.003,0.707,0.005,0.881,0.006,0.724,0.006,0.546,0.008 
 10290315,19501329+4723597 ,12.00, 0,2,-999.00, 2.48, 0.01, -999, -999,0.136,0.008,0.585,0.005,0.858,0.006,0.782,0.005,0.546,0.007 
 10290457,19502268+4719368 ,11.54, 0,2,-999.00, 2.39, 0.01, -999, -999,0.138,0.003,0.605,0.007,0.864,0.009,0.773,0.008,0.550,0.004 
 10290535,19502895+4722123 ,12.41, 0,2,-999.00, 2.39, 0.01, -999, -999,0.385,0.003,0.732,0.004,0.919,0.005,0.766,0.005,0.662,0.009 
 10291535,19513382+4720545 ,11.64, 3,0, 76.00, 2.98, 0.01, -999, -999,0.184,0.002,0.690,0.004,0.889,0.007,0.737,0.006,0.584,0.006 
 10297313,19575788+4722216 ,11.62, 0,2,-999.00, 2.93, 0.01, -999, -999,0.171,0.002,0.631,0.004,0.867,0.005,0.761,0.005,0.626,0.006 
 10297952,19584352+4723131 ,11.49, 1,0, 17.55,-999.00,-999.00, -999, -999,0.602,0.002,0.582,0.006,0.872,0.009,0.849,0.009,0.740,0.006 
 10319146,18453402+4725536 ,11.00, 3,0,109.00, 2.38, 0.01,0.311,0.325,0.178,0.001,0.598,0.005,0.886,0.007,0.789,0.005,0.606,0.006 
 10319325,18460437+4724088 ,10.67, 0,2,-999.00, 2.38, 0.01, -999, -999,0.164,0.004,0.566,0.008,0.860,0.010,0.811,0.010,0.593,0.005 
 10320170,18482322+4727598 ,11.55, 0,0,-999.00, 2.28, 0.01,1.489,0.544, -999, -999, -999, -999, -999, -999, -999, -999, -999, -999 
 10324763,18584335+4728453 ,11.02, 0,2,-999.00, 2.37, 0.01,-0.021,0.360,0.263,0.001,0.729,0.002,0.902,0.003,0.738,0.003,0.590,0.003 
 10328277,19062273+4724003 ,12.34, 0,0,-999.00, 2.35, 0.01,-0.144,0.351,0.161,0.002,0.747,0.004,0.897,0.005,0.731,0.005,0.573,0.006 
 10328498,19065921+4727060 ,11.17, 0,0,-999.00, 2.55, 0.01,-0.927,0.386, -999, -999, -999, -999, -999, -999, -999, -999, -999, -999 
 10328727,19072864+4726382 ,12.42, 0,1,-999.00, 3.05, 0.01,0.307,0.382,0.157,0.001,0.662,0.003,0.900,0.004,0.729,0.003,0.607,0.004 
 10328946,19075765+4726283 ,12.35, 0,2,-999.00, 2.43, 0.01,0.676,0.457,0.187,0.004,0.609,0.005,0.871,0.007,0.783,0.006,0.570,0.006 
 10331610,19134530+4726470 ,12.22, 0,2,-999.00, 2.41, 0.01,1.114,0.411,0.157,0.001,0.663,0.011,0.868,0.020,0.758,0.019,0.560,0.016 
 10331686,19135422+4726500 ,11.23, 0,1,-999.00, 3.28, 0.01,0.197,0.379,0.192,0.001,0.606,0.003,0.888,0.004,0.714,0.005, -999, -999 
 10332186,19145500+4727237 ,12.16, 0,0,-999.00, 2.26, 0.01,0.936,0.443,0.121,0.002,0.610,0.007,0.867,0.008,0.755,0.008,0.556,0.004 
 10333063,19163737+4727309 , 8.14, 0,2,-999.00, 2.48, 0.01,0.411,0.445, -999, -999, -999, -999, -999, -999, -999, -999, -999, -999 
 10333131,19164520+4729412 ,12.19, 0,1,-999.00, 3.14, 0.01,0.881,0.352,0.159,0.002,0.586,0.006,0.868,0.004,0.739,0.003,0.581,0.004 
 10339089,19264040+4724086 ,12.46, 0,2,-999.00, 2.50, 0.01, -999, -999,0.144,0.002,0.732,0.005,0.908,0.007,0.731,0.006,0.585,0.010 
 10341704,19304438+4724232 , 8.85, 0,2,-999.00, 2.48, 0.01, -999, -999, -999, -999, -999, -999, -999, -999, -999, -999, -999, -999 
 10347360,19390753+4728210 ,12.45, 0,2,-999.00, 2.46, 0.01, -999, -999,0.115,0.001,0.638,0.005,0.867,0.005,0.760,0.005,0.548,0.006 
 10350302,19432015+4728597 ,12.25, 0,2,-999.00, 2.43, 0.01, -999, -999, -999, -999, -999, -999, -999, -999, -999, -999, -999, -999 
 10350934,19440869+4725360 ,12.12, 0,2,-999.00, 2.43, 0.01, -999, -999,0.141,0.003,0.655,0.006,0.881,0.008,0.750,0.008,0.543,0.009 
 10351196,19442821+4727545 ,12.37, 0,1,-999.00, 3.22, 0.01, -999, -999,0.200,0.002,0.698,0.014,0.914,0.018,0.725,0.020,0.627,0.023 
 10351578,19450093+4728442 ,12.25, 0,2,-999.00, 2.65, 0.01, -999, -999, -999, -999, -999, -999, -999, -999, -999, -999, -999, -999 
 10351820,19452145+4725114 , 9.90, 0,0,-999.00, 2.66, 0.01, -999, -999, -999, -999, -999, -999, -999, -999, -999, -999, -999, -999 
 10352615,19462274+4726595 ,10.82, 0,0,-999.00, 2.71, 0.01, -999, -999,0.222,0.003,0.660,0.008,0.875,0.010,0.734,0.009,0.622,0.011 
 10353044,19465524+4726411 ,10.93, 0,2,-999.00, 2.44, 0.01, -999, -999, -999, -999, -999, -999, -999, -999, -999, -999, -999, -999 
 10355672,19500142+4727247 ,10.49, 0,2,-999.00, 2.47, 0.01, -999, -999,0.141,0.003,0.593,0.008,0.840,0.029,0.799,0.023,0.526,0.012 
 10356057,19502805+4727199 ,11.22, 0,1,-999.00, 2.73, 0.01, -999, -999, -999, -999, -999, -999, -999, -999, -999, -999, -999, -999 
 10357764,19522203+4726174 ,10.79, 0,2,-999.00, 2.53, 0.01, -999, -999,0.142,0.002,0.621,0.006,0.860,0.007,0.776,0.007,0.575,0.009 
 10359999,19544795+4724473 , 9.25, 0,2,-999.00, 2.57, 0.01, -999, -999,0.137,0.002,0.678,0.010,0.877,0.011,0.762,0.012,0.584,0.010 
 10361019,19555417+4726384 ,10.86, 3,0,120.00, 2.60, 0.01, -999, -999, -999, -999, -999, -999, -999, -999, -999, -999, -999, -999 
 10361895,19565339+4728317 ,11.21, 0,1,-999.00, 3.10, 0.01, -999, -999,0.198,0.003,0.663,0.005,0.900,0.007,0.731,0.006,0.631,0.010 
 10362043,19570418+4724077 ,10.45, 0,2,-999.00, 2.50, 0.01, -999, -999,0.181,0.002,0.703,0.012,0.896,0.015,0.715,0.012,0.569,0.011 
 10382615,18403771+4732100 ,11.68, 0,2,-999.00, 2.41, 0.01,-0.613,0.457,0.152,0.004,0.756,0.003,0.910,0.004,0.756,0.004,0.644,0.008 
 10383368,18424441+4734461 ,10.71, 0,0,-999.00, 2.67, 0.01, -999, -999,0.163,0.003,0.603,0.001,0.878,0.002,0.786,0.002,0.594,0.004 
 10383668,18432811+4733410 ,10.77, 0,2,-999.00, 2.63, 0.01,0.969,0.406,0.138,0.004,0.665,0.006,0.877,0.008,0.774,0.007,0.592,0.002 
 10384255,18451162+4733251 ,11.45, 0,2,-999.00, 2.54, 0.01,0.848,0.343,0.157,0.002,0.680,0.005,0.891,0.006,0.766,0.005,0.600,0.006 
 10384595,18460337+4730276 ,12.20,24,0,-999.00, 2.60, 0.01, -999, -999, -999, -999,0.711,0.003,0.900,0.004,0.771,0.003,0.652,0.005 
 10386904,18514584+4735217 ,11.88, 0,1,-999.00, 3.17, 0.01,0.810,0.385, -999, -999,0.699,0.004,0.882,0.005,0.823,0.005,0.767,0.003 
 10388249,18545147+4731531 ,11.02, 0,1,-999.00, 2.64, 0.01,0.743,0.424,0.170,0.001,0.574,0.002,0.862,0.002,0.763,0.002,0.550,0.002 
 10389037,18564462+4732017 ,10.37, 0,2,-999.00, 2.50, 0.01,1.477,0.398,0.133,0.001,0.573,0.012,0.841,0.016,0.785,0.014,0.523,0.019 
 10389165,18570444+4734401 ,10.83, 0,2,-999.00, 2.51, 0.01,0.465,0.369,0.147,0.001,0.655,0.005,0.860,0.007,0.744,0.005,0.546,0.007 
 10389393,18573478+4732431 ,11.88, 0,1,-999.00, 2.50, 0.01,-0.110,0.386,0.150,0.004,0.668,0.009,0.900,0.013,0.760,0.010,0.608,0.010 
 10394570,19083823+4732491 ,11.82, 0,2,-999.00, 2.44, 0.01,1.329,0.422,0.125,0.006,0.593,0.006,0.845,0.008,0.763,0.007,0.521,0.011 
 10395400,19102804+4735234 ,12.28, 0,2,-999.00, 2.39, 0.01, -999, -999, -999, -999, -999, -999, -999, -999, -999, -999, -999, -999 
 10395638,19110101+4733369 ,10.19, 0,0,-999.00, 2.53, 0.01,0.724,0.441,0.129,0.002,0.623,0.009,0.858,0.014,0.782,0.011,0.542,0.007 
 10402207,19231527+4734184 ,11.91, 0,1,-999.00, 2.59, 0.01,0.107,0.361,0.155,0.003,0.622,0.005,0.902,0.008,0.749,0.006,0.590,0.008 
 10402819,19241424+4732481 ,10.29, 0,2,-999.00, 2.66, 0.01,-0.498,0.312, -999, -999, -999, -999, -999, -999, -999, -999, -999, -999 
 10403323,19250256+4730067 ,12.08, 0,0,-999.00, 2.37, 0.01,0.934,0.407,0.153,0.003,0.637,0.004,0.861,0.004,0.762,0.004,0.544,0.004 
 10405285,19281279+4730310 ,11.90, 0,1,-999.00, 2.19, 0.01, -999, -999,0.128,0.003,0.618,0.004,0.880,0.005,0.768,0.005,0.574,0.006 
 10405377,19282181+4735226 ,12.03, 0,2,-999.00, 2.83, 0.01, -999, -999,0.234,0.002,0.755,0.005,0.924,0.007,0.726,0.006,0.620,0.006 
 10405436,19282701+4731063 ,12.45, 0,1,-999.00, 3.27, 0.01, -999, -999, -999, -999, -999, -999, -999, -999, -999, -999, -999, -999 
 10416550,19451221+4735348 ,11.45, 0,0,-999.00, 2.59, 0.01, -999, -999, -999, -999, -999, -999, -999, -999, -999, -999, -999, -999 
 10417308,19460712+4730532 ,11.33, 2,2, 40.30, 2.38, 0.01, -999, -999, -999, -999, -999, -999, -999, -999, -999, -999, -999, -999 
 10417364,19461158+4733129 ,11.72, 0,0,-999.00, 2.98, 0.01, -999, -999,0.173,0.002,0.662,0.007,0.883,0.008,0.730,0.009,0.601,0.005 
 10420202,19492605+4733049 ,11.91, 0,0,-999.00, 3.09, 0.01, -999, -999,0.151,0.002,0.639,0.006,0.887,0.008,0.756,0.007,0.591,0.008 
 10420822,19500815+4730220 ,10.89, 0,2,-999.00, 2.81, 0.01, -999, -999,0.137,0.001,0.662,0.003,0.870,0.003,0.753,0.003,0.570,0.004 
 10422287,19514205+4730511 ,10.29, 0,1,-999.00, 2.90, 0.01, -999, -999,0.158,0.002,0.545,0.007,0.853,0.004,0.822,0.004,0.588,0.003 
 10426854,19564169+4733296 , 9.94, 0,2,-999.00, 2.51, 0.01, -999, -999,0.168,0.001,0.728,0.004,0.895,0.008,0.732,0.007,0.617,0.007 
 10427193,19570459+4731424 ,11.92, 0,1,-999.00, 3.02, 0.01, -999, -999,0.197,0.003,0.629,0.009,0.890,0.019,0.728,0.017,0.590,0.017 
 10447795,18413548+4738230 ,11.86, 0,2,-999.00, 3.37, 0.01,1.158,0.420, -999, -999, -999, -999, -999, -999, -999, -999, -999, -999 
 10448025,18421481+4740382 ,12.05, 0,1,-999.00, 3.01, 0.01,0.708,0.337,0.176,0.001,0.626,0.004,0.874,0.012,0.755,0.009,0.586,0.018 
 10448807,18441685+4740291 , 9.09, 0,2,-999.00, 2.57, 0.01, -999, -999, -999, -999, -999, -999, -999, -999, -999, -999, -999, -999 
 10449846,18465381+4739353 ,11.92, 0,1,-999.00, 3.17, 0.01, -999, -999,0.196,0.003, -999, -999,0.862,0.015,0.813,0.016,0.614,0.010 
 10449998,18471718+4738410 ,11.91, 0,2,-999.00, 2.47, 0.01,0.629,0.388, -999, -999, -999, -999, -999, -999, -999, -999, -999, -999 
 10450939,18493475+4740178 ,11.57, 0,2,-999.00, 2.53, 0.01,0.516,0.337, -999, -999, -999, -999, -999, -999, -999, -999, -999, -999 
 10451228,18501190+4736296 ,11.66, 0,0,-999.00, 2.54, 0.01,0.133,0.353,0.189,0.003,0.649,0.006,0.919,0.003,0.759,0.004,0.639,0.006 
 10453652,18553980+4741393 ,11.51, 0,0,-999.00, 2.53, 0.01,1.442,0.392,0.148,0.003,0.602,0.006,0.878,0.002,0.783,0.002,0.591,0.002 
 10453946,18561729+4741299 ,10.77, 0,2,-999.00, 2.41, 0.01,0.364,0.356,0.159,0.002,0.654,0.002,0.878,0.021,0.760,0.020,0.582,0.019 
 10454887,18580811+4739078 , 9.52, 0,1,-999.00, 2.47, 0.01,0.898,0.379,0.160,0.001,0.582,0.004,0.858,0.012,0.774,0.010,0.578,0.004 
 10456555,19014393+4739536 , 9.00, 0,2,-999.00, 2.64, 0.01,1.641,0.387, -999, -999, -999, -999, -999, -999, -999, -999, -999, -999 
 10459696,19082113+4739175 ,11.11, 0,0,-999.00, 2.69, 0.01,0.445,0.367,0.144,0.001,0.556,0.005,0.863,0.006,0.797,0.005,0.582,0.006 
 10459794,19083320+4738137 ,12.13, 0,0,-999.00, 2.57, 0.01,0.917,0.423, -999, -999, -999, -999, -999, -999, -999, -999, -999, -999 
 10460243,19093068+4741260 ,12.28, 0,2,-999.00, 2.40, 0.01, -999, -999, -999, -999,0.907,0.006, -999, -999, -999, -999, -999, -999 
 10460723,19103109+4741536 ,12.38, 0,1,-999.00, 2.28, 0.01,-1.053,0.338,0.172,0.001,0.812,0.016,0.934,0.006,0.734,0.006,0.657,0.006 
 10461323,19114879+4741524 ,10.01, 2,0, 79.70, 2.86, 0.01,0.238,0.525, -999, -999, -999, -999, -999, -999, -999, -999, -999, -999 
 10461347,19115168+4741384 ,11.79, 3,0,115.00, 2.39, 0.01,0.777,0.382,0.105,0.003,0.528,0.007,0.848,0.040,0.775,0.042,0.515,0.011 
 10461757,19123783+4736517 ,11.07, 0,2,-999.00, 2.32, 0.01,0.299,0.354,0.168,0.002,0.720,0.006,0.899,0.009,0.746,0.007,0.587,0.028 
 10463137,19151828+4736422 ,12.10, 0,2,-999.00, 2.39, 0.01,0.689,0.330,0.152,0.001,0.724,0.006,0.897,0.003,0.719,0.003,0.581,0.003 
 10467388,19223187+4738507 ,12.34, 0,0,-999.00, 2.40, 0.01,0.478,0.405,0.160,0.001,0.633,0.006,0.888,0.008,0.754,0.007,0.563,0.009 
 10467570,19224949+4741331 ,11.79, 3,0,142.00, 2.42, 0.01,0.762,0.430,0.162,0.001,0.576,0.007,0.846,0.010,0.780,0.007,0.533,0.009 
 10468528,19242861+4736427 ,10.90, 0,2,-999.00, 2.35, 0.01,1.105,0.423,0.129,0.003,0.615,0.006,0.882,0.009,0.768,0.007,0.542,0.005 
 10469976,19265403+4741293 ,10.63, 0,2,-999.00, 2.62, 0.01, -999, -999, -999, -999, -999, -999, -999, -999, -999, -999, -999, -999 
 10471148,19284378+4741268 ,11.13, 0,2,-999.00, 2.65, 0.01, -999, -999,0.139,0.002,0.680,0.008,0.866,0.012,0.753,0.009,0.542,0.009 
 10472318,19304428+4740343 ,12.32, 0,1,-999.00, 3.07, 0.01, -999, -999,0.153,0.001,0.533,0.004,0.851,0.005,0.783,0.004,0.552,0.005 
 10473692,19325328+4737099 ,11.62, 0,1,-999.00, 2.88, 0.01, -999, -999,0.154,0.002,0.589,0.004,0.877,0.009,0.762,0.009,0.581,0.010 
 10474071,19332735+4741194 ,11.70, 0,2,-999.00, 2.89, 0.01, -999, -999,0.163,0.002,0.683,0.006,0.867,0.003,0.738,0.003,0.566,0.008 
 10480536,19423845+4736024 ,12.47, 2,1, 53.00, 3.21, 0.01, -999, -999,0.215,0.001,0.666,0.004,0.887,0.007,0.716,0.006,0.585,0.005 
 10480806,19430190+4741262 ,10.79, 0,2,-999.00, 2.74, 0.01, -999, -999,0.153,0.005,0.594,0.005,0.875,0.008,0.744,0.006,0.554,0.007 
 10482001,19444284+4741158 ,10.50, 0,2,-999.00, 2.65, 0.01,0.939,0.339,0.155,0.002,0.681,0.005,0.873,0.007,0.754,0.007,0.554,0.006 
 10483504,19463392+4739249 ,11.65, 0,0,-999.00, 2.94, 0.01,0.562,0.332,0.176,0.002,0.643,0.004,0.887,0.006,0.745,0.005,0.650,0.006 
 10485765,19491037+4737151 ,11.48, 0,2,-999.00, 2.72, 0.01, -999, -999,0.171,0.003,0.616,0.007,0.875,0.012,0.756,0.011,0.575,0.004 
 10489073,19525221+4739459 ,11.75, 0,2,-999.00, 2.45, 0.01, -999, -999,0.140,0.002,0.572,0.004,0.846,0.006,0.789,0.006,0.549,0.009 
 10489108,19525471+4741319 , 9.52, 0,2,-999.00, 2.38, 0.01, -999, -999, -999, -999, -999, -999, -999, -999, -999, -999, -999, -999 
 10489909,19535221+4738213 ,12.17, 0,2,-999.00, 2.31, 0.01, -999, -999,0.172,0.002,0.760,0.007,0.908,0.010,0.737,0.009,0.647,0.005 
 10513061,18411041+4744011 ,10.82, 0,1,-999.00, 2.52, 0.01,0.395,0.548,0.229,0.002,0.657,0.005,0.879,0.006,0.784,0.007,0.589,0.011 
 10513837,18432829+4742130 , 9.20, 0,1,-999.00, 3.21, 0.01,0.990,0.447, -999, -999, -999, -999, -999, -999, -999, -999, -999, -999 
 10514427,18450538+4742264 ,11.90, 0,2,-999.00, 2.41, 0.01,0.030,0.334, -999, -999, -999, -999, -999, -999, -999, -999, -999, -999 
 10515966,18491542+4745000 ,11.10, 0,2,-999.00, 2.46, 0.01,0.545,0.344,0.179,0.001,0.734,0.005,0.908,0.006,0.749,0.006,0.628,0.004 
 10522084,19024774+4745344 , 9.25, 0,2,-999.00, 2.58, 0.01,-0.341,0.479, -999, -999, -999, -999, -999, -999, -999, -999, -999, -999 
 10524715,19084182+4743034 ,11.33, 0,1,-999.00, 2.73, 0.01,0.713,0.335, -999, -999, -999, -999, -999, -999, -999, -999, -999, -999 
 10525282,19095556+4743410 ,10.54, 0,2,-999.00, 2.46, 0.01,0.521,0.314,0.171,0.003,0.691,0.005,0.885,0.005,0.743,0.006,0.559,0.009 
 10525475,19102133+4743193 ,10.78, 0,2,-999.00, 2.50, 0.01,0.503,0.357,0.129,0.002,0.651,0.004,0.885,0.010,0.754,0.008,0.597,0.005 
 10525595,19103586+4743568 ,11.21, 0,1,-999.00, 2.98, 0.01,0.498,0.335,0.168,0.002,0.646,0.003,0.885,0.003,0.761,0.002,0.582,0.003 
 10525946,19111887+4743533 ,12.32, 0,0,-999.00, 3.23, 0.01,1.923,0.418, -999, -999, -999, -999, -999, -999, -999, -999, -999, -999 
 10527661,19144409+4744302 ,10.68, 0,2,-999.00, 2.42, 0.01,-0.375,0.370,0.162,0.002,0.766,0.005,0.919,0.006,0.716,0.007,0.597,0.007 
 10527754,19145511+4745055 ,11.83, 0,1,-999.00, 2.68, 0.01,0.903,0.458,0.119,0.003, -999, -999,0.841,0.008,0.798,0.006,0.538,0.006 
 10528911,19170724+4742006 ,12.06, 0,2,-999.00, 2.41, 0.01,2.175,0.501,0.132,0.001,0.534,0.007,0.844,0.009,0.758,0.008,0.536,0.009 
 10532751,19232917+4745121 ,10.74, 0,2,-999.00, 2.94, 0.01,0.758,0.323,0.184,0.002,0.684,0.010,0.883,0.012,0.742,0.014,0.587,0.010 
 10533369,19243319+4744285 ,11.93, 3,0,169.00, 2.52, 0.01,0.977,0.414,0.170,0.001,0.616,0.006,0.860,0.008,0.760,0.008,0.537,0.004 
 10534891,19270984+4743573 ,12.08, 0,2,-999.00, 2.65, 0.01, -999, -999,0.143,0.002,0.684,0.003,0.867,0.004,0.731,0.003,0.564,0.006 
 10537243,19310146+4742009 ,12.40, 0,2,-999.00, 2.42, 0.01, -999, -999,0.127,0.005,0.664,0.008,0.891,0.009,0.746,0.009,0.562,0.043 
 10537376,19311507+4743092 ,12.06, 0,2,-999.00, 2.43, 0.01, -999, -999, -999, -999, -999, -999, -999, -999, -999, -999, -999, -999 
 10545152,19425116+4742535 ,10.44, 0,2,-999.00, 2.42, 0.01, -999, -999,0.144,0.001,0.870,0.034,0.884,0.008,0.736,0.009,0.548,0.008 
 10548201,19465754+4744390 ,12.27, 0,0,-999.00, 2.68, 0.01,0.056,0.375,0.166,0.002,0.683,0.007,0.898,0.006,0.742,0.006,0.592,0.005 
 10548319,19470579+4743558 ,12.09, 0,1,-999.00, 3.28, 0.01,-0.697,0.347, -999, -999, -999, -999, -999, -999, -999, -999, -999, -999 
 10550429,19492290+4746588 , 9.61, 0,1,-999.00, 3.05, 0.01, -999, -999, -999, -999, -999, -999, -999, -999, -999, -999, -999, -999 
 10552202,19512486+4742307 ,11.65, 0,0,-999.00, 2.50, 0.01, -999, -999,0.215,0.002,0.740,0.005,0.910,0.005,0.749,0.004,0.626,0.004 
 10552972,19521743+4745036 ,10.72, 0,1,-999.00, 3.18, 0.01, -999, -999,0.177,0.001,0.683,0.004,0.901,0.006,0.741,0.005,0.620,0.016 
 10554179,19534542+4742439 ,10.08, 0,2,-999.00, 2.41, 0.01, -999, -999,0.160,0.002,0.778,0.009,0.924,0.013,0.724,0.011,0.622,0.009 
 10555186,19545292+4743551 ,11.09, 0,0,-999.00, 3.13, 0.01, -999, -999,0.173,0.004,0.632,0.017,0.883,0.028,0.755,0.019,0.600,0.013 
 10555618,19552174+4743524 , 9.37, 0,2,-999.00, 2.43, 0.01, -999, -999, -999, -999, -999, -999, -999, -999, -999, -999, -999, -999 
 10556924,19564785+4744454 ,12.41, 0,1,-999.00, 3.12, 0.01, -999, -999,0.182,0.003,0.612,0.003,0.878,0.004,0.745,0.004,0.632,0.009 
 10579765,18470416+4748497 ,11.41, 0,1,-999.00, 3.03, 0.01,0.432,0.337,0.184,0.005,0.633,0.003,0.902,0.004,0.781,0.004,0.668,0.004 
 10582841,18541844+4748055 ,11.16, 0,2,-999.00, 2.39, 0.01,0.275,0.354,0.166,0.001,0.730,0.003,0.901,0.004,0.748,0.003,0.612,0.003 
 10583857,18563404+4753159 ,10.80, 0,0,-999.00, 2.54, 0.01,1.235,0.402, -999, -999, -999, -999, -999, -999, -999, -999, -999, -999 
 10587122,19033449+4748388 , 9.21, 0,2,-999.00, 2.48, 0.01,0.883,0.564, -999, -999, -999, -999, -999, -999, -999, -999, -999, -999 
 10587702,19044603+4753567 ,11.83, 0,0,-999.00, 2.57, 0.01,1.177,0.450,0.105,0.001,0.558,0.004,0.855,0.005,0.772,0.005,0.546,0.007 
 10590683,19111764+4748414 ,11.71, 0,0,-999.00, 2.35, 0.01,1.481,0.398,0.144,0.001,0.649,0.002,0.882,0.003,0.760,0.002,0.577,0.003 
 10591093,19120791+4752590 ,12.15, 0,0,-999.00, 3.14, 0.01,0.511,0.344,0.181,0.001,0.645,0.003,0.893,0.004,0.765,0.004,0.603,0.003 
 10592249,19142297+4748434 ,11.80, 0,2,-999.00, 2.49, 0.01,1.086,0.410,0.156,0.001,0.597,0.004,0.853,0.004,0.769,0.005,0.531,0.006 
 10592802,19152415+4750535 , 9.96, 0,2,-999.00, 2.39, 0.01,0.709,0.425,0.133,0.002,0.686,0.007,0.892,0.011,0.740,0.008,0.587,0.005 
 10592924,19153693+4753308 ,11.70, 8,0,-999.00, 2.62, 0.01, -999, -999,0.196,0.002,0.781,0.004,0.925,0.006,0.639,0.005,0.656,0.007 
 10593078,19155280+4750259 ,11.57, 0,1,-999.00, 3.24, 0.01,1.518,0.359,0.205,0.003,0.537,0.007,0.867,0.009,0.750,0.008,0.585,0.008 
 10597648,19233757+4752485 ,10.84, 0,0,-999.00, 2.44, 0.01,1.570,0.582, -999, -999, -999, -999,0.825,0.011,0.820,0.012,0.564,0.006 
 10598163,19243058+4752380 ,12.31, 0,2,-999.00, 2.43, 0.01,-0.123,0.353,0.160,0.001,0.776,0.004,0.915,0.005,0.742,0.005,0.632,0.005 
 10598558,19250775+4750191 ,10.25, 0,2,-999.00, 2.56, 0.01,1.022,0.375, -999, -999, -999, -999, -999, -999, -999, -999, -999, -999 
 10599712,19270307+4748176 ,11.06, 0,2,-999.00, 2.48, 0.01, -999, -999,0.139,0.002,0.646,0.004,0.871,0.006,0.754,0.006,0.555,0.007 
 10600807,19284453+4749352 , 8.79, 0,2,-999.00, 2.65, 0.01, -999, -999, -999, -999, -999, -999, -999, -999, -999, -999, -999, -999 
 10600926,19285628+4750215 ,11.64, 0,2,-999.00, 2.39, 0.01, -999, -999,0.141,0.001,0.684,0.007,0.886,0.010,0.735,0.009,0.569,0.012 
 10602015,19304094+4753132 ,11.23, 0,1,-999.00, 3.18, 0.01, -999, -999,0.159,0.002,0.590,0.003,0.884,0.004,0.758,0.004,0.582,0.006 
 10602374,19311651+4752470 ,11.71, 0,2,-999.00, 2.50, 0.01, -999, -999,0.110,0.002,0.592,0.004,0.852,0.005,0.772,0.004,0.534,0.003 
 10602976,19321752+4750427 ,11.70, 0,2,-999.00, 2.46, 0.01, -999, -999,0.151,0.001,0.696,0.002,0.889,0.003,0.755,0.002,0.571,0.003 
 10603170,19323713+4753585 ,11.58, 0,2,-999.00, 2.53, 0.01, -999, -999,0.143,0.001,0.655,0.004,0.861,0.006,0.765,0.006,0.564,0.005 
 10604255,19341980+4751592 , 9.80, 3,0,104.00, 2.38, 0.01, -999, -999,0.200,0.002,0.570,0.003,0.859,0.004,0.761,0.003,0.541,0.004 
 10604460,19343949+4749567 ,10.92, 0,2,-999.00, 2.38, 0.01, -999, -999,0.143,0.002,0.567,0.003,0.865,0.004,0.818,0.003,0.592,0.007 
 10610250,19425864+4750350 ,11.46, 0,1,-999.00, 3.10, 0.01, -999, -999,0.152,0.002,0.511,0.003,0.878,0.003,0.806,0.003,0.640,0.004 
 10614000,19474182+4753375 ,12.24, 0,2,-999.00, 2.35, 0.01, -999, -999, -999, -999, -999, -999, -999, -999, -999, -999, -999, -999 
 10614003,19474197+4749399 ,12.39, 0,1,-999.00, 3.03, 0.01,0.146,0.448, -999, -999, -999, -999, -999, -999, -999, -999, -999, -999 
 10614012,19474289+4752586 , 9.71, 4,0,-999.00, 2.77, 0.01,-0.152,0.389, -999, -999, -999, -999, -999, -999, -999, -999, -999, -999 
 10614190,19475598+4749446 , 8.93, 0,0,-999.00, 2.62, 0.01,1.038,0.367, -999, -999, -999, -999, -999, -999, -999, -999, -999, -999 
 10614323,19480355+4750482 , 8.71, 0,2,-999.00, 2.48, 0.01,0.286,0.357, -999, -999, -999, -999, -999, -999, -999, -999, -999, -999 
 10614382,19480780+4750357 , 9.76, 0,2,-999.00, 2.91, 0.01,0.147,0.423, -999, -999,0.669,0.005,0.864,0.005,0.756,0.005,0.590,0.006 
 10614707,19483058+4748097 ,10.93, 0,2,-999.00, 2.46, 0.01,0.730,0.392,0.036,0.001,0.686,0.009,0.880,0.011,0.734,0.010,0.597,0.006 
 10616594,19504125+4748012 , 9.84, 6,0,-999.00,-999.00,-999.00, -999, -999,0.267,0.001,0.779,0.002,0.898,0.003,0.717,0.003,0.607,0.005 
 10619191,19533486+4753550 ,11.82, 0,2,-999.00, 2.52, 0.01, -999, -999,0.145,0.003,0.633,0.009,0.874,0.013,0.767,0.012,0.576,0.007 
 10645209,18460389+4755134 ,12.25, 0,1,-999.00, 3.21, 0.01,0.465,0.345,0.231,0.001,0.667,0.009,0.905,0.013,0.752,0.010,0.652,0.011 
 10647243,18510893+4759135 ,11.89, 0,2,-999.00, 2.50, 0.01,1.101,0.427,0.147,0.002,0.598,0.004,0.861,0.006,0.782,0.005,0.573,0.006 
 10647684,18521501+4755358 ,12.29, 0,0,-999.00, 2.41, 0.01, -999, -999, -999, -999, -999, -999, -999, -999, -999, -999, -999, -999 
 10649096,18551693+4757574 ,10.81, 0,2,-999.00, 2.31, 0.01,0.539,0.390,0.151,0.001,0.645,0.013,0.880,0.019,0.779,0.019,0.590,0.016 
 10651320,19002103+4754583 ,11.61, 0,2,-999.00, 2.38, 0.01,0.042,0.356,0.163,0.005,0.705,0.003,0.901,0.005,0.731,0.003,0.607,0.033 
 10651578,19010034+4755096 ,11.78, 0,2,-999.00, 2.42, 0.01,0.557,0.425,0.173,0.001,0.690,0.003,0.883,0.005,0.749,0.004,0.603,0.004 
 10651991,19014937+4755571 ,12.01, 0,0,-999.00, 2.42, 0.01, -999, -999, -999, -999, -999, -999, -999, -999, -999, -999, -999, -999 
 10653194,19043236+4755581 ,12.00, 0,2,-999.00, 2.39, 0.01,0.669,0.398, -999, -999, -999, -999, -999, -999, -999, -999, -999, -999 
 10653200,19043358+4754006 ,12.02, 0,2,-999.00, 2.51, 0.01,0.684,0.414,0.199,0.001,0.654,0.005,0.863,0.007,0.750,0.006,0.563,0.007 
 10653383,19045722+4755324 ,10.94, 0,2,-999.00, 2.52, 0.01,0.422,0.352, -999, -999,0.672,0.006,0.818,0.008,0.761,0.007,0.525,0.008 
 10657617,19135276+4758225 ,11.89, 0,1,-999.00, 3.05, 0.01,-0.085,0.443, -999, -999, -999, -999, -999, -999, -999, -999, -999, -999 
 10657633,19135532+4757557 ,11.85, 0,0,-999.00, 2.57, 0.01,-0.092,0.449, -999, -999, -999, -999, -999, -999, -999, -999, -999, -999 
 10658326,19151118+4758001 ,12.16, 0,0,-999.00, 2.87, 0.01, -999, -999,0.165,0.002,0.691,0.004,0.909,0.005,0.736,0.004,0.624,0.006 
 10658726,19155243+4755537 ,12.34, 0,1,-999.00, 2.92, 0.01,0.308,0.460,0.161,0.001,0.642,0.004,0.882,0.005,0.748,0.004,0.607,0.005 
 10659100,19163213+4758113 ,10.41, 0,0,-999.00, 2.34, 0.01,1.038,0.418, -999, -999, -999, -999, -999, -999, -999, -999, -999, -999 
 10659842,19174620+4756287 , 9.93, 0,1,-999.00, 2.80, 0.01,0.254,0.437,0.179,0.001,0.667,0.004,0.893,0.005,0.755,0.006,0.624,0.007 
 10662595,19223167+4758596 ,11.66, 0,1,-999.00, 3.12, 0.01,-0.218,0.416,0.198,0.003,0.704,0.003,0.915,0.004,0.738,0.004,0.654,0.005 
 10662618,19223388+4757199 ,11.01, 0,2,-999.00, 2.41, 0.01,0.523,0.448,0.145,0.001,0.651,0.006,0.875,0.007,0.760,0.008,0.575,0.007 
 10666932,19293261+4755575 ,11.25, 0,2,-999.00, 2.47, 0.01, -999, -999,0.131,0.004,0.609,0.005,0.859,0.008,0.767,0.008,0.531,0.007 
 10667886,19310537+4759206 ,11.22, 0,2,-999.00, 2.45, 0.01, -999, -999,0.142,0.002,0.575,0.003,0.849,0.004,0.772,0.004,0.555,0.007 
 10667966,19311324+4758559 ,12.00, 0,2,-999.00, 2.42, 0.01, -999, -999,0.276,0.004,0.735,0.002,0.920,0.004,0.723,0.003,0.618,0.005 
 10668914,19324818+4758160 ,11.96, 2,1, 56.00, 3.22, 0.01, -999, -999,0.269,0.001,0.581,0.002,0.896,0.003,0.744,0.003,0.628,0.004 
 10669123,19330736+4756368 ,11.36, 0,2,-999.00, 2.47, 0.01, -999, -999,0.157,0.001,0.669,0.002,0.882,0.003,0.745,0.002,0.569,0.004 
 10669568,19335097+4757481 ,12.38, 3,0,154.00, 2.57, 0.01, -999, -999,0.252,0.003,0.663,0.004,0.880,0.007,0.742,0.006,0.581,0.003 
 10669876,19341754+4756048 ,11.36, 0,0,-999.00, 2.17, 0.01, -999, -999,0.144,0.001,0.535,0.006,0.860,0.007,0.789,0.007,0.555,0.002 
 10670445,19351387+4754495 ,10.76, 0,0,-999.00, 2.39, 0.01, -999, -999,0.171,0.002,0.596,0.003,0.869,0.004,0.760,0.003,-0.130,0.004 
 10671227,19362411+4759363 ,12.31, 0,2,-999.00, 2.40, 0.01, -999, -999,0.132,0.001,0.609,0.004,0.856,0.005,0.776,0.004,0.548,0.013 
 10671402,19364018+4759053 ,10.72, 0,0,-999.00, 2.60, 0.01, -999, -999,0.171,0.003,0.649,0.002,0.880,0.003,0.739,0.002,0.575,0.004 
 10675052,19420737+4755072 ,12.46, 0,1,-999.00, 3.06, 0.01, -999, -999,0.185,0.002,0.598,0.008,0.868,0.011,0.778,0.010,0.565,0.003 
 10683647,19523217+4758463 ,10.18, 0,2,-999.00, 2.46, 0.01, -999, -999, -999, -999, -999, -999, -999, -999, -999, -999, -999, -999 
 10684837,19535439+4756543 ,10.64, 0,2,-999.00, 2.86, 0.01, -999, -999, -999, -999, -999, -999, -999, -999, -999, -999, -999, -999 
 10685794,19545990+4758492 ,11.85, 6,0,-999.00, 2.82, 0.01, -999, -999,0.289,0.001,0.755,0.005,0.897,0.008,0.689,0.007,0.601,0.009 
 10686930,19561813+4755148 ,12.39, 0,2,-999.00, 3.32, 0.04, -999, -999,0.224,0.001,0.615,0.002,0.877,0.003,0.733,0.003,0.609,0.004 
 10709799,18454285+4800452 ,10.82, 0,0,-999.00, 2.46, 0.01,0.862,0.380,0.177,0.002,0.537,0.002,0.879,0.003,0.798,0.003,0.617,0.003 
 10711145,18483913+4804360 ,11.66, 0,2,-999.00, 2.43, 0.01,0.127,0.349,0.162,0.001,0.689,0.003,0.900,0.004,0.750,0.004,0.619,0.005 
 10711154,18484092+4802514 ,11.50, 0,2,-999.00, 2.57, 0.01,0.421,0.375,0.168,0.002,0.626,0.003,0.890,0.003,0.787,0.003,0.630,0.005 
 10711484,18492281+4804063 ,10.62, 0,2,-999.00, 2.50, 0.01,0.711,0.358,0.163,0.001,0.637,0.003,0.887,0.004,0.796,0.004,0.626,0.003 
 10718491,19043294+4803072 ,11.38, 0,0,-999.00, 2.60, 0.01,1.189,0.444, -999, -999, -999, -999, -999, -999, -999, -999, -999, -999 
 10721900,19115116+4804232 ,11.63, 0,2,-999.00, 2.46, 0.01, -999, -999,0.066,0.001,0.613,0.006,0.846,0.009,0.784,0.008,0.558,0.009 
 10722175,19122333+4803442 , 9.51, 0,1,-999.00, 2.96, 0.01,0.446,0.625,0.167,0.001,0.576,0.002,0.867,0.003,0.800,0.003,0.601,0.004 
 10723388,19143140+4801082 ,11.48, 0,2,-999.00, 2.40, 0.01,0.718,0.431,0.160,0.001,0.645,0.004,0.874,0.005,0.754,0.004,0.559,0.005 
 10724027,19153988+4802041 ,11.38, 0,2,-999.00, 2.40, 0.01, -999, -999,0.144,0.002,0.663,0.005,0.874,0.006,0.743,0.006,0.572,0.007 
 10724620,19164536+4803141 ,11.85, 0,2,-999.00, 2.54, 0.01, -999, -999,0.171,0.001,0.726,0.005,0.881,0.006,0.719,0.006,0.594,0.008 
 10724735,19165659+4803155 ,12.48, 0,2,-999.00, 2.58, 0.01,1.599,0.513,0.138,0.002,0.582,0.003,0.854,0.003,0.765,0.003,0.540,0.004 
 10727789,19215836+4800588 ,11.94, 0,2,-999.00, 3.15, 0.01,0.375,0.393,0.159,0.003,0.689,0.006,0.895,0.005,0.754,0.004,0.637,0.006 
 10728179,19223498+4805343 , 9.66, 0,2,-999.00, 2.48, 0.01,0.767,0.391,0.135,0.001,0.684,0.002,0.884,0.004,0.742,0.004,0.560,0.004 
 10732526,19293058+4805143 ,11.78, 0,0,-999.00, 2.71, 0.01, -999, -999,0.146,0.001,0.554,0.003,0.856,0.005,0.789,0.005,0.554,0.005 
 10733897,19314334+4805497 ,12.03, 0,0,-999.00, 2.57, 0.01, -999, -999, -999, -999,0.536,0.005,0.858,0.006,0.789,0.006,0.561,0.006 
 10735077,19333656+4803151 ,12.31, 2,2, 70.00, 2.37, 0.01, -999, -999,0.222,0.006,0.583,0.006,0.860,0.008,0.757,0.009,0.565,0.011 
 10735926,19345257+4804280 ,11.04, 0,2,-999.00, 2.47, 0.01, -999, -999,0.165,0.002,0.693,0.003,0.883,0.003,0.726,0.003,0.569,0.004 
 10736390,19353947+4805008 ,10.54, 2,2,107.00, 2.77, 0.01, -999, -999,0.218,0.001,0.690,0.002,0.877,0.003,0.728,0.003,0.573,0.004 
 10736591,19355522+4800063 ,10.22, 4,0,-999.00, 2.42, 0.01, -999, -999,0.175,0.001,0.629,0.007,0.863,0.009,0.760,0.009,0.565,0.004 
 10742794,19442946+4800415 ,11.81, 2,0, 99.60, 2.38, 0.01,0.786,0.389,0.155,0.001,0.654,0.006,0.886,0.008,0.764,0.008,0.562,0.022 
 10743092,19445265+4805136 ,11.61, 0,1,-999.00, 2.17, 0.01,0.324,0.378,0.142,0.001,0.675,0.002,0.896,0.003,0.771,0.003,0.576,0.003 
 10743515,19452640+4802189 ,11.74, 0,0,-999.00, 2.57, 0.01,1.314,0.453,0.124,0.002,0.634,0.003,0.876,0.004,0.803,0.004,0.607,0.005 
 10745554,19474735+4800540 ,11.74, 0,2,-999.00, 2.85, 0.01,0.122,0.354,0.168,0.006,0.695,0.005,0.882,0.006,0.717,0.006,0.667,0.004 
 10745775,19480076+4804497 , 9.86, 0,2,-999.00, 2.47, 0.01, -999, -999, -999, -999, -999, -999, -999, -999, -999, -999, -999, -999 
 10747240,19493873+4803407 ,11.58, 0,2,-999.00, 2.47, 0.01, -999, -999,0.136,0.002,0.670,0.003,0.864,0.004,0.757,0.004,0.566,0.003 
 10749112,19513511+4804007 ,11.70, 0,1,-999.00, 2.59, 0.01, -999, -999,0.184,0.001,0.649,0.003,0.895,0.005,0.754,0.005,0.601,0.004 
 10753962,19563508+4801004 ,11.81, 0,2,-999.00, 2.92, 0.01, -999, -999,0.199,0.001,0.671,0.004,0.875,0.006,0.712,0.006,0.552,0.005 
 10776256,18455623+4806494 ,11.46, 0,0,-999.00, 3.20, 0.01,0.240,0.350,0.236,0.001,0.625,0.004,0.897,0.005,0.760,0.005,0.637,0.006 
 10777816,18493004+4808458 ,11.48, 0,1,-999.00, 3.25, 0.01, -999, -999,0.198,0.001,0.604,0.002,0.884,0.003,0.753,0.003,0.606,0.002 
 10778969,18515439+4809330 ,11.87, 0,2,-999.00, 2.48, 0.01,0.634,0.383, -999, -999, -999, -999, -999, -999, -999, -999, -999, -999 
 10779177,18522037+4811460 ,11.64, 4,0,-999.00, 3.30, 0.01,0.436,0.347,0.216,0.001,0.640,0.003,0.903,0.004,0.761,0.003,0.659,0.013 
 10779537,18530978+4811090 ,12.12, 0,1,-999.00, 3.24, 0.01,-0.304,0.373,0.226,0.002,0.554,0.004,0.870,0.005,0.796,0.005,0.616,0.003 
 10789202,19135560+4807515 ,10.31, 0,0,-999.00, 2.54, 0.01,-0.448,0.502,0.150,0.001,0.571,0.006,0.853,0.007,0.799,0.007,0.564,0.008 
 10790415,19160774+4811440 , 8.48, 0,2,-999.00, 2.48, 0.01, -999, -999, -999, -999, -999, -999, -999, -999, -999, -999, -999, -999 
 10792801,19201496+4811546 ,12.39, 0,1,-999.00, 2.55, 0.01, -999, -999,0.146,0.001,0.659,0.007,0.892,0.009,0.769,0.011,0.607,0.011 
 10792949,19202827+4811539 ,10.06, 0,2,-999.00, 2.56, 0.01, -999, -999,0.126,0.003,0.605,0.004,0.846,0.006,0.782,0.007,0.542,0.008 
 10793771,19213869+4809014 ,10.27, 0,1,-999.00, 2.81, 0.01,0.460,0.529,0.116,0.001,0.620,0.005,0.862,0.006,0.768,0.006,0.555,0.007 
 10793872,19214782+4807332 ,11.60, 0,1,-999.00, 3.18, 0.01,0.328,0.401,0.169,0.002,0.549,0.004,0.903,0.007,0.769,0.007,0.607,0.006 
 10793890,19215064+4810114 , 9.95, 2,2,130.00, 2.98, 0.01,0.297,0.457,0.187,0.002,0.697,0.003,0.887,0.004,0.726,0.003,0.580,0.005 
 10794838,19232854+4806226 ,10.42, 0,2,-999.00, 2.44, 0.01, -999, -999,0.298,0.004,0.693,0.002,0.880,0.003,0.739,0.003,0.596,0.005 
 10796378,19255883+4809224 ,11.94, 0,0,-999.00, 2.53, 0.01,0.285,0.374,0.157,0.001,0.651,0.004,0.897,0.006,0.736,0.005,0.597,0.005 
 10796857,19264357+4807193 ,12.44, 0,1,-999.00, 2.86, 0.01, -999, -999,0.152,0.001,0.703,0.005,0.920,0.007,0.712,0.006,0.620,0.005 
 10799530,19311194+4811228 ,11.64, 0,2,-999.00, 2.48, 0.01, -999, -999,0.102,0.006,0.639,0.003,0.865,0.003,0.781,0.003,0.561,0.006 
 10801063,19333700+4807422 ,10.38, 0,1,-999.00, 3.22, 0.01, -999, -999,0.182,0.004,0.584,0.005,0.895,0.006,0.745,0.006, -999, -999 
 10802837,19361964+4806379 , 9.84, 0,2,-999.00, 2.67, 0.01, -999, -999, -999, -999, -999, -999, -999, -999, -999, -999, -999, -999 
 10809277,19452660+4811406 ,11.02, 0,0,-999.00, 2.44, 0.01,1.001,0.389,0.143,0.003,0.621,0.004,0.853,0.006,0.784,0.006,0.538,0.005 
 10809457,19454018+4810074 ,11.55, 0,2,-999.00, 2.47, 0.01,0.731,0.398,0.141,0.002,0.657,0.008,0.879,0.012,0.770,0.011,0.551,0.007 
 10811720,19481664+4807140 ,11.87, 3,0,110.00, 2.51, 0.01, -999, -999,0.212,0.002,0.682,0.004,0.879,0.006,0.731,0.005,0.568,0.006 
 10812837,19493046+4807352 , 9.23, 0,2,-999.00, 2.68, 0.01,0.760,0.438, -999, -999, -999, -999, -999, -999, -999, -999, -999, -999 
 10813264,19495963+4809084 ,12.18, 2,2,125.00, 2.95, 0.01, -999, -999,0.243,0.001,0.706,0.006,0.888,0.008,0.718,0.006,0.618,0.007 
 10815461,19522832+4811435 ,12.31, 0,0,-999.00, 2.59, 0.01, -999, -999,0.169,0.003,0.576,0.011,0.897,0.013,0.768,0.013,0.593,0.012 
 10816214,19531723+4806297 ,11.45, 0,2,-999.00, 2.58, 0.01, -999, -999,0.167,0.002,0.661,0.009,0.872,0.012,0.755,0.010,0.563,0.008 
 10816748,19535103+4806154 ,11.72, 0,0,-999.00, 2.42, 0.01, -999, -999,0.164,0.003,0.628,0.010,0.883,0.011,0.768,0.010,0.616,0.013 
 10817660,19545379+4810101 ,10.88, 0,2,-999.00, 2.60, 0.01, -999, -999, -999, -999, -999, -999, -999, -999, -999, -999, -999, -999 
 10842231,18464037+4816449 ,11.32, 0,2,-999.00, 2.48, 0.01, -999, -999,0.148,0.001,0.594,0.003,0.857,0.005,0.787,0.004,0.570,0.006 
 10842958,18482140+4816442 ,10.66, 0,2,-999.00, 2.40, 0.01, -999, -999, -999, -999, -999, -999, -999, -999, -999, -999, -999, -999 
 10847321,18593933+4814098 ,11.76, 0,1,-999.00, 2.75, 0.01,1.318,0.427,0.141,0.001,0.560,0.004,0.853,0.005,0.772,0.005,0.548,0.003 
 10848618,19023097+4813496 ,10.57, 0,2,-999.00, 2.41, 0.01,0.741,0.577,0.167,0.002,0.649,0.003,0.879,0.005,0.783,0.004,0.591,0.008 
 10849499,19042591+4813575 ,11.72, 0,1,-999.00, 3.02, 0.01,-0.172,0.420,0.193,0.003,0.627,0.005,0.898,0.008,0.729,0.007,0.618,0.007 
 10849541,19043241+4817060 ,11.62, 0,1,-999.00, 2.23, 0.01,-0.150,0.447,0.144,0.002,0.575,0.002,0.888,0.003,0.784,0.003,0.591,0.003 
 10854564,19150161+4814442 ,11.00, 0,2,-999.00, 2.40, 0.01,-0.643,0.421,0.169,0.001,0.768,0.005,0.916,0.006,0.726,0.006,0.615,0.002 
 10857579,19203078+4815427 ,12.20, 0,0,-999.00, 2.40, 0.01, -999, -999,0.152,0.001,0.658,0.004,0.906,0.005,0.731,0.004,0.597,0.006 
 10857623,19203434+4817042 ,12.41, 0,0,-999.00, 2.13, 0.01, -999, -999,0.089,0.002,0.616,0.005,0.874,0.006,0.743,0.006,0.544,0.008 
 10857953,19211543+4816325 ,10.54, 0,2,-999.00, 2.42, 0.01,1.403,0.442,0.135,0.002,0.598,0.003,0.862,0.004,0.778,0.003,0.576,0.004 
 10858331,19220109+4812396 ,11.64, 0,2,-999.00, 2.35, 0.01,0.239,0.403,0.139,0.001,0.674,0.003,0.900,0.004,0.750,0.003,0.594,0.003 
 10858520,19222264+4816144 ,11.91, 0,0,-999.00, 2.43, 0.01,0.531,0.514,0.146,0.001,0.574,0.003,0.852,0.004,0.781,0.004,0.575,0.005 
 10858675,19224038+4812166 ,12.24, 0,1,-999.00, 2.86, 0.01,0.699,0.456,0.204,0.001,0.612,0.002,0.895,0.005,0.767,0.005,0.604,0.004 
 10859779,19244413+4817090 ,11.68, 0,0,-999.00, 2.82, 0.01,1.306,0.469,0.177,0.001,0.553,0.004,0.868,0.003,0.783,0.002,0.606,0.003 
 10859941,19250055+4817509 ,11.09, 0,2,-999.00, 2.39, 0.01,0.471,0.395,0.153,0.002,0.678,0.007,0.886,0.006,0.759,0.005,0.608,0.004 
 10860146,19252279+4816429 ,12.18, 0,1,-999.00, 2.27, 0.01,0.846,0.473,0.159,0.001,0.605,0.006,0.858,0.009,0.781,0.008,0.557,0.006 
 10860202,19252971+4817309 ,11.54, 0,0,-999.00, 2.43, 0.01,-0.206,0.382,0.249,0.001,0.603,0.009,0.875,0.004,0.757,0.004,0.589,0.004 
 10861387,19272861+4815030 ,11.25, 2,1, 68.00, 3.24, 0.01, -999, -999,0.239,0.001,0.660,0.002,0.883,0.003,0.723,0.003,0.627,0.004 
 10864656,19330772+4817092 ,12.18, 4,0,-999.00, 3.34, 0.01, -999, -999,0.176,0.001,0.587,0.011,0.884,0.011,0.748,0.010,0.582,0.012 
 10864711,19331464+4816148 ,10.85, 0,0,-999.00, 2.55, 0.01, -999, -999,0.180,0.001,0.603,0.027,0.878,0.043,0.779,0.046,0.603,0.040 
 10866415,19355962+4817304 ,11.02, 0,1,-999.00, 2.89, 0.01, -999, -999,0.198,0.002,0.590,0.009,0.876,0.011,0.759,0.012,0.573,0.013 
 10866694,19362512+4817342 ,11.90, 2,0,117.00, 2.40, 0.01, -999, -999,0.157,0.002,0.579,0.005,0.852,0.009,0.757,0.007,0.527,0.007 
 10873444,19454826+4812241 ,10.26, 0,0,-999.00, 2.67, 0.01,0.874,0.433,0.145,0.007,0.690,0.005,0.872,0.008,0.770,0.006,0.554,0.006 
 10879372,19531271+4815435 ,10.14, 0,2,-999.00, 2.40, 0.01, -999, -999, -999, -999, -999, -999, -999, -999, -999, -999, -999, -999 
 10880958,19551232+4817344 ,10.56, 0,2,-999.00, 2.42, 0.01, -999, -999, -999, -999, -999, -999, -999, -999, -999, -999, -999, -999 
 10881810,19561757+4812225 ,11.37, 0,1,-999.00, 3.09, 0.01,0.470,0.436, -999, -999, -999, -999, -999, -999, -999, -999, -999, -999 
 10903016,18462587+4819529 ,11.74, 0,0,-999.00, 2.31, 0.01, -999, -999,0.178,0.009,0.664,0.006,0.887,0.009,0.773,0.007,0.618,0.006 
 10903247,18470805+4822177 ,12.49, 0,1,-999.00, 2.55, 0.01, -999, -999, -999, -999,0.595,0.006,0.881,0.008,0.743,0.006,0.721,0.007 
 10903291,18471556+4820444 ,11.79, 0,2,-999.00, 2.44, 0.01, -999, -999, -999, -999, -999, -999, -999, -999, -999, -999, -999, -999 
 10903874,18490224+4822195 ,12.24, 0,1,-999.00, 3.18, 0.01, -999, -999,0.183,0.002,0.606,0.021,0.883,0.024,0.707,0.022,0.594,0.009 
 10904520,18504877+4818414 ,12.21, 0,1,-999.00, 2.92, 0.01, -999, -999,0.156,0.010,0.606,0.005,0.878,0.007,0.711,0.006,0.581,0.031 
 10905767,18543419+4822018 ,12.43, 0,1,-999.00, 3.05, 0.01,-0.072,0.384,0.155,0.002,0.623,0.015,0.898,0.019,0.757,0.020,0.647,0.004 
 10907188,18583715+4823371 ,12.38, 2,2, 35.00, 2.37, 0.02,-0.385,0.375,0.269,0.001,0.674,0.003,0.884,0.004,0.765,0.004,0.611,0.025 
 10907196,18583782+4822494 ,11.50, 0,2,-999.00, 2.56, 0.01,0.737,0.354,0.152,0.001,0.672,0.004,0.878,0.006,0.763,0.006,0.575,0.005 
 10907410,18591190+4822500 ,12.08, 0,1,-999.00, 2.80, 0.01,1.364,0.481,0.069,0.003, -999, -999,0.842,0.007,0.803,0.007,0.519,0.008 
 10908111,19010283+4822583 ,12.12, 1,0, 13.57,-999.00,-999.00,-0.968,0.386,0.335,0.002,0.607,0.007,0.888,0.015,0.782,0.014,0.683,0.009 
 10908442,19015304+4821150 ,10.20, 0,2,-999.00, 2.48, 0.01,-0.165,0.567,0.154,0.001,0.685,0.004,0.880,0.005,0.745,0.005,0.568,0.006 
 10910674,19072960+4823496 ,11.15, 0,0,-999.00, 2.46, 0.01,0.726,0.414, -999, -999, -999, -999, -999, -999, -999, -999, -999, -999 
 10910802,19074810+4820421 ,11.68, 0,2,-999.00, 2.25, 0.01, -999, -999, -999, -999, -999, -999, -999, -999, -999, -999, -999, -999 
 10910839,19075397+4822585 ,11.79, 0,2,-999.00, 2.54, 0.01,0.316,0.396,0.161,0.003,0.652,0.009,0.879,0.007,0.750,0.009,0.584,0.009 
 10910889,19080097+4818597 ,11.85, 0,2,-999.00, 2.58, 0.01,1.449,0.532,0.160,0.003,0.573,0.005,0.856,0.009,0.802,0.009,0.575,0.007 
 10916867,19203948+4822058 ,12.32, 0,2,-999.00, 2.40, 0.01, -999, -999,0.138,0.002,0.689,0.003,0.877,0.005,0.746,0.004,0.565,0.006 
 10916980,19205299+4823427 ,12.41, 0,2,-999.00, 2.50, 0.01, -999, -999,0.152,0.002,0.728,0.005,0.894,0.006,0.755,0.005,0.605,0.008 
 10918731,19243350+4823327 ,11.64, 0,2,-999.00, 2.57, 0.01,1.642,0.489,0.118,0.002,0.581,0.004,0.854,0.005,0.772,0.004,0.555,0.005 
 10920746,19284360+4822321 ,11.78, 0,1,-999.00, 3.32, 0.01, -999, -999,0.210,0.001,0.685,0.007,0.900,0.009,0.700,0.008,0.606,0.010 
 10922167,19311901+4822074 ,11.14, 3,2, 91.00, 2.85, 0.01, -999, -999,0.178,0.001,0.670,0.003,0.876,0.004,0.750,0.004,0.583,0.005 
 10922821,19323498+4821380 ,11.94, 0,2,-999.00, 2.43, 0.01, -999, -999,0.143,0.001,0.576,0.003,0.846,0.004,0.769,0.003,0.545,0.004 
 10922840,19323629+4819561 ,12.42, 0,0,-999.00, 2.78, 0.01, -999, -999, -999, -999, -999, -999,0.846,0.010,0.790,0.008,0.544,0.005 
 10924652,19354337+4823165 ,12.41, 0,1,-999.00, 3.09, 0.01, -999, -999,0.141,0.002,0.539,0.007,0.869,0.005,0.762,0.004,0.562,0.009 
 10927597,19402779+4822033 ,10.81, 0,1,-999.00, 2.68, 0.01,2.071,0.434, -999, -999, -999, -999, -999, -999, -999, -999, -999, -999 
 10928042,19411051+4822168 ,12.24, 0,2,-999.00, 2.47, 0.01, -999, -999, -999, -999, -999, -999, -999, -999, -999, -999, -999, -999 
 10931578,19462509+4821073 ,12.00, 0,1,-999.00, 3.24, 0.01, -999, -999,0.159,0.002, -999, -999,0.842,0.006,0.786,0.005,0.544,0.005 
 10932270,19472391+4819239 ,12.15, 0,0,-999.00, 2.93, 0.01,1.041,0.413, -999, -999, -999, -999, -999, -999, -999, -999, -999, -999 
 10933748,19492156+4823294 ,12.33, 0,0,-999.00, 2.48, 0.01, -999, -999,0.155,0.001,0.660,0.003, -999, -999, -999, -999,0.568,0.009 
 10934588,19503337+4823249 ,12.11, 0,2,-999.00, 2.41, 0.01, -999, -999, -999, -999, -999, -999, -999, -999, -999, -999, -999, -999 
 10934758,19505004+4823478 ,10.60, 0,2,-999.00, 2.59, 0.01, -999, -999, -999, -999, -999, -999, -999, -999, -999, -999, -999, -999 
 10934929,19510631+4818491 ,11.98, 0,2,-999.00, 2.42, 0.01, -999, -999,0.151,0.002,0.589,0.006,0.852,0.010,0.773,0.010,0.551,0.008 
 10935853,19523172+4818406 ,11.56, 2,2, 66.00, 2.71, 0.01, -999, -999,0.237,0.001,0.673,0.005,0.883,0.004,0.728,0.004,0.612,0.004 
 10937722,19550623+4821281 ,12.46, 0,0,-999.00, 2.52, 0.01, -999, -999,0.150,0.002,0.648,0.003,0.891,0.006,0.758,0.006,0.595,0.006 
 10960400,18511959+4828191 ,12.45, 0,1,-999.00, 2.57, 0.01, -999, -999,0.201,0.001,0.686,0.005,0.904,0.007,0.753,0.006,0.619,0.006 
 10960424,18512405+4825443 ,11.13, 0,2,-999.00, 2.52, 0.01, -999, -999,0.163,0.002,0.677,0.005,0.873,0.005,0.752,0.004,0.571,0.004 
 10960798,18523663+4824137 ,12.22, 0,2,-999.00, 2.70, 0.01, -999, -999,0.228,0.002,0.562,0.003,0.868,0.004,0.786,0.003,0.587,0.004 
 10961390,18542185+4825379 ,11.66, 0,2,-999.00, 2.40, 0.01, -999, -999,0.150,0.002, -999, -999,0.857,0.006,0.820,0.005,0.577,0.005 
 10964584,19030356+4826449 ,11.71, 0,0,-999.00, 2.40, 0.01,0.226,0.448, -999, -999, -999, -999, -999, -999, -999, -999, -999, -999 
 10965536,19051949+4829071 ,12.08, 0,0,-999.00, 2.34, 0.01,0.330,0.478,0.195,0.001,0.616,0.004,0.878,0.005,0.743,0.004,0.577,0.004 
 10966241,19071222+4825381 ,12.31, 0,0,-999.00, 2.92, 0.01,0.254,0.388,0.185,0.000,0.682,0.003,0.903,0.011,0.733,0.010,0.615,0.007 
 10966458,19074692+4824360 ,10.25, 0,2,-999.00, 2.41, 0.01,0.362,0.475,0.163,0.002,0.627,0.009,0.871,0.005,0.773,0.005,0.567,0.009 
 10969616,19150715+4824160 ,11.72, 2,0,111.00, 2.39, 0.01, -999, -999,0.159,0.002,0.629,0.006,0.886,0.008,0.766,0.007,0.593,0.007 
 10971893,19193254+4826125 ,12.10, 0,2,-999.00, 2.46, 0.01, -999, -999,0.159,0.003,0.587,0.005,0.853,0.006,0.785,0.006,0.575,0.008 
 10972627,19210591+4828339 ,11.09, 0,2,-999.00, 2.48, 0.01, -999, -999,0.149,0.002,0.608,0.013,0.854,0.016,0.776,0.014,0.572,0.015 
 10972717,19211863+4829483 ,12.42, 3,0,104.00, 2.37, 0.01,0.353,0.520,0.154,0.002,0.629,0.003,0.894,0.004,0.751,0.003,0.585,0.004 
 10972860,19214075+4826173 ,10.77, 0,2,-999.00, 2.45, 0.01,-0.043,0.442, -999, -999, -999, -999, -999, -999, -999, -999,0.747,0.008 
 10973387,19224817+4826470 , 8.92, 0,0,-999.00, 2.74, 0.01,0.581,0.390, -999, -999, -999, -999, -999, -999, -999, -999, -999, -999 
 10973854,19234712+4824408 ,11.32, 0,0,-999.00, 2.39, 0.01, -999, -999,0.152,0.001,0.577,0.004,0.859,0.006,0.778,0.005,0.578,0.004 
 10974360,19244904+4825239 ,12.34, 0,2,-999.00, 2.41, 0.01,-0.124,0.375,0.187,0.002,0.761,0.004,0.911,0.005,0.716,0.005,0.624,0.007 
 10975126,19262015+4826071 ,12.03, 0,2,-999.00, 2.39, 0.01, -999, -999,0.148,0.001,0.708,0.002,0.899,0.003,0.728,0.003,0.574,0.021 
 10977040,19300624+4827339 ,11.87, 3,2,119.00, 2.63, 0.01, -999, -999,0.177,0.001,0.679,0.003,0.888,0.004,0.717,0.004,0.594,0.003 
 10977629,19310988+4825470 ,11.56, 0,2,-999.00, 2.29, 0.01, -999, -999, -999, -999, -999, -999, -999, -999, -999, -999, -999, -999 
 10977979,19315225+4824305 ,12.43, 0,1,-999.00, 3.21, 0.01, -999, -999,0.184,0.001,0.580,0.003,0.877,0.004,0.750,0.003,0.589,0.004 
 10978085,19320395+4824539 ,12.11, 0,0,-999.00, 2.31, 0.01, -999, -999,0.153,0.001,0.733,0.003,0.898,0.004,0.730,0.003,0.592,0.004 
 10978581,19330361+4825350 ,12.35, 0,0,-999.00, 2.97, 0.01, -999, -999,0.185,0.001,0.598,0.005,0.874,0.007,0.757,0.006,0.583,0.006 
 10978646,19331066+4828075 ,10.52, 0,0,-999.00, 2.67, 0.01, -999, -999,0.313,0.003,0.694,0.002,0.882,0.004,0.737,0.003,0.589,0.003 
 10978857,19333407+4826068 ,12.15, 0,2,-999.00, 2.47, 0.01, -999, -999,0.154,0.003, -999, -999,0.839,0.003,0.783,0.003,0.530,0.003 
 10979258,19341789+4825156 ,12.09, 0,0,-999.00, 2.47, 0.01, -999, -999,0.120,0.002,0.524,0.003,0.851,0.005,0.787,0.005,0.526,0.004 
 10979742,19351228+4824311 ,11.54, 0,0,-999.00, 2.77, 0.01, -999, -999,0.135,0.001,0.533,0.008,0.850,0.011,0.791,0.012,0.541,0.013 
 10983401,19412188+4826466 ,10.62, 0,2,-999.00, 2.90, 0.01,1.207,0.352, -999, -999, -999, -999, -999, -999, -999, -999, -999, -999 
 10989210,19495042+4824502 ,10.10, 0,0,-999.00, 2.61, 0.01, -999, -999, -999, -999, -999, -999, -999, -999, -999, -999, -999, -999 
 10989961,19510013+4824006 ,12.50, 0,1,-999.00, 2.80, 0.01, -999, -999, -999, -999, -999, -999, -999, -999, -999, -999, -999, -999 
 10991271,19525961+4829298 ,11.45, 0,2,-999.00, 2.80, 0.01, -999, -999,0.187,0.002,0.707,0.005,0.867,0.019,0.730,0.014,0.558,0.006 
 10991377,19530949+4824258 ,12.12, 1,0, 15.71,-999.00,-999.00, -999, -999, -999, -999, -999, -999, -999, -999, -999, -999, -999, -999 
 10991398,19531082+4825315 , 9.68, 0,2,-999.00, 2.43, 0.01, -999, -999,0.156,0.001,0.679,0.003,0.881,0.011,0.748,0.010,0.561,0.010 
 10991673,19533719+4827429 ,11.34, 0,0,-999.00, 2.52, 0.01, -999, -999,0.165,0.002,0.610,0.005,0.871,0.005,0.774,0.005,0.581,0.027 
 10991989,19540650+4825069 ,10.28, 4,0,-999.00, 2.95, 0.01, -999, -999,0.274,0.001,0.672,0.011,0.874,0.008,0.770,0.007,0.560,0.008 
 10992345,19544044+4829516 ,10.75, 0,0,-999.00, 2.65, 0.01, -999, -999, -999, -999, -999, -999, -999, -999, -999, -999, -999, -999 
 10992711,19551185+4824200 , 9.94, 0,0,-999.00, 2.44, 0.01,0.157,0.427, -999, -999, -999, -999, -999, -999, -999, -999, -999, -999 
 11013471,18484354+4831515 ,12.28, 0,0,-999.00, 2.62, 0.01, -999, -999,0.213,0.002,0.626,0.013,0.892,0.012,0.716,0.012,0.699,0.007 
 11014468,18512777+4833261 , 8.85, 0,2,-999.00, 2.63, 0.01, -999, -999, -999, -999, -999, -999, -999, -999, -999, -999, -999, -999 
 11014721,18521171+4833576 ,12.21, 0,0,-999.00, 2.66, 0.01,-0.489,0.378,0.239,0.002,0.657,0.006,0.914,0.003,0.753,0.003,0.632,0.003 
 11015261,18535183+4831390 ,10.08, 0,2,-999.00, 2.64, 0.01,0.934,0.321,0.174,0.005,0.689,0.003,0.886,0.003,0.754,0.003,0.591,0.004 
 11018710,19025982+4834262 ,11.50, 0,0,-999.00, 2.63, 0.01,1.049,0.512,0.150,0.001,0.559,0.002,0.856,0.003,0.776,0.003,0.556,0.003 
 11018745,19030378+4832065 ,11.77, 0,2,-999.00, 2.44, 0.01, -999, -999, -999, -999, -999, -999, -999, -999, -999, -999, -999, -999 
 11018922,19032480+4832089 ,11.63, 0,2,-999.00, 2.44, 0.01,0.333,0.417, -999, -999, -999, -999, -999, -999, -999, -999, -999, -999 
 11019954,19061384+4835564 ,10.43, 0,2,-999.00, 2.45, 0.01,0.534,0.379,0.159,0.001,0.685,0.007,0.879,0.010,0.723,0.009,0.582,0.038 
 11020101,19063828+4835388 ,11.10, 2,2, 64.00, 2.96, 0.01,0.161,0.386, -999, -999, -999, -999, -999, -999, -999, -999, -999, -999 
 11020211,19065498+4830092 ,10.44, 0,1,-999.00, 2.95, 0.01,0.141,0.378, -999, -999, -999, -999, -999, -999, -999, -999, -999, -999 
 11026472,19204818+4835597 ,10.88, 0,0,-999.00, 2.88, 0.01, -999, -999, -999, -999, -999, -999, -999, -999, -999, -999, -999, -999 
 11026843,19213466+4831432 ,11.10, 0,2,-999.00, 2.40, 0.01,0.381,0.443,0.147,0.002,0.629,0.009,0.872,0.011,0.764,0.012,0.582,0.010 
 11027005,19215727+4834077 ,10.59, 0,2,-999.00, 2.61, 0.01, -999, -999,0.152,0.003,0.680,0.004,0.881,0.005,0.762,0.005,0.569,0.014 
 11027337,19224358+4833554 ,11.70, 0,0,-999.00, 2.43, 0.01,0.597,0.509,0.136,0.004,0.568,0.003,0.868,0.005,0.779,0.004,0.575,0.004 
 11028372,19245639+4834487 ,11.63, 0,1,-999.00, 2.51, 0.01,0.141,0.417,0.171,0.002,0.660,0.003,0.904,0.004,0.764,0.003,0.618,0.003 
 11028575,19252221+4834341 ,11.62, 0,2,-999.00, 2.48, 0.01,-0.646,0.355,0.185,0.001,0.701,0.002,0.885,0.002,0.738,0.002,0.597,0.003 
 11029151,19262248+4832014 ,11.94, 0,2,-999.00, 2.47, 0.01, -999, -999, -999, -999, -999, -999, -999, -999, -999, -999, -999, -999 
 11029396,19264783+4833146 ,11.82, 0,2,-999.00, 2.35, 0.01,1.837,0.521,0.125,0.002,0.559,0.021,0.869,0.025,0.786,0.023,0.593,0.016 
 11029423,19265047+4835416 , 9.48, 0,1,-999.00, 2.79, 0.01,0.963,0.421,0.148,0.001,0.541,0.003,0.874,0.004,0.774,0.004,0.585,0.004 
 11030524,19290470+4830141 ,12.18, 0,1,-999.00, 2.88, 0.01, -999, -999,0.169,0.001,0.613,0.002,0.902,0.003,0.764,0.003,0.623,0.003 
 11030582,19290975+4831353 ,12.42, 0,2,-999.00, 2.42, 0.01, -999, -999,0.143,0.001,0.599,0.004,0.866,0.005,0.769,0.006,0.529,0.015 
 11031040,19300315+4834479 ,10.96, 0,1,-999.00, 2.33, 0.01, -999, -999,0.160,0.001,0.612,0.002,0.872,0.004,0.782,0.004,0.566,0.007 
 11032660,19330781+4835392 ,11.73, 0,2,-999.00, 2.21, 0.01, -999, -999, -999, -999, -999, -999, -999, -999, -999, -999, -999, -999 
 11033302,19341938+4830259 , 9.86, 0,2,-999.00, 2.47, 0.01, -999, -999,0.174,0.001,0.692,0.013,0.879,0.007,0.731,0.006,0.558,0.009 
 11033569,19344836+4834549 ,12.27, 0,1,-999.00, 2.89, 0.01, -999, -999,0.164,0.001, -999, -999,0.836,0.008,0.794,0.008,0.527,0.003 
 11037046,19403930+4833506 ,12.47, 0,2,-999.00, 2.38, 0.01,1.856,0.528, -999, -999, -999, -999, -999, -999, -999, -999, -999, -999 
 11037219,19405702+4830122 ,10.22, 2,2,140.00, 2.97, 0.01,0.910,0.356, -999, -999, -999, -999, -999, -999, -999, -999, -999, -999 
 11037290,19410465+4833399 ,10.39, 0,2,-999.00, 2.55, 0.01,1.290,0.346, -999, -999, -999, -999, -999, -999, -999, -999, -999, -999 
 11037292,19410468+4831071 ,12.08, 0,1,-999.00, 2.14, 0.01,0.283,0.417, -999, -999, -999, -999, -999, -999, -999, -999, -999, -999 
 11037923,19420721+4831145 ,12.35, 0,0,-999.00, 2.40, 0.01,1.964,0.573, -999, -999, -999, -999, -999, -999, -999, -999, -999, -999 
 11038023,19421580+4830497 ,12.13, 0,0,-999.00, 2.39, 0.01,0.034,0.345, -999, -999, -999, -999, -999, -999, -999, -999, -999, -999 
 11038809,19432757+4834574 ,12.14, 0,1,-999.00, 3.31, 0.01, -999, -999,0.185,0.001,0.587,0.003,0.889,0.004,0.761,0.004,0.592,0.007 
 11043208,19493689+4835087 ,11.94, 0,0,-999.00, 2.64, 0.01, -999, -999,0.166,0.006,0.579,0.006,0.864,0.051,0.810,0.055,0.574,0.006 
 11043831,19503091+4831472 ,10.03, 0,2,-999.00, 2.47, 0.01, -999, -999, -999, -999, -999, -999, -999, -999, -999, -999, -999, -999 
 11043832,19503112+4835161 ,10.87, 0,0,-999.00, 2.69, 0.01, -999, -999,0.189,0.004,0.611,0.012,0.863,0.010,0.773,0.009,0.556,0.007 
 11044315,19511353+4833328 ,10.92, 0,2,-999.00, 2.70, 0.01, -999, -999, -999, -999, -999, -999, -999, -999, -999, -999, -999, -999 
 11044668,19514678+4833280 ,12.35, 4,0,-999.00, 2.61, 0.01, -999, -999, -999, -999, -999, -999, -999, -999, -999, -999, -999, -999 
 11045134,19522828+4835246 ,11.75, 2,2,121.00, 2.60, 0.01, -999, -999, -999, -999, -999, -999, -999, -999, -999, -999, -999, -999 
 11045572,19530857+4835342 ,11.25, 0,0,-999.00, 2.72, 0.01, -999, -999,0.165,0.002,0.574,0.012,0.860,0.005,0.782,0.004,0.580,0.028 
 11045656,19531555+4834104 ,10.48, 4,0,-999.00, 2.92, 0.01, -999, -999,0.200,0.002,0.710,0.010,0.894,0.005,0.753,0.004,0.573,0.004 
 11045769,19532716+4835038 ,12.47, 0,1,-999.00, 2.83, 0.01, -999, -999, -999, -999, -999, -999, -999, -999, -999, -999, -999, -999 
 11046496,19543309+4831256 , 9.79, 0,2,-999.00, 2.41, 0.01,-0.582,0.693,0.179,0.002,0.740,0.004,0.898,0.005,0.718,0.005,0.600,0.008 
 11068380,18493578+4838112 ,12.49, 0,1,-999.00, 2.80, 0.01, -999, -999,0.149,0.003,0.598,0.004,0.879,0.006,0.766,0.006,0.602,0.005 
 11068521,18495749+4841523 ,10.89, 0,2,-999.00, 2.46, 0.01, -999, -999,0.155,0.001,0.695,0.010,0.878,0.013,0.714,0.012,0.561,0.003 
 11072164,19001443+4836496 ,10.83, 0,2,-999.00, 2.44, 0.01,-1.164,0.337,0.183,0.002,0.840,0.004,0.926,0.005,0.690,0.005,0.653,0.005 
 11072334,19004144+4836005 ,10.59, 0,2,-999.00, 2.81, 0.01,0.437,0.373,0.203,0.002,0.612,0.004,0.864,0.005,0.758,0.005,0.599,0.005 
 11074543,19060646+4836249 ,11.79, 0,2,-999.00, 2.67, 0.01,0.571,0.443, -999, -999, -999, -999, -999, -999, -999, -999, -999, -999 
 11075908,19094166+4838089 ,11.75, 0,2,-999.00, 2.49, 0.01, -999, -999,0.168,0.002,0.668,0.002,0.876,0.003,0.752,0.003,0.570,0.004 
 11080027,19184030+4836579 ,11.03, 0,2,-999.00, 2.39, 0.01, -999, -999,0.235,0.004,0.734,0.010,0.902,0.012,0.734,0.011,0.642,0.012 
 11081838,19223142+4841580 ,11.91, 0,2,-999.00, 2.38, 0.01,1.144,0.530,0.129,0.001,0.604,0.007,0.852,0.008,0.782,0.007,0.562,0.008 
 11083319,19254693+4841201 ,10.54, 0,0,-999.00, 2.56, 0.01,-0.124,0.342,0.156,0.002,0.754,0.008,0.899,0.011,0.705,0.009,0.571,0.021 
 11083613,19262500+4838334 ,11.63, 0,1,-999.00, 2.86, 0.01,-0.054,0.378,0.170,0.002,0.595,0.005,0.902,0.006,0.761,0.006,0.596,0.006 
 11083701,19263562+4839035 ,11.79, 0,2,-999.00, 2.40, 0.01,1.566,0.429,0.124,0.002,0.621,0.007,0.864,0.010,0.768,0.008,0.552,0.010 
 11084022,19271652+4839094 ,11.40, 0,0,-999.00, 2.56, 0.01, -999, -999,0.143,0.001,0.602,0.002,0.870,0.003,0.771,0.003,0.565,0.003 
 11084620,19282804+4841381 ,11.74, 0,0,-999.00, 2.32, 0.01, -999, -999,0.115,0.001, -999, -999,0.823,0.005,0.794,0.004,0.506,0.003 
 11085809,19304781+4837168 ,11.73, 0,2,-999.00, 2.48, 0.01, -999, -999,0.156,0.001,0.677,0.003,0.886,0.004,0.729,0.003,0.615,0.005 
 11086673,19323343+4838421 ,12.39, 0,1,-999.00, 2.99, 0.01, -999, -999,0.145,0.001,0.562,0.003,0.866,0.002,0.778,0.002,0.565,0.003 
 11086949,19330676+4836522 ,12.42, 0,1,-999.00, 3.04, 0.01, -999, -999, -999, -999, -999, -999, -999, -999, -999, -999, -999, -999 
 11087027,19331420+4841507 ,10.88, 2,0, 30.50, 2.43, 0.16, -999, -999,0.343,0.001,0.705,0.002,0.926,0.003,1.135,0.003,0.655,0.004 
 11087371,19335280+4836440 , 9.79, 0,1,-999.00, 3.07, 0.01, -999, -999,0.206,0.001,0.528,0.002,0.846,0.003,0.777,0.003,0.576,0.003 
 11087963,19345756+4839306 ,12.35, 0,2,-999.00, 2.55, 0.01, -999, -999,0.243,0.001,0.622,0.004,0.863,0.010,0.741,0.010,0.542,0.004 
 11090395,19391133+4838293 ,11.47, 0,2,-999.00, 2.48, 0.01,0.181,0.364, -999, -999, -999, -999, -999, -999, -999, -999, -999, -999 
 11090673,19393991+4836531 ,11.63, 8,2,-999.00,-999.00,-999.00, -999, -999, -999, -999, -999, -999, -999, -999, -999, -999, -999, -999 
 11090674,19394005+4836594 ,11.58, 0,1,-999.00, 3.23, 0.01, -999, -999, -999, -999, -999, -999, -999, -999, -999, -999, -999, -999 
 11091260,19404365+4841002 ,12.35, 0,0,-999.00, 2.57, 0.01,1.638,0.475, -999, -999, -999, -999, -999, -999, -999, -999, -999, -999 
 11091445,19410291+4841151 ,12.36, 0,1,-999.00, 3.20, 0.01,1.103,0.345,0.197,0.003,0.640,0.004,0.901,0.019,0.750,0.020,0.612,0.023 
 11097752,19503616+4837040 ,12.12, 0,1,-999.00, 3.07, 0.01, -999, -999, -999, -999, -999, -999, -999, -999, -999, -999, -999, -999 
 11126465,19025210+4842352 ,12.41, 2,2, 35.50, 2.35, 0.01,-0.321,0.442,0.273,0.001,0.613,0.004,0.864,0.007,0.744,0.007,0.571,0.019 
 11126673,19032139+4847102 , 9.68, 0,0,-999.00, 2.65, 0.01,0.714,0.553, -999, -999, -999, -999, -999, -999, -999, -999, -999, -999 
 11126721,19032841+4845265 ,12.14, 0,0,-999.00, 2.38, 0.01, -999, -999, -999, -999, -999, -999,0.828,0.011,0.801,0.011,0.528,0.004 
 11127105,19042303+4843556 ,12.20, 0,1,-999.00, 3.20, 0.01,0.936,0.448,0.164,0.002,0.510,0.005,0.859,0.008,0.762,0.007,0.570,0.008 
 11127586,19053776+4843064 ,11.85, 0,1,-999.00, 2.82, 0.01,0.078,0.399, -999, -999, -999, -999, -999, -999, -999, -999, -999, -999 
 11128910,19092163+4846563 ,11.11, 0,2,-999.00, 2.47, 0.01,0.170,0.440,0.167,0.002,0.680,0.008,0.878,0.012,0.739,0.014,0.569,0.008 
 11129153,19095361+4846325 ,11.54, 2,2, 50.00, 2.35, 0.01,0.249,0.439,0.182,0.003,0.583,0.003,0.878,0.008,0.723,0.008,0.549,0.012 
 11129191,19095785+4846315 ,12.40, 0,1,-999.00, 2.82, 0.01,-0.097,0.520, -999, -999, -999, -999, -999, -999, -999, -999, -999, -999 
 11133969,19195188+4845218 , 9.52, 2,2, 70.00, 2.37, 0.01, -999, -999, -999, -999, -999, -999, -999, -999, -999, -999, -999, -999 
 11134405,19204031+4846489 ,10.41, 0,2,-999.00, 2.57, 0.01, -999, -999,0.148,0.002,0.646,0.004,0.866,0.010,0.766,0.009,0.583,0.006 
 11134982,19220044+4847321 , 9.91, 0,1,-999.00, 2.93, 0.01,1.171,0.386,0.146,0.002,0.582,0.006,0.857,0.011,0.761,0.010,0.567,0.030 
 11135168,19222544+4843447 ,11.83, 0,2,-999.00, 2.56, 0.01,0.444,0.431,0.155,0.002,0.675,0.004,0.861,0.006,0.728,0.005,0.554,0.006 
 11135286,19224384+4845217 ,11.41, 0,2,-999.00, 2.47, 0.01,1.241,0.476,0.131,0.003,0.578,0.003,0.845,0.004,0.787,0.004,0.548,0.005 
 11135978,19240992+4843049 ,12.33, 4,0,-999.00, 2.44, 0.01,-0.243,0.464,0.160,0.002,0.700,0.005,0.885,0.007,0.742,0.007,0.563,0.006 
 11136139,19243217+4845413 ,11.96, 0,0,-999.00, 2.47, 0.01,0.141,0.448,0.155,0.001,0.630,0.003,0.884,0.003,0.762,0.004,0.584,0.004 
 11136338,19245472+4844386 ,10.02, 0,0,-999.00, 2.31, 0.01,0.321,0.404,0.152,0.001,0.648,0.003,0.889,0.004,0.748,0.004,0.565,0.002 
 11136578,19252675+4847519 ,11.89, 0,1,-999.00, 2.87, 0.01,0.324,0.377,0.161,0.001,0.555,0.003,0.861,0.004,0.757,0.003,0.567,0.006 
 11136854,19260135+4842580 ,10.94, 0,2,-999.00, 2.89, 0.01,0.121,0.337,0.184,0.001,0.707,0.005,0.871,0.006,0.721,0.005,0.567,0.003 
 11138375,19290723+4842357 ,11.73, 0,2,-999.00, 2.44, 0.01, -999, -999,0.145,0.002,0.628,0.002,0.846,0.007,0.728,0.007,0.538,0.005 
 11141358,19350499+4846001 ,11.51, 0,2,-999.00, 2.35, 0.01, -999, -999,0.145,0.001,0.677,0.004,0.899,0.004,0.725,0.003,0.589,0.005 
 11145563,19421036+4845550 ,11.78, 0,2,-999.00, 2.39, 0.01,0.805,0.345, -999, -999, -999, -999, -999, -999, -999, -999, -999, -999 
 11145672,19422021+4847282 ,11.95, 0,2,-999.00, 2.70, 0.01,0.976,0.358,0.174,0.001,0.683,0.007,0.894,0.004,0.739,0.003,0.568,0.010 
 11146152,19425889+4846276 ,11.13, 0,0,-999.00, 2.41, 0.01,1.483,0.404,0.139,0.002,0.566,0.003,0.846,0.005,0.784,0.005,0.527,0.004 
 11146230,19430627+4843443 ,10.53, 0,2,-999.00, 2.42, 0.01,0.149,0.390, -999, -999, -999, -999, -999, -999, -999, -999, -999, -999 
 11146520,19432844+4846528 ,12.42, 1,0, 34.00,-999.00,-999.00, -999, -999, -999, -999, -999, -999, -999, -999, -999, -999, -999, -999 
 11146647,19433937+4847181 ,11.67, 0,0,-999.00, 2.38, 0.01,1.089,0.418, -999, -999, -999, -999, -999, -999, -999, -999, -999, -999 
 11146813,19435374+4842309 ,12.01, 2,1,164.00, 3.20, 0.01,0.762,0.372, -999, -999, -999, -999, -999, -999, -999, -999, -999, -999 
 11147717,19451197+4844271 ,12.18, 0,0,-999.00, 2.22, 0.01,0.004,0.409,0.152,0.001,0.699,0.003,0.894,0.004,0.745,0.004,0.570,0.004 
 11147785,19451793+4846592 ,12.45, 0,1,-999.00, 2.62, 0.01,-0.092,0.403,0.152,0.001,0.616,0.003,0.906,0.004,0.764,0.004,0.603,0.004 
 11151753,19510107+4845121 ,11.43, 0,2,-999.00, 2.68, 0.01, -999, -999,0.175,0.002,0.702,0.003,0.876,0.005,0.731,0.005,0.577,0.004 
 11152048,19513085+4845157 ,12.08, 0,2,-999.00, 2.47, 0.01, -999, -999, -999, -999, -999, -999, -999, -999, -999, -999, -999, -999 
 11152753,19523831+4843390 ,11.48, 0,2,-999.00, 2.55, 0.01, -999, -999,0.135,0.002,0.669,0.005,0.861,0.021,0.741,0.020,0.546,0.007 
 11152823,19524379+4847328 ,10.36, 0,2,-999.00, 2.54, 0.01,0.724,0.385, -999, -999, -999, -999, -999, -999, -999, -999, -999, -999 
 11153026,19530259+4843270 ,11.83, 0,2,-999.00, 2.48, 0.01, -999, -999, -999, -999, -999, -999, -999, -999, -999, -999, -999, -999 
 11153898,19542298+4843270 ,12.35, 0,1,-999.00, 3.06, 0.01, -999, -999, -999, -999, -999, -999, -999, -999, -999, -999, -999, -999 
 11153989,19543050+4842339 ,11.72, 0,0,-999.00, 2.48, 0.01,1.307,0.606, -999, -999,0.531,0.007,0.875,0.009,0.761,0.007,0.606,0.018 
 11175619,18503310+4852541 ,10.49, 0,2,-999.00, 2.35, 0.01, -999, -999, -999, -999, -999, -999, -999, -999, -999, -999, -999, -999 
 11175907,18513024+4852320 ,11.57, 2,2,128.00, 2.52, 0.01,-0.652,0.352,0.161,0.002,0.669,0.005,0.877,0.006,0.722,0.006,0.593,0.008 
 11176016,18515043+4849403 , 8.40, 3,0,129.00, 2.40, 0.01,0.986,0.383, -999, -999, -999, -999, -999, -999, -999, -999, -999, -999 
 11176222,18523013+4852503 ,12.42, 0,1,-999.00, 2.89, 0.01,1.174,0.485,0.146,0.002,0.556,0.008,0.869,0.010,0.765,0.009,0.588,0.008 
 11177727,18570482+4853424 ,11.52, 0,0,-999.00, 2.39, 0.01,0.478,0.501,0.164,0.001,0.594,0.003,0.878,0.005,0.770,0.004,0.593,0.004 
 11177729,18570497+4852286 ,11.61, 0,2,-999.00, 2.46, 0.01,0.068,0.462,0.092,0.002,0.686,0.005,0.888,0.006,0.743,0.006,0.588,0.006 
 11177749,18571019+4848067 ,10.90, 0,2,-999.00, 2.43, 0.01,0.468,0.471,0.137,0.001,0.624,0.006,0.869,0.007,0.775,0.008,0.569,0.007 
 11178396,18590205+4853311 ,11.69, 0,2,-999.00, 2.37, 0.01,0.100,0.397,0.159,0.003,0.738,0.006,0.896,0.008,0.708,0.008,0.562,0.037 
 11179815,19024750+4850053 ,10.40, 0,2,-999.00, 2.47, 0.01,0.854,0.394, -999, -999, -999, -999, -999, -999, -999, -999, -999, -999 
 11180468,19041642+4850142 ,10.38, 0,0,-999.00, 2.61, 0.01,0.640,0.503,0.168,0.002,0.576,0.006,0.854,0.008,0.773,0.007,0.570,0.006 
 11188067,19220808+4850043 ,11.01, 0,2,-999.00, 2.49, 0.01,0.969,0.461,0.156,0.002,0.587,0.004,0.856,0.005,0.769,0.004,0.561,0.005 
 11188192,19222335+4853586 ,11.05, 0,1,-999.00, 3.25, 0.01,0.855,0.420,0.184,0.002,0.532,0.004,0.885,0.005,0.786,0.004,0.628,0.003 
 11189432,19251700+4851067 ,11.82, 0,1,-999.00, 2.63, 0.01,1.041,0.432,0.146,0.002,0.565,0.021,0.866,0.027,0.760,0.026,0.554,0.023 
 11190322,19271026+4852047 ,11.97, 0,1,-999.00, 2.64, 0.01,1.165,0.584,0.195,0.001,0.529,0.004,0.852,0.005,0.783,0.005,0.553,0.007 
 11190768,19280730+4848144 ,11.71, 0,1,-999.00, 3.28, 0.01, -999, -999,0.170,0.003,0.539,0.002,0.873,0.002,0.771,0.002,0.592,0.003 
 11191444,19293125+4848253 ,11.23, 0,0,-999.00, 2.33, 0.01, -999, -999,0.141,0.002,0.528,0.002,0.863,0.003,0.764,0.002,0.569,0.002 
 11191557,19294437+4848422 ,10.96, 0,2,-999.00, 2.76, 0.01, -999, -999,0.162,0.001,0.703,0.007,0.875,0.010,0.750,0.008,0.562,0.011 
 11196317,19383886+4853393 ,12.13, 0,1,-999.00, 3.27, 0.01,1.119,0.387, -999, -999,0.564,0.008,0.881,0.012,0.769,0.009,0.579,0.003 
 11196963,19394853+4850333 ,12.14, 0,0,-999.00, 2.27, 0.01,0.341,0.414,0.157,0.001,0.623,0.005,0.879,0.006,0.768,0.006,0.545,0.011 
 11197101,19400580+4853316 ,10.15, 0,2,-999.00, 2.38, 0.01,0.854,0.382, -999, -999, -999, -999, -999, -999, -999, -999, -999, -999 
 11197457,19404363+4852560 ,11.53, 0,2,-999.00, 2.52, 0.01,0.967,0.349,0.146,0.002,0.638,0.004,0.869,0.006,0.761,0.005,0.530,0.006 
 11199105,19432236+4848110 ,11.62, 0,0,-999.00, 2.40, 0.01,2.143,0.497,0.149,0.001, -999, -999,0.826,0.003,0.793,0.003,0.527,0.004 
 11199783,19442439+4852593 ,11.47, 0,2,-999.00, 2.58, 0.01, -999, -999,0.147,0.005,0.637,0.004,0.868,0.007,0.751,0.008,0.531,0.002 
 11200291,19451193+4850433 ,12.34, 0,2,-999.00, 2.45, 0.01,1.103,0.553,0.151,0.003,0.682,0.002,0.889,0.010,0.738,0.010,0.560,0.006 
 11200573,19454086+4852191 ,11.77, 0,2,-999.00, 2.43, 0.01,1.281,0.431,0.128,0.002,0.631,0.005,0.870,0.004,0.752,0.004,0.551,0.010 
 11200680,19454824+4853297 ,12.23, 0,0,-999.00, 2.50, 0.01,-0.342,0.381, -999, -999, -999, -999, -999, -999, -999, -999, -999, -999 
 11204531,19512705+4848102 ,10.74, 0,1,-999.00, 2.53, 0.01, -999, -999, -999, -999, -999, -999, -999, -999, -999, -999, -999, -999 
 11228549,18501571+4854194 ,10.97, 0,2,-999.00, 2.65, 0.01, -999, -999, -999, -999,0.653,0.007,0.956,0.006,0.771,0.006,0.659,0.004 
 11228554,18501625+4854462 ,11.74, 0,2,-999.00, 2.50, 0.01, -999, -999,0.152,0.002,0.713,0.003,0.886,0.004,0.753,0.004,0.609,0.007 
 11228617,18502591+4856310 ,12.21, 0,1,-999.00, 2.60, 0.01, -999, -999,0.132,0.001,0.554,0.003,0.866,0.008,0.773,0.007,0.596,0.009 
 11228759,18505006+4857098 ,11.47, 0,0,-999.00, 2.48, 0.01, -999, -999,0.172,0.001,0.592,0.003,0.870,0.003,0.792,0.003,0.597,0.003 
 11229188,18515997+4857479 ,12.35, 0,0,-999.00, 2.14, 0.01,-0.412,0.348,0.194,0.001,0.775,0.004,0.916,0.006,0.711,0.005,0.621,0.003 
 11230630,18561007+4854290 ,11.98, 0,2,-999.00, 2.39, 0.01,0.770,0.425,0.141,0.001,0.665,0.008,0.877,0.014,0.768,0.012,0.584,0.012 
 11230715,18562339+4858247 ,12.28, 0,1,-999.00, 3.18, 0.01,-0.049,0.382,0.185,0.002,0.618,0.005,0.914,0.006,0.757,0.007,0.641,0.006 
 11231549,18584464+4857075 ,10.96, 0,1,-999.00, 2.38, 0.01,1.004,0.397,0.172,0.002,0.540,0.007,0.861,0.010,0.780,0.010,0.560,0.009 
 11231992,19000374+4859004 ,10.81, 3,0,155.00, 2.92, 0.01,0.300,0.379,0.194,0.002,0.691,0.004,0.883,0.005,0.709,0.005,0.561,0.006 
 11232225,19003958+4858122 ,11.77, 0,2,-999.00, 2.41, 0.01,1.668,0.446, -999, -999, -999, -999, -999, -999, -999, -999, -999, -999 
 11232325,19005306+4856134 ,12.20, 0,2,-999.00, 2.69, 0.01,1.988,0.542, -999, -999, -999, -999, -999, -999, -999, -999, -999, -999 
 11234533,19060431+4856470 ,12.33, 0,2,-999.00, 2.39, 0.01,-0.268,0.414, -999, -999, -999, -999, -999, -999, -999, -999, -999, -999 
 11234897,19070178+4859293 , 9.27, 0,0,-999.00, 2.69, 0.01,0.240,0.382, -999, -999, -999, -999, -999, -999, -999, -999, -999, -999 
 11235672,19090264+4854349 , 8.87, 0,2,-999.00, 2.79, 0.01,0.499,0.365, -999, -999, -999, -999, -999, -999, -999, -999, -999, -999 
 11236536,19111866+4854599 ,11.06, 0,0,-999.00, 2.54, 0.01,0.800,0.424,0.153,0.002,0.644,0.005,0.867,0.006,0.786,0.007,0.575,0.006 
 11237133,19123731+4854419 ,12.11, 0,2,-999.00, 2.44, 0.01,0.096,0.448,0.130,0.003,0.667,0.011,0.891,0.013,0.756,0.016,0.589,0.008 
 11241473,19213290+4858224 ,12.45, 0,0,-999.00, 2.74, 0.01, -999, -999,0.157,0.001,0.598,0.004,0.886,0.006,0.760,0.005,0.602,0.006 
 11241927,19223498+4859542 , 9.51, 0,0,-999.00, 2.31, 0.01,1.043,0.451, -999, -999, -999, -999, -999, -999, -999, -999, -999, -999 
 11242268,19231959+4856260 ,12.23, 0,0,-999.00, 2.39, 0.01,0.034,0.419,0.170,0.002,0.740,0.007,0.893,0.011,0.727,0.009,0.569,0.011 
 11242934,19245079+4854033 ,12.15, 0,2,-999.00, 2.41, 0.01,0.965,0.499, -999, -999, -999, -999, -999, -999, -999, -999, -999, -999 
 11243054,19250642+4857054 ,12.03, 0,2,-999.00, 2.47, 0.01,0.546,0.407,0.148,0.002,0.679,0.004,0.889,0.005,0.742,0.005,0.542,0.005 
 11243349,19254696+4857576 ,11.36, 0,0,-999.00, 2.57, 0.01,1.038,0.416,0.136,0.001,0.603,0.003,0.870,0.004,0.788,0.004,0.560,0.004 
 11244855,19285242+4854399 ,11.76, 0,2,-999.00, 2.47, 0.01, -999, -999,0.156,0.002,0.687,0.003,0.883,0.004,0.754,0.003,0.576,0.004 
 11245225,19293576+4857241 ,12.25, 0,2,-999.00, 2.45, 0.01, -999, -999,0.166,0.001,0.731,0.004,0.899,0.005,0.736,0.004,0.595,0.005 
 11245234,19293679+4858231 ,12.14, 0,2,-999.00, 2.41, 0.01, -999, -999,0.138,0.001,0.637,0.004,0.865,0.005,0.769,0.004,0.549,0.005 
 11247049,19331236+4854457 ,11.09, 0,2,-999.00, 2.45, 0.01, -999, -999,0.136,0.001,0.636,0.010,0.864,0.013,0.745,0.011,0.558,0.002 
 11249981,19381790+4857453 , 9.76, 0,1,-999.00, 2.74, 0.01, -999, -999,0.158,0.001,0.561,0.003,0.842,0.003,0.784,0.003,0.543,0.015 
 11250010,19382011+4859555 ,12.30, 0,2,-999.00, 2.50, 0.01, -999, -999, -999, -999, -999, -999, -999, -999, -999, -999, -999, -999 
 11250139,19383260+4857283 ,10.73, 0,1,-999.00, 2.51, 0.01,0.417,0.407,0.139,0.001,0.599,0.004,0.898,0.010,0.774,0.012,0.573,0.006 
 11250152,19383445+4854587 ,11.77, 0,0,-999.00, 2.39, 0.01,0.635,0.396,0.149,0.001,0.628,0.005,0.869,0.004,0.763,0.004,0.576,0.008 
 11250488,19390946+4859158 ,11.19, 0,0,-999.00, 2.29, 0.01,1.015,0.389,0.145,0.002,0.618,0.000,0.878,0.010,0.781,0.011,0.551,0.004 
 11251115,19402079+4857182 , 7.88, 0,2,-999.00, 2.65, 0.01,1.278,0.344, -999, -999, -999, -999, -999, -999, -999, -999, -999, -999 
 11251136,19402247+4854010 ,11.45, 0,0,-999.00, 2.37, 0.01,1.224,0.385,0.135,0.002,0.595,0.008,0.864,0.008,0.789,0.007,0.526,0.009 
 11251622,19411135+4854379 ,12.39, 0,1,-999.00, 2.80, 0.01, -999, -999,0.131,0.003,0.544,0.005,0.865,0.004,0.781,0.004,0.584,0.005 
 11251837,19413490+4857561 ,10.64, 0,0,-999.00, 2.35, 0.01,1.604,0.451,0.141,0.002,0.562,0.003,0.858,0.006,0.796,0.006,0.520,0.005 
 11252233,19421475+4854397 ,11.69, 0,2,-999.00, 2.41, 0.01,1.862,0.420, -999, -999, -999, -999, -999, -999, -999, -999,0.665,0.014 
 11252303,19422053+4857471 ,12.37, 4,0,-999.00, 3.03, 0.01,-0.376,0.356,0.212,0.001,0.634,0.010,0.892,0.014,0.759,0.015,0.598,0.005 
 11252437,19423208+4856290 ,11.09, 0,2,-999.00, 2.33, 0.01,0.997,0.385,0.117,0.003,0.593,0.004,0.859,0.004,0.792,0.004,0.529,0.011 
 11252706,19425474+4855219 ,11.69, 0,2,-999.00, 2.54, 0.01,0.275,0.352,0.182,0.002,0.675,0.003,0.870,0.011,0.741,0.011,0.589,0.003 
 11253076,19432684+4856210 ,10.14, 2,0, 88.00, 2.36, 0.01,0.188,0.425, -999, -999, -999, -999, -999, -999, -999, -999, -999, -999 
 11254566,19453126+4858404 ,12.46, 0,2,-999.00, 2.49, 0.01,1.017,0.474,0.226,0.001,0.632,0.007,0.874,0.008,0.776,0.006,0.572,0.009 
 11260279,19540116+4855568 ,12.35, 0,2,-999.00, 2.40, 0.01,-0.520,0.449,0.161,0.004,0.712,0.005,0.895,0.003,0.745,0.004,0.589,0.008 
 11282332,18510224+4900576 ,12.33, 0,0,-999.00, 2.59, 0.01, -999, -999,0.139,0.002,0.644,0.003,0.886,0.009,0.732,0.008,0.574,0.004 
 11282383,18511176+4903317 ,11.62, 0,1,-999.00, 2.79, 0.01,1.501,0.449, -999, -999, -999, -999,0.837,0.004,0.796,0.004,0.575,0.004 
 11284760,18581445+4901055 ,12.03, 0,2,-999.00, 2.44, 0.01,0.699,0.448, -999, -999, -999, -999, -999, -999, -999, -999, -999, -999 
 11285650,19005590+4905481 ,12.19, 0,1,-999.00, 2.88, 0.01, -999, -999, -999, -999, -999, -999, -999, -999, -999, -999, -999, -999 
 11287012,19041856+4903428 ,12.23, 0,1,-999.00, 2.88, 0.01, -999, -999, -999, -999, -999, -999, -999, -999, -999, -999, -999, -999 
 11287679,19055802+4901113 ,11.15, 0,2,-999.00, 2.58, 0.01,0.068,0.425, -999, -999,0.728,0.006,0.885,0.025,0.732,0.023,0.590,0.010 
 11287936,19064188+4905109 ,10.59, 0,0,-999.00, 2.62, 0.01, -999, -999, -999, -999, -999, -999, -999, -999, -999, -999, -999, -999 
 11289128,19095233+4901406 ,11.19, 2,2, 39.00, 2.38, 0.01,-0.961,0.394,0.180,0.002,0.763,0.002,0.912,0.005,0.715,0.005,0.604,0.027 
 11289335,19102806+4902583 ,11.65, 0,2,-999.00, 2.46, 0.01,0.791,0.473,0.139,0.001,0.597,0.004,0.851,0.006,0.776,0.006,0.537,0.007 
 11289515,19105482+4900003 ,11.37, 2,0, 56.00, 2.35, 0.01,0.095,0.449,0.184,0.001,0.606,0.003,0.870,0.006,0.737,0.006,0.562,0.006 
 11289615,19110961+4904423 ,10.12, 2,2, 78.00, 2.93, 0.01,-0.544,0.581,0.200,0.002,0.706,0.006,0.893,0.007,0.722,0.007,0.596,0.007 
 11289822,19114558+4900317 ,10.70, 0,0,-999.00, 2.76, 0.01,1.729,0.485, -999, -999, -999, -999, -999, -999, -999, -999, -999, -999 
 11293804,19202329+4901222 ,11.46, 0,1,-999.00, 2.43, 0.01,-0.158,0.473,0.135,0.002,0.561,0.009,0.869,0.005,0.773,0.006,0.572,0.010 
 11294195,19211885+4902283 ,10.91, 0,2,-999.00, 2.50, 0.01,0.407,0.432,0.150,0.001,0.672,0.004,0.878,0.006,0.763,0.005,0.611,0.005 
 11294409,19215022+4901330 ,12.21, 0,2,-999.00, 2.41, 0.01, -999, -999,0.129,0.003,0.620,0.002,0.870,0.002,0.759,0.002,0.568,0.011 
 11295350,19235767+4902582 ,12.08, 0,0,-999.00, 2.32, 0.01,0.891,0.463, -999, -999, -999, -999, -999, -999, -999, -999, -999, -999 
 11295720,19244408+4905045 ,12.21, 0,1,-999.00, 2.64, 0.01,0.567,0.456,0.158,0.002,0.599,0.004,0.881,0.006,0.784,0.005,0.592,0.004 
 11295851,19245919+4904405 ,11.26, 0,2,-999.00, 2.90, 0.01,-0.757,0.378,0.190,0.002,0.703,0.004,0.889,0.006,0.729,0.005,0.598,0.008 
 11296211,19254981+4901424 ,11.88, 0,1,-999.00, 2.43, 0.01,-0.185,0.379,0.122,0.001,0.624,0.014,0.902,0.017,0.772,0.015,0.599,0.017 
 11298371,19301724+4901582 ,10.26, 0,2,-999.00, 2.47, 0.01, -999, -999,0.100,0.002,0.616,0.004,0.863,0.004,0.783,0.004,0.557,0.005 
 11298561,19304193+4905158 ,11.77, 0,2,-999.00, 2.49, 0.01, -999, -999,0.131,0.001,0.632,0.007,0.863,0.010,0.771,0.007,0.554,0.009 
 11298714,19310148+4903065 ,11.15, 0,1,-999.00, 2.70, 0.01, -999, -999,0.138,0.002, -999, -999,0.843,0.005,0.808,0.005,0.548,0.004 
 11298776,19310927+4901234 ,10.14, 0,0,-999.00, 2.51, 0.01, -999, -999, -999, -999, -999, -999, -999, -999, -999, -999, -999, -999 
 11299941,19332527+4905240 ,11.95, 0,2,-999.00, 2.35, 0.01, -999, -999,0.135,0.001, -999, -999,0.836,0.009,0.784,0.009,0.518,0.007 
 11302791,19383069+4901109 , 9.84, 0,2,-999.00, 2.54, 0.01,1.038,0.447,0.152,0.002,0.615,0.005,0.852,0.005,0.785,0.005,0.528,0.012 
 11305250,19424145+4900432 ,11.23, 0,2,-999.00, 2.90, 0.01,1.033,0.331,0.179,0.001,0.681,0.004,0.888,0.005,0.738,0.005,0.565,0.006 
 11307599,19460997+4900577 ,11.54, 0,2,-999.00, 2.47, 0.01,0.283,0.407, -999, -999, -999, -999, -999, -999, -999, -999, -999, -999 
 11308295,19470600+4901232 ,10.62, 0,1,-999.00, 3.25, 0.01,0.387,0.356,0.248,0.001,0.652,0.006,0.890,0.003,0.740,0.003,0.600,0.003 
 11308660,19473927+4900441 ,10.91, 0,2,-999.00, 2.47, 0.01,0.989,0.396,0.162,0.001,0.611,0.003,0.863,0.005,0.759,0.004,0.546,0.005 
 11308784,19475132+4903336 ,11.45, 0,1,-999.00, 2.70, 0.01,0.310,0.383,0.193,0.002,0.626,0.005,0.888,0.006,0.744,0.005,0.585,0.004 
 11309182,19483187+4904017 ,12.24, 0,1,-999.00, 3.12, 0.01,0.435,0.389,0.214,0.001,0.629,0.002,0.898,0.002,0.756,0.002,0.617,0.006 
 11309403,19485268+4903524 ,12.42, 0,1,-999.00, 2.55, 0.01,0.014,0.407, -999, -999, -999, -999, -999, -999, -999, -999, -999, -999 
 11336656,18550270+4906586 ,12.26, 0,0,-999.00, 2.40, 0.01,-0.106,0.415,0.139,0.001,0.615,0.005,0.881,0.006,0.775,0.005,0.577,0.005 
 11337714,18580773+4911455 ,10.08, 0,2,-999.00, 2.50, 0.01,1.639,0.460, -999, -999, -999, -999, -999, -999, -999, -999, -999, -999 
 11337843,18582884+4906187 ,11.46, 0,0,-999.00, 2.31, 0.01,-1.272,0.386,0.157,0.001,0.651,0.003,0.875,0.004,0.740,0.003,0.568,0.013 
 11337883,18583500+4906208 , 9.61, 0,1,-999.00, 3.10, 0.01,0.855,0.356,0.161,0.005,0.609,0.007,0.875,0.009,0.749,0.008,0.591,0.004 
 11338267,18593993+4910183 ,11.90, 0,0,-999.00, 2.31, 0.01,0.839,0.428, -999, -999, -999, -999, -999, -999, -999, -999, -999, -999 
 11339000,19013400+4908307 ,11.85, 0,2,-999.00, 2.50, 0.01,0.910,0.437,0.159,0.002,0.644,0.003,0.866,0.004,0.754,0.003,0.544,0.005 
 11340165,19042456+4907335 ,11.75, 0,0,-999.00, 2.43, 0.01, -999, -999,0.146,0.002,0.678,0.004,0.879,0.006,0.739,0.005,0.568,0.005 
 11341723,19082771+4907265 ,10.79, 2,2, 40.50, 2.37, 0.01, -999, -999,0.208,0.003,0.682,0.012,0.895,0.017,0.730,0.018,0.595,0.013 
 11342308,19100488+4906440 ,12.39, 0,1,-999.00, 2.73, 0.01,-2.193,0.451, -999, -999, -999, -999, -999, -999, -999, -999, -999, -999 
 11342694,19110062+4906529 , 9.86, 0,1,-999.00, 2.78, 0.01,0.735,0.413,0.157,0.002,0.520,0.006,0.867,0.007,0.823,0.007,0.567,0.011 
 11349014,19242403+4911273 ,11.64, 0,2,-999.00, 2.39, 0.01,0.422,0.426,0.155,0.002,0.695,0.006,0.903,0.008,0.741,0.008,0.581,0.008 
 11349490,19252793+4909210 ,11.98, 0,1,-999.00, 3.04, 0.01,0.670,0.373,0.172,0.002,0.600,0.005,0.885,0.005,0.769,0.005,0.621,0.008 
 11351140,19285530+4911281 ,10.86, 0,2,-999.00, 2.42, 0.01, -999, -999,0.158,0.001,0.698,0.005,0.894,0.006,0.745,0.005,0.596,0.007 
 11352446,19314166+4906270 , 8.30, 0,2,-999.00, 2.88, 0.01, -999, -999, -999, -999, -999, -999, -999, -999, -999, -999, -999, -999 
 11352756,19321900+4910477 ,10.96, 0,2,-999.00, 2.37, 0.01, -999, -999,0.134,0.002,0.585,0.004,0.866,0.006,0.774,0.005,0.556,0.003 
 11353313,19332127+4908031 ,11.92, 0,1,-999.00, 3.03, 0.01, -999, -999,0.203,0.001,0.690,0.002,0.908,0.003,0.745,0.003,0.639,0.004 
 11357004,19400222+4907463 ,10.36, 0,1,-999.00, 2.31, 0.01,0.602,0.384, -999, -999, -999, -999, -999, -999, -999, -999, -999, -999 
 11357686,19411627+4909596 ,11.79, 0,0,-999.00, 2.66, 0.01,1.802,0.408, -999, -999, -999, -999, -999, -999, -999, -999, -999, -999 
 11357931,19414361+4907441 ,11.43, 0,2,-999.00, 2.47, 0.01,1.158,0.357, -999, -999, -999, -999, -999, -999, -999, -999, -999, -999 
 11358607,19425146+4911542 ,12.12, 0,2,-999.00, 2.44, 0.01,0.479,0.379,0.147,0.001,0.676,0.002,0.890,0.004,0.741,0.003,0.588,0.004 
 11358669,19425925+4911303 , 9.76, 0,1,-999.00, 2.91, 0.01,1.368,0.394,0.149,0.001,0.569,0.030,0.864,0.043,0.753,0.031,0.569,0.004 
 11358755,19430565+4907303 ,11.46, 0,0,-999.00, 2.47, 0.01,1.122,0.392, -999, -999, -999, -999, -999, -999, -999, -999, -999, -999 
 11358810,19431057+4909109 ,12.34, 0,2,-999.00, 2.47, 0.01,0.542,0.364,0.194,0.002,0.738,0.005,0.907,0.006,0.724,0.005,0.603,0.040 
 11359175,19434435+4907121 ,11.61, 0,2,-999.00, 2.46, 0.01,0.851,0.374,0.159,0.001,0.660,0.003,0.871,0.004,0.780,0.003,0.583,0.007 
 11360886,19461811+4906040 ,11.06, 0,0,-999.00, 2.58, 0.01,0.118,0.392, -999, -999, -999, -999, -999, -999, -999, -999, -999, -999 
 11361765,19473596+4907029 ,10.83, 0,1,-999.00, 2.93, 0.01,0.223,0.361,0.197,0.001,0.649,0.005,0.894,0.006,0.757,0.006,0.609,0.005 
 11362947,19492178+4911401 ,11.99, 0,2,-999.00, 2.79, 0.01,0.838,0.447, -999, -999, -999, -999, -999, -999, -999, -999, -999, -999 
 11391047,18593596+4912597 ,11.40, 0,1,-999.00, 3.26, 0.01,0.275,0.396, -999, -999, -999, -999, -999, -999, -999, -999, -999, -999 
 11394905,19093999+4913392 ,11.37, 0,2,-999.00, 2.50, 0.01,-0.038,0.381,0.149,0.001,0.686,0.004,0.907,0.006,0.740,0.005,0.602,0.006 
 11395200,19102422+4916163 ,12.47, 0,2,-999.00, 2.39, 0.01,-0.034,0.407,0.157,0.001,0.706,0.002,0.899,0.004,0.730,0.003,0.596,0.004 
 11395816,19120040+4915550 ,12.04, 0,2,-999.00, 2.42, 0.01,-0.256,0.444,0.152,0.001,0.717,0.003,0.901,0.004,0.771,0.004,0.617,0.004 
 11400830,19230026+4917067 ,12.24, 0,2,-999.00, 2.40, 0.01, -999, -999,0.352,0.002,0.696,0.006,0.877,0.007,0.726,0.007,0.545,0.010 
 11401466,19242375+4913221 ,11.35, 0,2,-999.00, 2.46, 0.01, -999, -999,0.139,0.001,0.679,0.003,0.886,0.005,0.779,0.004,0.607,0.004 
 11403437,19283303+4913232 ,11.64, 0,2,-999.00, 2.44, 0.01, -999, -999,0.144,0.001,0.646,0.004,0.872,0.006,0.772,0.005,0.573,0.006 
 11403918,19293234+4916370 ,12.18, 0,1,-999.00, 2.77, 0.01, -999, -999,0.149,0.001,0.537,0.003,0.849,0.003,0.792,0.003,0.550,0.003 
 11408237,19375391+4916443 ,11.65, 0,0,-999.00, 2.51, 0.01, -999, -999, -999, -999, -999, -999, -999, -999, -999, -999, -999, -999 
 11408704,19384199+4912464 ,12.11, 0,0,-999.00, 2.32, 0.01, -999, -999, -999, -999, -999, -999, -999, -999, -999, -999, -999, -999 
 11409529,19401335+4914581 ,11.86, 0,2,-999.00, 2.46, 0.01,1.706,0.499,0.141,0.003, -999, -999,0.839,0.007,0.795,0.007,0.571,0.044 
 11410549,19420328+4917050 ,10.40, 0,2,-999.00, 2.49, 0.01,1.988,0.376,0.153,0.001,0.635,0.002,0.871,0.005,0.771,0.005,0.589,0.012 
 11411163,19425955+4912236 ,10.46, 0,1,-999.00, 2.60, 0.01,1.003,0.398, -999, -999, -999, -999, -999, -999, -999, -999, -999, -999 
 11412190,19443458+4914428 ,12.01, 0,2,-999.00, 2.43, 0.01, -999, -999, -999, -999, -999, -999, -999, -999, -999, -999, -999, -999 
 11413138,19460251+4913014 ,11.54, 0,2,-999.00, 2.58, 0.01, -999, -999, -999, -999,0.532,0.011,0.861,0.005,0.773,0.004,0.533,0.005 
 11413158,19460458+4916004 ,10.51, 0,2,-999.00, 2.67, 0.01,0.821,0.405,0.132,0.008,0.685,0.004,0.875,0.004,0.730,0.003,0.546,0.005 
 11413393,19462529+4912393 ,12.46, 0,1,-999.00, 2.75, 0.01,0.606,0.444,0.211,0.002,0.622,0.004,0.895,0.014,0.749,0.013,0.590,0.004 
 11414700,19482168+4917037 ,11.37, 0,2,-999.00, 2.48, 0.01,1.073,0.397,0.180,0.001,0.659,0.003,0.876,0.006,0.754,0.005,0.571,0.016 
 11441797,18545366+4923255 ,11.16, 0,0,-999.00, 2.67, 0.01,0.536,0.364, -999, -999, -999, -999, -999, -999, -999, -999, -999, -999 
 11442897,18580027+4921126 ,11.69, 0,0,-999.00, 2.99, 0.01, -999, -999,0.169,0.001,0.675,0.005,0.905,0.007,0.749,0.006,0.641,0.007 
 11443139,18584348+4923267 ,11.43, 0,2,-999.00, 2.34, 0.01, -999, -999,0.151,0.002,0.738,0.004,0.901,0.004,0.710,0.004,0.585,0.004 
 11444313,19014380+4923062 ,11.31, 0,2,-999.00, 2.43, 0.01, -999, -999,0.146,0.002,0.641,0.002,0.863,0.004,0.751,0.003,0.542,0.004 
 11444676,19023615+4923482 ,10.42, 2,2,104.70, 2.95, 0.01, -999, -999, -999, -999, -999, -999, -999, -999, -999, -999, -999, -999 
 11444844,19025913+4922423 ,12.04, 0,2,-999.00, 2.41, 0.01, -999, -999, -999, -999, -999, -999, -999, -999, -999, -999, -999, -999 
 11447802,19105035+4921191 ,10.13, 0,2,-999.00, 2.55, 0.01,0.432,0.529, -999, -999, -999, -999, -999, -999, -999, -999, -999, -999 
 11450279,19163278+4918138 ,10.40, 0,0,-999.00, 2.48, 0.01,-0.097,0.421, -999, -999,0.656,0.004,0.864,0.005,0.756,0.005,0.547,0.004 
 11450315,19163562+4923122 ,11.53, 0,0,-999.00, 2.44, 0.01,0.811,0.431, -999, -999, -999, -999, -999, -999, -999, -999, -999, -999 
 11453627,19235447+4922456 ,11.41, 0,2,-999.00, 2.40, 0.01, -999, -999,0.144,0.002,0.611,0.006,0.866,0.008,0.765,0.007,0.565,0.005 
 11454275,19252068+4921236 ,10.73, 0,2,-999.00, 2.46, 0.01, -999, -999,0.189,0.002,0.619,0.007,0.873,0.006,0.768,0.006,0.557,0.007 
 11455176,19272681+4922266 ,11.51, 0,0,-999.00, 2.47, 0.01, -999, -999,0.149,0.001,0.712,0.003,0.887,0.004,0.763,0.004,0.578,0.005 
 11455925,19285991+4921302 ,11.55, 0,2,-999.00, 2.39, 0.01, -999, -999,0.148,0.001,0.677,0.004,0.890,0.007,0.757,0.005,0.584,0.006 
 11456246,19294171+4920277 ,10.47, 0,2,-999.00, 2.39, 0.01, -999, -999,0.124,0.003,0.585,0.004,0.854,0.008,0.769,0.007,0.533,0.009 
 11456449,19300850+4921276 ,11.66, 0,1,-999.00, 2.98, 0.01, -999, -999, -999, -999, -999, -999, -999, -999, -999, -999, -999, -999 
 11456735,19304347+4921105 , 9.65, 2,0,121.00, 2.88, 0.01, -999, -999,0.178,0.001,0.729,0.005,0.895,0.007,0.721,0.007,0.584,0.007 
 11461138,19390453+4921175 ,12.22, 0,2,-999.00, 2.42, 0.01, -999, -999,0.161,0.001, -999, -999,0.843,0.018,0.793,0.020,0.555,0.005 
 11462629,19414171+4918187 , 9.81, 0,2,-999.00, 2.91, 0.01,1.142,0.394, -999, -999, -999, -999, -999, -999, -999, -999, -999, -999 
 11462972,19421645+4919079 , 9.88, 0,2,-999.00, 2.54, 0.01,1.018,0.361, -999, -999, -999, -999, -999, -999, -999, -999, -999, -999 
 11463411,19425814+4918225 ,10.89, 0,2,-999.00, 2.63, 0.01,1.001,0.345,0.090,0.002,0.733,0.015,0.889,0.010,0.735,0.010,0.616,0.017 
 11465784,19464418+4920158 ,11.64, 0,2,-999.00, 2.45, 0.01,0.457,0.435,0.164,0.001,0.637,0.004,0.868,0.005,0.749,0.005,0.561,0.006 
 11465942,19470004+4919155 ,11.15, 0,1,-999.00, 2.93, 0.01,0.994,0.351,0.168,0.001,0.663,0.006,0.869,0.006,0.728,0.007,0.554,0.008 
 11468340,19504214+4920471 ,11.76, 0,2,-999.00, 2.53, 0.01, -999, -999,0.171,0.000,0.658,0.004,0.874,0.005,0.749,0.004,0.581,0.007 
 11468895,19513520+4922311 , 9.72, 0,0,-999.00, 2.39, 0.01,1.067,0.413, -999, -999, -999, -999, -999, -999, -999, -999, -999, -999 
 11468988,19514438+4918595 ,11.12, 0,1,-999.00, 2.43, 0.01,-1.486,0.409, -999, -999, -999, -999, -999, -999, -999, -999, -999, -999 
 11469401,19522406+4923093 ,11.68, 0,2,-999.00, 2.39, 0.01, -999, -999,0.223,0.002, -999, -999,0.835,0.011,0.794,0.009,0.526,0.006 
 11495084,18585595+4929413 ,11.89, 0,2,-999.00, 2.37, 0.01, -999, -999,0.158,0.001,0.594,0.004,0.867,0.004,0.752,0.004,0.557,0.012 
 11495120,18590150+4924250 , 9.53, 0,2,-999.00, 2.72, 0.01, -999, -999,0.182,0.000,0.684,0.008,0.871,0.006,0.741,0.006,0.544,0.006 
 11496569,19025133+4929261 , 9.44, 0,1,-999.00, 2.74, 0.01, -999, -999, -999, -999, -999, -999, -999, -999, -999, -999, -999, -999 
 11498178,19064868+4926334 ,11.37, 0,2,-999.00, 3.22, 0.01, -999, -999,0.190,0.001,0.618,0.007,0.882,0.009,0.756,0.009,0.606,0.012 
 11498298,19071068+4924377 ,10.59, 0,2,-999.00, 2.54, 0.01, -999, -999,0.178,0.002,0.705,0.009,0.880,0.011,0.746,0.009,0.579,0.012 
 11499428,19100103+4928499 ,11.82, 0,2,-999.00, 2.43, 0.01,-0.679,0.410,0.177,0.002,0.695,0.002,0.890,0.003,0.760,0.003,0.620,0.003 
 11502092,19161089+4926184 ,12.36, 0,2,-999.00, 2.44, 0.01,0.839,0.412,0.159,0.002,0.712,0.003,0.881,0.005,0.750,0.004,0.613,0.004 
 11502538,19165799+4925277 ,12.27, 0,2,-999.00, 2.48, 0.01,0.545,0.455,0.140,0.001,0.692,0.008,0.889,0.005,0.758,0.005,0.585,0.012 
 11506212,19250956+4928422 ,12.46, 0,0,-999.00, 2.49, 0.01, -999, -999, -999, -999, -999, -999, -999, -999, -999, -999, -999, -999 
 11506336,19252548+4929107 ,11.15, 2,1,103.00, 2.94, 0.01, -999, -999,0.304,0.002,0.635,0.004,0.894,0.038,0.766,0.034,0.671,0.047 
 11508928,19304575+4924463 , 8.88, 0,2,-999.00, 2.45, 0.01, -999, -999, -999, -999, -999, -999, -999, -999, -999, -999, -999, -999 
 11508970,19305136+4929598 ,11.35, 0,2,-999.00, 2.45, 0.01, -999, -999,0.170,0.003,0.693,0.005,0.886,0.004,0.751,0.004,0.590,0.007 
 11509277,19312830+4927317 ,11.00, 0,2,-999.00, 2.57, 0.01, -999, -999,0.151,0.002,0.636,0.004,0.853,0.005,0.776,0.005,0.567,0.004 
 11509608,19320870+4926497 ,11.73, 0,0,-999.00, 2.44, 0.01, -999, -999,0.164,0.001,0.702,0.004,0.915,0.006,0.759,0.006,0.636,0.005 
 11509792,19322887+4928357 ,10.73, 0,0,-999.00, 2.21, 0.01, -999, -999,0.147,0.001,0.652,0.004,0.873,0.005,0.768,0.004,0.552,0.004 
 11512096,19363786+4927107 ,10.30, 0,2,-999.00, 2.41, 0.01, -999, -999,0.158,0.002,0.680,0.002,0.899,0.003,0.761,0.003,0.603,0.003 
 11513798,19393990+4924073 ,11.07, 0,1,-999.00, 2.87, 0.01,1.225,0.371,0.207,0.001,0.529,0.003,0.857,0.005,0.799,0.004,0.624,0.005 
 11514322,19403701+4924193 ,11.27, 0,0,-999.00, 2.70, 0.01,1.386,0.374,0.185,0.003,0.598,0.023,0.868,0.030,0.780,0.027,0.605,0.004 
 11515424,19423078+4929529 ,12.22, 0,0,-999.00, 3.10, 0.01, -999, -999,0.206,0.002,0.593,0.003,0.877,0.004,0.761,0.004,0.610,0.033 
 11517524,19454321+4929535 ,11.34, 0,0,-999.00, 2.93, 0.01,1.128,0.365, -999, -999, -999, -999,0.816,0.005,0.762,0.005,0.508,0.005 
 11518492,19471225+4924272 ,11.21, 0,0,-999.00, 2.63, 0.01,1.361,0.389,0.166,0.002,0.615,0.005,0.869,0.005,0.809,0.005,0.583,0.006 
 11518690,19473059+4924086 ,10.43, 0,2,-999.00, 2.39, 0.01,1.308,0.387,0.293,0.001,0.644,0.004,0.871,0.008,0.767,0.007,0.560,0.005 
 11519087,19480448+4924199 ,12.26, 0,2,-999.00, 2.82, 0.01,0.135,0.377, -999, -999, -999, -999, -999, -999, -999, -999, -999, -999 
 11519405,19483294+4924231 ,12.28, 0,1,-999.00, 3.04, 0.01,0.532,0.386,0.193,0.001,0.669,0.006,0.902,0.004,0.748,0.003,0.621,0.006 
 11519991,19492463+4924039 ,10.33, 0,2,-999.00, 2.93, 0.01,0.426,0.325,0.192,0.001,0.698,0.003,0.884,0.003,0.724,0.002,0.598,0.004 
 11521155,19511529+4924267 ,12.20, 0,2,-999.00, 2.52, 0.01,1.454,0.453,0.153,0.002,0.683,0.002,0.875,0.003,0.741,0.002, -999, -999 
 11521197,19511870+4925512 ,11.50, 0,0,-999.00, 2.74, 0.01,0.477,0.400, -999, -999, -999, -999, -999, -999, -999, -999, -999, -999 
 11521352,19513387+4927313 ,11.54, 0,1,-999.00, 2.95, 0.01,-0.994,0.427,0.219,0.001,0.657,0.002,0.891,0.003,0.735,0.003,0.614,0.002 
 11521547,19515080+4924255 ,12.18, 0,2,-999.00, 2.55, 0.01,0.614,0.457,0.196,0.002,0.613,0.002,0.860,0.004,0.757,0.004,0.550,0.002 
 11521644,19520055+4925551 ,11.18, 2,0, 28.60, 2.48, 0.01,1.676,0.413,0.166,0.002,0.642,0.003,0.864,0.005,0.753,0.006,0.559,0.004 
 11521653,19520128+4926539 ,12.10, 0,1,-999.00, 3.06, 0.01,0.723,0.413, -999, -999, -999, -999, -999, -999, -999, -999, -999, -999 
 11546913,18570613+4932187 ,11.14, 0,1,-999.00, 3.17, 0.01, -999, -999,0.176,0.001,0.639,0.003,0.892,0.016,0.747,0.015,0.619,0.004 
 11547584,18590948+4930337 , 8.49, 0,2,-999.00, 2.59, 0.01, -999, -999, -999, -999, -999, -999, -999, -999, -999, -999, -999, -999 
 11548940,19025062+4932305 ,11.63, 0,0,-999.00, 2.28, 0.01, -999, -999, -999, -999, -999, -999, -999, -999, -999, -999, -999, -999 
 11548981,19025510+4935498 , 8.61, 0,2,-999.00, 2.92, 0.01, -999, -999, -999, -999, -999, -999, -999, -999, -999, -999, -999, -999 
 11550492,19065989+4932243 , 9.28, 0,1,-999.00, 2.88, 0.01, -999, -999,0.165,0.001,0.579,0.003,0.863,0.004,0.764,0.003,0.580,0.032 
 11550567,19071264+4930121 ,11.49, 0,2,-999.00, 2.49, 0.01, -999, -999,0.157,0.001,0.677,0.005,0.871,0.007,0.745,0.006,0.559,0.003 
 11551628,19101320+4930476 ,11.98, 0,2,-999.00, 2.64, 0.01,1.090,0.453,0.148,0.002,0.631,0.008,0.863,0.010,0.764,0.009,0.570,0.007 
 11551746,19103545+4933054 ,11.64, 0,2,-999.00, 2.57, 0.01,1.027,0.432,0.162,0.003,0.653,0.004,0.873,0.004,0.746,0.004,0.583,0.009 
 11554998,19180652+4935124 ,11.78, 1,0, 30.35,-999.00,-999.00,-1.196,0.420,0.685,0.001,0.580,0.004,0.866,0.005,0.910,0.005,0.742,0.006 
 11559187,19274021+4934059 ,12.38, 0,1,-999.00, 2.75, 0.01, -999, -999,0.147,0.001,0.563,0.003,0.852,0.004,0.765,0.004,0.559,0.005 
 11559263,19274981+4931045 , 9.02,26,0,-999.00, 2.85, 0.01, -999, -999,0.294,0.001,0.766,0.004,0.897,0.005,0.682,0.004,0.594,0.006 
 11559478,19281694+4932002 ,11.22, 0,2,-999.00, 2.49, 0.01, -999, -999,0.159,0.001,0.724,0.003,0.895,0.005,0.731,0.005,0.585,0.004 
 11559645,19283631+4935299 ,11.64, 0,0,-999.00, 2.33, 0.01, -999, -999,0.146,0.007,0.657,0.002,0.875,0.003,0.759,0.003,0.569,0.003 
 11559818,19285736+4934596 ,10.84, 0,0,-999.00, 2.49, 0.01, -999, -999,0.145,0.001, -999, -999,0.837,0.003,0.811,0.002,0.536,0.003 
 11560054,19292903+4932133 ,12.27, 0,2,-999.00, 2.37, 0.01, -999, -999,0.168,0.002,0.605,0.002,0.903,0.009,0.776,0.009,0.634,0.007 
 11560465,19302080+4934042 ,12.29, 0,0,-999.00, 2.68, 0.01, -999, -999,0.170,0.001,0.530,0.005,0.876,0.004,0.780,0.003,0.574,0.006 
 11560939,19311997+4934050 ,11.72, 0,1,-999.00, 3.13, 0.01, -999, -999, -999, -999, -999, -999, -999, -999, -999, -999, -999, -999 
 11560948,19312086+4934152 ,10.85, 0,0,-999.00, 2.39, 0.01, -999, -999,0.127,0.002,0.574,0.005,0.854,0.005,0.767,0.004,0.558,0.005 
 11561379,19321643+4931452 ,12.12, 0,1,-999.00, 2.88, 0.01, -999, -999,0.167,0.001,0.635,0.002,0.893,0.002,0.760,0.002,0.600,0.002 
 11563791,19365221+4935594 ,11.00, 0,0,-999.00, 2.55, 0.01, -999, -999,0.224,0.001,0.809,0.002,0.946,0.003,0.768,0.003,0.678,0.003 
 11564307,19374466+4930277 ,11.20, 0,2,-999.00, 2.47, 0.01, -999, -999,0.162,0.001,0.667,0.003,0.879,0.003,0.768,0.003,0.605,0.003 
 11564787,19383501+4933052 ,11.84, 0,2,-999.00, 2.37, 0.01,2.766,0.597, -999, -999, -999, -999,0.824,0.004,0.781,0.004,0.566,0.004 
 11566038,19404807+4933494 ,12.07, 0,0,-999.00, 2.41, 0.01,-0.907,0.350, -999, -999, -999, -999, -999, -999, -999, -999, -999, -999 
 11566466,19413366+4931288 ,12.30, 0,1,-999.00, 3.06, 0.01, -999, -999, -999, -999, -999, -999, -999, -999, -999, -999, -999, -999 
 11567392,19430504+4930581 ,12.49, 0,1,-999.00, 3.24, 0.01,0.614,0.360,0.170,0.001,0.623,0.006,0.903,0.016,0.715,0.016,0.605,0.008 
 11567563,19432192+4931535 ,11.61, 0,2,-999.00, 2.54, 0.01,1.276,0.396,0.137,0.001,0.594,0.002,0.864,0.006,0.751,0.006,0.549,0.015 
 11567572,19432356+4934101 ,11.45, 0,2,-999.00, 2.67, 0.01,1.729,0.385,0.162,0.001,0.596,0.006,0.853,0.004,0.740,0.004,0.551,0.005 
 11568605,19450175+4931542 ,10.72, 0,0,-999.00, 2.61, 0.01, -999, -999,0.159,0.003,0.580,0.005,0.856,0.008,0.787,0.008,0.559,0.007 
 11569659,19464387+4934210 ,11.51, 0,2,-999.00, 2.41, 0.01,0.204,0.415,0.168,0.001,0.697,0.004,0.891,0.005,0.756,0.004,0.578,0.010 
 11572172,19503228+4930228 ,10.75, 0,2,-999.00, 2.41, 0.01,1.130,0.386, -999, -999, -999, -999, -999, -999, -999, -999, -999, -999 
 11572989,19515869+4934211 ,10.42, 0,1,-999.00, 2.37, 0.01,-0.143,0.495, -999, -999, -999, -999, -999, -999, -999, -999, -999, -999 
 11597759,18554535+4938325 ,11.98, 2,2, 48.00, 2.37, 0.01,-0.141,0.390,0.214,0.001,0.610,0.005,0.876,0.010,0.751,0.009,0.582,0.009 
 11598312,18571765+4940387 , 9.99, 0,2,-999.00, 2.58, 0.01, -999, -999,0.185,0.002,0.700,0.002,0.886,0.005,0.751,0.004,0.568,0.030 
 11598459,18574483+4941599 ,12.27, 0,0,-999.00, 3.01, 0.01, -999, -999,0.273,0.002,0.644,0.008,0.909,0.012,0.756,0.010,0.621,0.005 
 11599067,18592954+4937576 ,11.65, 0,2,-999.00, 2.27, 0.01, -999, -999, -999, -999, -999, -999,0.825,0.004,0.835,0.004,0.541,0.006 
 11599342,19001092+4938169 ,10.29, 0,0,-999.00, 3.03, 0.01, -999, -999, -999, -999, -999, -999, -999, -999, -999, -999, -999, -999 
 11600024,19020346+4938202 , 9.12, 0,2,-999.00, 2.46, 0.01, -999, -999,0.149,0.001,0.676,0.005,0.879,0.005,0.751,0.005,0.582,0.005 
 11600208,19022922+4939352 ,11.41, 0,2,-999.00, 2.40, 0.01, -999, -999,0.197,0.006,0.736,0.003, -999, -999, -999, -999,0.604,0.006 
 11600255,19023758+4937426 ,12.32, 0,1,-999.00, 2.93, 0.01, -999, -999,0.180,0.002,0.678,0.002,0.914,0.003,0.754,0.003,0.627,0.003 
 11600413,19030418+4939499 ,10.24, 2,0, 58.50, 2.82, 0.01, -999, -999,0.246,0.001,0.720,0.005,0.891,0.009,0.727,0.008,0.612,0.006 
 11600442,19030735+4940287 , 8.85, 0,2,-999.00, 2.76, 0.01, -999, -999, -999, -999, -999, -999, -999, -999, -999, -999, -999, -999 
 11600604,19033293+4941160 ,12.30, 0,1,-999.00, 2.93, 0.01, -999, -999,0.191,0.001,0.689,0.005,0.910,0.005,0.753,0.006,0.622,0.004 
 11602793,19091653+4938340 ,12.23, 0,1,-999.00, 3.01, 0.01, -999, -999, -999, -999,0.657,0.005,0.880,0.004,0.737,0.004,0.625,0.005 
 11605129,19145948+4938529 , 9.87, 0,1,-999.00, 2.56, 0.01, -999, -999,0.143,0.002,0.641,0.005,0.880,0.009,0.782,0.008,0.578,0.009 
 11605924,19164530+4940476 ,12.11, 0,1,-999.00, 2.67, 0.01,0.653,0.471,0.095,0.004,0.557,0.005,0.868,0.007,0.795,0.006,0.629,0.006 
 11606423,19175105+4941098 ,12.15, 0,1,-999.00, 2.73, 0.01,0.232,0.472, -999, -999, -999, -999, -999, -999, -999, -999, -999, -999 
 11606451,19175437+4937423 ,11.43, 0,1,-999.00, 2.86, 0.01,0.656,0.429, -999, -999, -999, -999, -999, -999, -999, -999, -999, -999 
 11612112,19302001+4936536 ,12.36, 0,2,-999.00, 2.50, 0.01, -999, -999,0.139,0.002,0.691,0.004,0.881,0.006,0.752,0.004,0.586,0.004 
 11612171,19302760+4941468 ,11.72, 0,2,-999.00, 2.47, 0.01, -999, -999,0.137,0.001,0.622,0.006,0.853,0.008,0.764,0.008,0.540,0.007 
 11612200,19303172+4937182 ,12.17, 0,2,-999.00, 2.41, 0.01, -999, -999,0.149,0.002,0.714,0.002,0.906,0.004,0.771,0.003,0.642,0.004 
 11612603,19312566+4938210 ,11.48, 0,1,-999.00, 2.85, 0.01, -999, -999,0.198,0.001,0.578,0.006,0.868,0.009,0.781,0.007,0.572,0.008 
 11614827,19355174+4939368 ,11.52, 0,2,-999.00, 2.46, 0.01, -999, -999,0.169,0.001,0.734,0.002,0.902,0.003,0.741,0.003,0.604,0.003 
 11615224,19363394+4938350 ,10.91, 0,2,-999.00, 2.38, 0.01, -999, -999,0.163,0.002,0.641,0.005,0.877,0.008,0.778,0.007,0.600,0.007 
 11615560,19370916+4940536 ,11.99, 0,0,-999.00, 2.53, 0.01, -999, -999,0.159,0.001,0.541,0.003,0.859,0.004,0.796,0.004,0.578,0.003 
 11615617,19371580+4936463 , 9.08, 3,0,167.00, 2.94, 0.01, -999, -999,0.215,0.001,0.639,0.007,0.875,0.009,0.758,0.008,0.602,0.011 
 11615760,19373300+4938457 ,12.32, 0,2,-999.00, 2.48, 0.01, -999, -999,0.166,0.001,0.693,0.007,0.886,0.009,0.754,0.008,0.590,0.017 
 11615890,19374688+4937073 ,12.03, 0,1,-999.00, 3.16, 0.01, -999, -999,0.125,0.009,0.551,0.005,0.849,0.007,0.724,0.008,0.551,0.004 
 11615944,19375234+4941392 , 8.93, 0,2,-999.00, 2.73, 0.01, -999, -999, -999, -999, -999, -999, -999, -999, -999, -999, -999, -999 
 11616594,19385987+4939200 ,11.17,54,0,-999.00,-999.00,-999.00,-0.985,0.354,0.564,0.002,0.665,0.003,0.875,0.004,0.847,0.003,0.738,0.004 
 11617501,19403166+4938401 ,11.90, 0,1,-999.00, 2.53, 0.01,1.018,0.397,0.150,0.001,0.593,0.002,0.872,0.003,0.768,0.002,0.596,0.004 
 11617622,19404506+4940333 ,11.68, 0,2,-999.00, 2.42, 0.01,1.300,0.416, -999, -999, -999, -999, -999, -999, -999, -999, -999, -999 
 11617894,19411240+4936344 ,11.59, 0,0,-999.00, 1.96, 0.01, -999, -999, -999, -999, -999, -999, -999, -999, -999, -999, -999, -999 
 11618103,19413535+4941431 , 7.70, 0,1,-999.00, 2.95, 0.01,0.842,0.370, -999, -999, -999, -999, -999, -999, -999, -999, -999, -999 
 11618522,19421336+4939595 , 9.99, 0,2,-999.00, 2.68, 0.01,1.376,0.368,0.170,0.002,0.630,0.004,0.870,0.004,0.764,0.004,0.570,0.002 
 11621486,19463967+4939064 ,11.50, 0,0,-999.00, 2.47, 0.01,0.191,0.420, -999, -999, -999, -999, -999, -999, -999, -999, -999, -999 
 11622144,19473856+4940072 ,12.21, 0,2,-999.00, 2.52, 0.01, -999, -999, -999, -999, -999, -999, -999, -999, -999, -999, -999, -999 
 11623012,19485969+4938443 ,11.58, 0,2,-999.00, 2.46, 0.01,-0.569,0.364, -999, -999, -999, -999, -999, -999, -999, -999, -999, -999 
 11649294,18562652+4945381 ,10.02, 0,0,-999.00, 2.43, 0.01, -999, -999,0.168,0.001,0.617,0.004,0.873,0.005,0.785,0.005,0.577,0.005 
 11649869,18575991+4947290 ,12.05, 0,0,-999.00, 2.15, 0.01, -999, -999, -999, -999, -999, -999, -999, -999, -999, -999, -999, -999 
 11651457,19021279+4946055 ,10.89, 0,0,-999.00, 2.43, 0.01, -999, -999,0.174,0.001,0.813,0.002,0.926,0.004,0.703,0.003,0.645,0.005 
 11651776,19030224+4947486 ,12.47, 0,0,-999.00, 2.34, 0.01, -999, -999, -999, -999, -999, -999, -999, -999, -999, -999, -999, -999 
 11653073,19061800+4943561 ,11.39, 0,2,-999.00, 2.48, 0.01, -999, -999,0.167,0.002,0.643,0.006,0.877,0.009,0.773,0.008,0.579,0.006 
 11657684,19175551+4946243 ,11.71, 0,2,-999.00, 2.44, 0.01,0.006,0.450,0.168,0.001,0.703,0.002,0.884,0.003,0.739,0.003,0.582,0.002 
 11658270,19191603+4943201 ,11.84, 0,0,-999.00, 2.32, 0.01,0.269,0.457,0.167,0.002,0.572,0.003,0.870,0.004,0.786,0.003,0.570,0.011 
 11658322,19192380+4944597 ,10.85, 0,2,-999.00, 2.90, 0.01, -999, -999,0.152,0.001,0.687,0.002,0.875,0.003,0.728,0.002,0.561,0.003 
 11658849,19203003+4946486 ,11.75, 0,2,-999.00, 2.40, 0.01,1.001,0.448,0.131,0.002,0.674,0.002,0.880,0.003,0.755,0.003,0.575,0.003 
 11658954,19204662+4943506 , 9.57, 0,2,-999.00, 2.62, 0.01,0.983,0.412,0.138,0.001,0.623,0.005,0.847,0.004,0.780,0.004,0.569,0.004 
 11658976,19204955+4945029 ,11.86, 0,0,-999.00, 2.72, 0.01, -999, -999,0.141,0.001,0.602,0.004,0.881,0.004,0.770,0.004,0.573,0.006 
 11658986,19205063+4943576 ,12.00, 0,1,-999.00, 3.12, 0.01, -999, -999,0.166,0.002,0.571,0.005,0.876,0.007,0.765,0.008,0.578,0.004 
 11659003,19205384+4944320 ,11.25, 6,0,-999.00, 2.70, 0.01, -999, -999, -999, -999, -999, -999, -999, -999, -999, -999, -999, -999 
 11661782,19272867+4944453 ,11.14, 0,0,-999.00, 2.70, 0.01, -999, -999, -999, -999,0.869,0.008, -999, -999, -999, -999, -999, -999 
 11663151,19302132+4945412 ,11.96, 0,2,-999.00, 2.45, 0.01, -999, -999,0.138,0.002,0.695,0.003,0.888,0.004,0.745,0.005,0.613,0.004 
 11665692,19353997+4944535 , 9.22, 0,2,-999.00, 2.75, 0.01, -999, -999,0.172,0.001,0.591,0.002,0.858,0.014,0.789,0.011,0.580,0.011 
 11667799,19392877+4944290 ,12.00, 0,0,-999.00, 2.61, 0.01,1.095,0.446,0.142,0.002,0.577,0.010,0.861,0.008,0.783,0.008,0.565,0.002 
 11667928,19394196+4947514 ,10.82, 3,0,108.00, 2.39, 0.01,0.479,0.362,0.182,0.002,0.579,0.005, -999, -999, -999, -999, -999, -999 
 11668036,19395636+4945522 ,10.68, 0,2,-999.00, 2.54, 0.01,1.008,0.360, -999, -999, -999, -999, -999, -999, -999, -999, -999, -999 
 11668246,19402209+4945042 ,11.65, 0,0,-999.00, 2.52, 0.01,1.175,0.394,0.087,0.002,0.586,0.064,0.830,0.017,0.790,0.014,0.552,0.007 
 11668839,19413267+4944199 ,12.49, 0,1,-999.00, 3.10, 0.01,0.980,0.413,0.202,0.001,0.533,0.004,0.900,0.007,0.779,0.006,0.632,0.013 
 11669113,19420379+4943320 ,11.54, 0,1,-999.00, 2.28, 0.01,1.428,0.443,0.169,0.003,0.556,0.008,0.873,0.006,0.783,0.005,0.586,0.008 
 11669622,19425712+4943058 ,11.19, 0,2,-999.00, 2.45, 0.01,0.311,0.350,0.230,0.003,0.707,0.003,0.888,0.011,0.749,0.009,0.610,0.005 
 11670367,19440595+4943136 ,12.36, 2,2, 91.20, 2.39, 0.01,0.529,0.409, -999, -999, -999, -999, -999, -999, -999, -999, -999, -999 
 11670968,19450392+4946139 ,12.05, 0,1,-999.00, 2.57, 0.01,0.458,0.400,0.145,0.002,0.615,0.014,0.908,0.005,0.733,0.004,0.579,0.008 
 11673900,19493580+4946360 ,11.46, 0,2,-999.00, 2.55, 0.01,1.119,0.440, -999, -999, -999, -999, -999, -999, -999, -999, -999, -999 
 11674666,19505446+4945288 ,11.92, 0,2,-999.00, 2.43, 0.01,0.711,0.433,0.249,0.002,0.703,0.001,0.884,0.009,0.731,0.009,0.605,0.011 
 11674692,19505682+4942247 ,11.50, 0,2,-999.00, 2.85, 0.01, -999, -999,0.138,0.001,0.643,0.004,0.863,0.002,0.751,0.002,0.579,0.001 
 11674709,19505896+4942274 ,11.96, 0,0,-999.00, 2.14, 0.01, -999, -999,0.220,0.006,0.689,0.002,0.883,0.006,0.753,0.005,0.637,0.002 
 11702195,19023677+4948449 ,10.64, 0,0,-999.00, 2.63, 0.01, -999, -999,0.155,0.001,0.575,0.003,0.899,0.003,0.780,0.003,0.600,0.003 
 11702480,19031815+4950070 ,12.23, 0,0,-999.00, 2.47, 0.01, -999, -999,0.193,0.001,0.584,0.004,0.865,0.006,0.812,0.007,0.588,0.006 
 11704163,19075709+4949035 ,11.38, 0,2,-999.00, 2.57, 0.01, -999, -999,0.207,0.001,0.616,0.003,0.882,0.005,0.792,0.004,0.616,0.005 
 11706564,19135117+4951345 ,12.42, 0,0,-999.00, 2.23, 0.01, -999, -999, -999, -999, -999, -999, -999, -999, -999, -999, -999, -999 
 11707080,19145930+4948479 ,12.16, 0,1,-999.00, 3.14, 0.01, -999, -999,0.181,0.001,0.630,0.003,0.920,0.004,0.738,0.004,0.612,0.003 
 11707304,19152674+4948063 ,11.71, 0,2,-999.00, 2.45, 0.01, -999, -999,0.173,0.002,0.669,0.003,0.893,0.004,0.755,0.004,0.615,0.005 
 11707798,19163141+4949020 ,11.18, 0,2,-999.00, 2.50, 0.01,0.997,0.433, -999, -999, -999, -999, -999, -999, -999, -999, -999, -999 
 11708997,19185628+4953309 ,11.15, 0,1,-999.00, 3.20, 0.01,0.309,0.427,0.171,0.001,0.567,0.005,0.903,0.006,0.752,0.005,0.608,0.007 
 11709871,19204438+4948127 ,12.14, 0,2,-999.00, 2.41, 0.01, -999, -999,0.190,0.002,0.677,0.004,0.888,0.005,0.729,0.005,0.588,0.006 
 11710193,19212798+4951273 ,11.75, 0,2,-999.00, 2.41, 0.01, -999, -999,0.204,0.003,0.719,0.008,0.892,0.010,0.739,0.011,0.604,0.009 
 11710224,19213293+4948102 ,11.22, 0,0,-999.00, 2.95, 0.01, -999, -999,0.208,0.002,0.628,0.004,0.869,0.005,0.727,0.005,0.573,0.008 
 11713326,19283779+4952575 ,12.07, 0,2,-999.00, 2.41, 0.01, -999, -999,0.140,0.001,0.622,0.003,0.852,0.004,0.757,0.003,0.522,0.005 
 11716326,19345492+4951348 ,11.75, 0,1,-999.00, 3.26, 0.01, -999, -999, -999, -999, -999, -999, -999, -999, -999, -999, -999, -999 
 11718785,19391236+4948558 ,10.02, 0,0,-999.00, 2.33, 0.01,-0.006,0.404, -999, -999, -999, -999, -999, -999, -999, -999, -999, -999 
 11721291,19432666+4949030 ,12.33, 0,2,-999.00, 2.48, 0.01,0.764,0.372,0.146,0.002,0.683,0.004,0.880,0.006,0.731,0.005,0.571,0.004 
 11721374,19433450+4952150 ,11.16, 0,1,-999.00, 2.69, 0.01,1.588,0.397,0.126,0.002,0.543,0.005,0.860,0.007,0.777,0.006,0.563,0.007 
 11721438,19434121+4948592 ,11.75, 0,2,-999.00, 2.96, 0.01,0.627,0.359,0.196,0.001,0.649,0.005,0.873,0.008,0.742,0.006,0.568,0.006 
 11722424,19452143+4953480 ,10.82, 0,0,-999.00, 2.27, 0.01,0.718,0.397, -999, -999,0.562,0.005,0.854,0.005,0.763,0.005,0.530,0.003 
 11725034,19491937+4953554 ,11.76, 2,0, 56.70, 2.13, 0.02,-0.172,0.471, -999, -999, -999, -999, -999, -999, -999, -999, -999, -999 
 11725452,19495794+4949540 ,12.19, 0,1,-999.00, 3.05, 0.01, -999, -999, -999, -999, -999, -999, -999, -999, -999, -999, -999, -999 
 11725564,19500983+4951586 ,11.11, 2,2,106.00, 2.96, 0.01,0.911,0.349,0.190,0.003,0.657,0.005,0.875,0.007,0.729,0.006,0.569,0.015 
 11752118,19000987+4958543 ,12.14, 0,0,-999.00, 2.48, 0.01, -999, -999, -999, -999, -999, -999, -999, -999, -999, -999, -999, -999 
 11752358,19004872+4956146 ,12.19, 0,1,-999.00, 2.73, 0.01, -999, -999,0.225,0.002,0.729,0.005,0.922,0.007,0.752,0.007,0.659,0.004 
 11752707,19014887+4958530 ,11.67, 0,1,-999.00, 2.19, 0.01, -999, -999,0.164,0.002,0.639,0.004,0.900,0.006,0.802,0.005,0.608,0.015 
 11753018,19023911+4958135 ,10.85, 0,0,-999.00, 2.71, 0.01, -999, -999,0.182,0.001,0.557,0.007,0.866,0.010,0.809,0.008,0.594,0.007 
 11753211,19031217+4954291 ,12.29, 0,2,-999.00, 2.45, 0.01, -999, -999, -999, -999,0.705,0.004,0.879,0.005,0.769,0.004,0.605,0.005 
 11753722,19043322+4954121 ,11.88, 0,1,-999.00, 2.59, 0.01, -999, -999,0.152,0.004,0.580,0.005,0.893,0.009,0.766,0.007,0.604,0.005 
 11754056,19052680+4955570 ,11.75, 0,2,-999.00, 2.44, 0.01, -999, -999,0.128,0.002,0.604,0.004,0.867,0.005,0.774,0.006,0.570,0.007 
 11754082,19053086+4956388 , 9.29, 0,0,-999.00, 2.63, 0.01, -999, -999, -999, -999, -999, -999, -999, -999, -999, -999, -999, -999 
 11756686,19123467+4959085 ,12.30, 0,0,-999.00, 2.30, 0.01, -999, -999,0.137,0.002,0.703,0.007,0.886,0.009,0.760,0.008,0.593,0.003 
 11757076,19133327+4955228 ,12.35, 0,2,-999.00, 2.48, 0.01, -999, -999,0.213,0.002,0.591,0.016,0.865,0.021,0.793,0.019,0.574,0.017 
 11757206,19135166+4956321 ,12.14, 0,2,-999.00, 2.38, 0.01, -999, -999,0.148,0.002, -999, -999,0.835,0.026,0.818,0.026,0.544,0.022 
 11757739,19150837+4958395 ,11.19, 0,2,-999.00, 2.49, 0.01, -999, -999,0.152,0.001,0.685,0.010,0.887,0.006,0.732,0.006,0.567,0.012 
 11757910,19153026+4954554 ,12.14, 0,1,-999.00, 2.33, 0.01, -999, -999,0.161,0.003,0.625,0.009,0.884,0.014,0.749,0.011,0.568,0.014 
 11758055,19154854+4959528 ,11.47, 0,0,-999.00, 2.26, 0.01, -999, -999,0.144,0.002,0.618,0.007,0.867,0.009,0.748,0.008,0.567,0.010 
 11758140,19160154+4954514 ,11.74, 0,0,-999.00, 2.80, 0.01, -999, -999,0.153,0.002,0.609,0.006,0.886,0.006,0.774,0.007,0.619,0.006 
 11758710,19171753+4957082 ,11.52, 0,0,-999.00, 2.64, 0.01, -999, -999,0.171,0.005,0.577,0.004,0.854,0.005,0.770,0.005,0.551,0.005 
 11759220,19182532+4955464 ,12.06, 0,1,-999.00, 2.31, 0.01, -999, -999,0.194,0.002, -999, -999,0.865,0.006,0.812,0.005,0.598,0.004 
 11759700,19193008+4958433 ,11.79, 0,0,-999.00, 2.90, 0.01, -999, -999,0.178,0.006,0.618,0.005,0.866,0.007,0.778,0.007,0.591,0.008 
 11759860,19194944+4957366 ,10.65, 0,2,-999.00, 2.51, 0.01, -999, -999, -999, -999, -999, -999, -999, -999, -999, -999, -999, -999 
 11760319,19205156+4958285 ,11.81, 0,1,-999.00, 2.29, 0.01, -999, -999,0.170,0.002,0.701,0.005,0.898,0.005,0.745,0.005,0.591,0.004 
 11763919,19291266+4957417 ,10.24, 0,2,-999.00, 2.48, 0.01, -999, -999, -999, -999, -999, -999, -999, -999, -999, -999, -999, -999 
 11764270,19295751+4954425 ,11.52, 0,2,-999.00, 2.43, 0.01, -999, -999,0.156,0.001,0.621,0.005,0.874,0.010,0.797,0.010,0.591,0.011 
 11764438,19301789+4955036 ,10.12, 0,2,-999.00, 2.41, 0.01, -999, -999,0.145,0.004,0.613,0.005,0.882,0.007,0.801,0.007,0.614,0.013 
 11767058,19353487+4955086 ,10.53, 0,2,-999.00, 2.66, 0.01, -999, -999,0.156,0.002,0.702,0.004,0.880,0.004,0.749,0.004,0.571,0.004 
 11768149,19372858+4959148 ,11.95, 0,1,-999.00, 3.35, 0.01, -999, -999,0.203,0.002,0.542,0.006,0.858,0.026,0.789,0.026,0.636,0.005 
 11768570,19381598+4954311 ,12.11, 0,2,-999.00, 2.46, 0.01, -999, -999,0.158,0.002,0.641,0.003,0.872,0.004,0.760,0.004,0.580,0.013 
 11768621,19382209+4956499 ,12.46, 0,2,-999.00, 2.47, 0.01, -999, -999,0.179,0.004,0.698,0.006,0.900,0.009,0.750,0.006,0.604,0.004 
 11768640,19382405+4956026 ,12.32, 0,2,-999.00, 2.44, 0.01, -999, -999,0.167,0.003,0.699,0.005,0.894,0.006,0.744,0.008,0.579,0.008 
 11769182,19391990+4957013 ,10.60, 0,0,-999.00, 2.54, 0.01,0.215,0.367,0.158,0.002,0.575,0.006,0.860,0.007,0.788,0.009,0.586,0.006 
 11769491,19395771+4954065 ,12.24, 0,2,-999.00, 2.43, 0.01,0.118,0.369, -999, -999, -999, -999, -999, -999, -999, -999, -999, -999 
 11769563,19400698+4955474 ,12.06, 0,0,-999.00, 2.85, 0.01,0.682,0.379, -999, -999, -999, -999, -999, -999, -999, -999, -999, -999 
 11770546,19415178+4959195 , 8.11, 2,2,134.00, 2.88, 0.01,1.106,0.339, -999, -999, -999, -999, -999, -999, -999, -999, -999, -999 
 11771333,19431401+4955448 ,11.86, 0,2,-999.00, 2.49, 0.01,1.159,0.386,0.140,0.001,0.644,0.005,0.873,0.007,0.750,0.006,0.553,0.006 
 11771561,19433691+4957379 ,12.20, 0,1,-999.00, 3.18, 0.01,0.988,0.398,0.180,0.002,0.602,0.002,0.894,0.002,0.739,0.002,0.591,0.004 
 11772905,19454448+4958565 ,11.75, 0,1,-999.00, 2.79, 0.01,-1.122,0.362,0.182,0.002,0.663,0.002,0.897,0.002,0.723,0.003,0.596,0.002 
 11773616,19465655+4956303 ,11.90, 0,0,-999.00, 2.33, 0.01, -999, -999, -999, -999, -999, -999,0.837,0.010,0.798,0.011,0.532,0.003 
 11774110,19474663+4958251 ,12.37, 0,2,-999.00, 2.45, 0.01, -999, -999,0.136,0.005,0.574,0.008,0.857,0.005,0.772,0.004,0.548,0.010 
 11775041,19491544+4959530 ,11.99, 2,2, 55.00, 2.44, 0.01,0.320,0.410,0.194,0.001,0.740,0.002,0.910,0.003,0.724,0.003,0.601,0.003 
 11775398,19495386+4958483 ,10.23, 0,2,-999.00, 2.42, 0.01,1.234,0.414, -999, -999, -999, -999, -999, -999, -999, -999, -999, -999 
 11775511,19500511+4958454 ,10.31, 0,0,-999.00, 2.58, 0.01,0.283,0.388,0.147,0.001,0.601,0.006,0.896,0.009,0.775,0.007,0.577,0.009 
 11802908,19005416+5000277 ,12.23, 0,1,-999.00, 2.93, 0.01, -999, -999, -999, -999, -999, -999, -999, -999, -999, -999, -999, -999 
 11804799,19055093+5004045 ,12.42, 2,1, 40.00, 3.23, 0.01, -999, -999,0.196,0.001,0.595,0.003,0.873,0.005,0.750,0.005,0.606,0.005 
 11805390,19073093+5000575 , 9.59, 0,2,-999.00, 2.42, 0.01, -999, -999,0.174,0.002,0.676,0.004,0.872,0.006,0.763,0.005,0.584,0.005 
 11805460,19074337+5005072 ,11.00, 0,2,-999.00, 2.47, 0.01, -999, -999,0.359,0.001,0.613,0.004,0.875,0.005,0.781,0.004,0.606,0.004 
 11805792,19083526+5001393 ,11.75, 0,2,-999.00, 2.46, 0.01, -999, -999,0.169,0.001,0.662,0.003,0.884,0.003,0.771,0.003,0.611,0.004 
 11808481,19150219+5002467 ,10.80, 2,2, 54.00, 2.35, 0.01, -999, -999,0.177,0.001,0.652,0.003,0.891,0.005,0.730,0.005,0.562,0.005 
 11808970,19160349+5003191 ,11.39, 0,0,-999.00, 2.62, 0.01, -999, -999,0.148,0.001,0.630,0.012,0.859,0.014,0.753,0.014,0.543,0.003 
 11811826,19223194+5001569 ,10.43, 0,1,-999.00, 3.10, 0.01, -999, -999, -999, -999, -999, -999, -999, -999, -999, -999, -999, -999 
 11817405,19344297+5001061 ,11.90, 0,0,-999.00, 2.43, 0.01, -999, -999,0.141,0.003,0.641,0.006,0.868,0.007,0.767,0.007,0.586,0.017 
 11819363,19381224+5005191 , 9.39, 0,0,-999.00, 2.62, 0.01, -999, -999,0.156,0.002,0.709,0.006,0.896,0.007,0.761,0.008,0.611,0.010 
 11819760,19385460+5005570 ,10.79, 0,2,-999.00, 2.39, 0.01, -999, -999,0.003,0.001,0.679,0.013,0.872,0.016,0.756,0.018,0.612,0.009 
 11820477,19401185+5004376 ,12.40, 0,2,-999.00, 2.45, 0.01, -999, -999,0.144,0.006,0.601,0.008,0.853,0.009,0.760,0.010,0.536,0.020 
 11820688,19403468+5001579 ,10.59, 0,2,-999.00, 2.50, 0.01,1.194,0.439, -999, -999, -999, -999, -999, -999, -999, -999, -999, -999 
 11820712,19403759+5004536 ,12.37, 4,0,-999.00, 2.45, 0.01, -999, -999,0.170,0.005,0.688,0.006,0.882,0.010,0.723,0.009,0.562,0.012 
 11821135,19412620+5003471 ,12.50, 0,1,-999.00, 2.88, 0.01, -999, -999, -999, -999, -999, -999, -999, -999, -999, -999, -999, -999 
 11821439,19415629+5001000 ,10.84, 0,0,-999.00, 2.59, 0.01,1.299,0.378, -999, -999, -999, -999, -999, -999, -999, -999, -999, -999 
 11822526,19434290+5001217 ,12.23, 0,2,-999.00, 2.45, 0.01,0.826,0.400,0.140,0.002,0.664,0.006,0.885,0.009,0.732,0.007,0.572,0.007 
 11823838,19455292+5002304 ,11.02, 0,2,-999.00, 2.54, 0.01,0.558,0.367, -999, -999, -999, -999, -999, -999, -999, -999, -999, -999 
 11824976,19474410+5000056 ,11.65, 0,2,-999.00, 2.46, 0.01,0.722,0.432,0.135,0.003,0.631,0.002,0.863,0.003,0.748,0.003,0.560,0.004 
 11825166,19480315+5001081 ,12.30, 0,0,-999.00, 2.60, 0.01,0.104,0.481,0.205,0.002,0.592,0.004,0.868,0.004,0.737,0.005,0.592,0.002 
 11826594,19502250+5003486 , 9.15, 0,2,-999.00, 2.49, 0.01,1.403,0.411,0.142,0.002,0.658,0.005,0.866,0.005,0.778,0.005,0.539,0.005 
 11854450,19035763+5010064 ,12.11, 0,2,-999.00, 2.40, 0.01, -999, -999,0.152,0.001,0.686,0.004,0.902,0.006,0.755,0.005,0.606,0.003 
 11855110,19053847+5008273 ,11.70, 0,2,-999.00, 2.49, 0.01, -999, -999,0.156,0.001,0.674,0.004,0.889,0.005,0.757,0.005,0.588,0.007 
 11860180,19182072+5009080 ,12.38, 0,0,-999.00, 2.34, 0.01, -999, -999, -999, -999, -999, -999, -999, -999, -999, -999, -999, -999 
 11860256,19183178+5008359 ,12.34, 0,1,-999.00, 2.69, 0.01, -999, -999,0.164,0.001,0.642,0.004,0.878,0.005,0.773,0.004,0.583,0.008 
 11860626,19192403+5008300 ,11.74, 0,1,-999.00, 2.55, 0.01, -999, -999,0.152,0.002,0.688,0.007,0.903,0.009,0.737,0.008,0.642,0.007 
 11861823,19221446+5007103 ,11.57, 0,0,-999.00, 2.29, 0.01, -999, -999, -999, -999, -999, -999,0.823,0.005,0.779,0.004,0.482,0.005 
 11862360,19233462+5011230 ,11.72, 0,2,-999.00, 2.40, 0.01, -999, -999, -999, -999, -999, -999, -999, -999, -999, -999, -999, -999 
 11862382,19233738+5006408 ,12.00, 0,2,-999.00, 2.55, 0.01, -999, -999,0.162,0.001,0.595,0.004,0.860,0.007,0.757,0.006,0.550,0.007 
 11862833,19244623+5011106 ,12.05, 0,0,-999.00, 2.50, 0.01, -999, -999, -999, -999, -999, -999, -999, -999, -999, -999, -999, -999 
 11868246,19360525+5007481 ,11.60, 0,2,-999.00, 2.44, 0.01, -999, -999,0.161,0.006,0.601,0.005,0.852,0.012,0.783,0.010,0.548,0.013 
 11869095,19374027+5011053 ,10.48, 0,2,-999.00, 2.65, 0.01, -999, -999, -999, -999, -999, -999, -999, -999, -999, -999, -999, -999 
 11870991,19411280+5009279 ,11.82, 0,2,-999.00, 2.41, 0.01, -999, -999,0.162,0.001,0.727,0.010,0.901,0.005,0.744,0.005,0.567,0.006 
 11871882,19424010+5006436 , 9.79, 0,2,-999.00, 2.46, 0.01,0.816,0.400,0.158,0.002,0.712,0.005,0.893,0.005,0.722,0.005,0.583,0.005 
 11873200,19445035+5006019 ,12.18, 0,2,-999.00, 2.48, 0.01,0.437,0.392,0.133,0.002,0.647,0.004,0.882,0.008,0.739,0.009,0.579,0.008 
 11873264,19445597+5006550 ,12.09, 0,2,-999.00, 2.50, 0.01,0.844,0.395,0.185,0.003,0.649,0.007,0.890,0.014,0.765,0.013,0.601,0.019 
 11904929,19044584+5015055 , 9.87, 0,2,-999.00, 2.56, 0.01, -999, -999, -999, -999, -999, -999, -999, -999, -999, -999, -999, -999 
 11905393,19055664+5013556 ,12.36, 0,2,-999.00, 2.42, 0.01, -999, -999,0.198,0.003,0.561,0.006,0.857,0.008,0.697,0.005,0.514,0.006 
 11905840,19070835+5016440 ,11.64, 0,1,-999.00, 3.00, 0.01, -999, -999,0.201,0.001,0.659,0.005,0.908,0.005,0.764,0.005,0.629,0.009 
 11907579,19114500+5016528 ,12.06, 1,0, 14.93,-999.00,-999.00, -999, -999,0.330,0.001,0.609,0.003,0.873,0.004,0.767,0.003,0.656,0.003 
 11908744,19143094+5012262 ,10.45, 0,2,-999.00, 2.41, 0.01, -999, -999,0.155,0.002,0.596,0.005,0.859,0.007,0.726,0.007,0.524,0.006 
 11910249,19174501+5017538 ,12.38, 0,0,-999.00, 2.45, 0.01, -999, -999,0.158,0.002,0.558,0.004,0.875,0.005,0.763,0.005,0.559,0.006 
 11910960,19191473+5014527 ,12.49, 0,1,-999.00, 2.77, 0.01, -999, -999,0.166,0.002,0.669,0.005,0.901,0.007,0.734,0.006,0.615,0.007 
 11912582,19230648+5012446 ,12.46, 0,0,-999.00, 2.68, 0.01, -999, -999, -999, -999, -999, -999, -999, -999, -999, -999, -999, -999 
 11913545,19251484+5012404 ,11.66, 0,1,-999.00, 2.98, 0.01, -999, -999,0.140,0.004,0.556,0.010,0.863,0.015,0.774,0.011,0.579,0.014 
 11913802,19255048+5015368 ,11.21, 0,2,-999.00, 2.32, 0.01, -999, -999, -999, -999, -999, -999, -999, -999, -999, -999, -999, -999 
 11920678,19401857+5016563 ,10.33, 0,0,-999.00, 2.48, 0.01, -999, -999, -999, -999, -999, -999, -999, -999, -999, -999, -999, -999 
 11924806,19472232+5015040 ,12.06, 2,2,142.00, 2.97, 0.01,0.329,0.391,0.235,0.006,0.662,0.008,0.877,0.011,0.734,0.009,0.588,0.008 
 11924919,19473277+5017319 ,10.21, 0,0,-999.00, 2.98, 0.01,1.176,0.406, -999, -999, -999, -999, -999, -999, -999, -999, -999, -999 
 11925044,19474596+5016384 ,11.24, 0,0,-999.00, 3.20, 0.01, -999, -999,0.141,0.006,0.551,0.005,0.862,0.007,0.770,0.006,0.562,0.094 
 11953581,19022344+5021306 ,10.50, 0,2,-999.00, 2.47, 0.01, -999, -999,0.212,0.006, -999, -999,0.844,0.007,0.812,0.006,0.565,0.005 
 11953668,19023744+5020380 ,12.20, 0,2,-999.00, 2.38, 0.01, -999, -999, -999, -999, -999, -999, -999, -999, -999, -999, -999, -999 
 11954465,19044447+5022436 ,11.09, 0,1,-999.00, 2.93, 0.01, -999, -999,0.170,0.002,0.565,0.004,0.877,0.004,0.789,0.005,0.604,0.004 
 11957092,19114668+5023311 ,10.90, 0,2,-999.00, 2.56, 0.01, -999, -999, -999, -999, -999, -999, -999, -999, -999, -999, -999, -999 
 11957627,19130282+5021311 ,12.31, 0,1,-999.00, 2.24, 0.01, -999, -999,0.164,0.001,0.684,0.003,0.890,0.003,0.747,0.003,0.598,0.003 
 11960363,19192119+5018518 ,10.59, 0,1,-999.00, 2.86, 0.01, -999, -999,0.135,0.001,0.531,0.004,0.843,0.006,0.777,0.006,0.573,0.005 
 11960470,19193461+5021421 , 9.60, 0,2,-999.00, 2.50, 0.01, -999, -999,0.164,0.003,0.649,0.007,0.864,0.005,0.749,0.004,0.559,0.010 
 11961034,19204528+5023474 ,10.31, 0,0,-999.00, 2.37, 0.01, -999, -999, -999, -999, -999, -999, -999, -999, -999, -999, -999, -999 
 11961545,19220579+5022166 ,11.73, 0,0,-999.00, 2.60, 0.01, -999, -999,0.173,0.002,0.582,0.003,0.890,0.005,0.746,0.004,0.574,0.005 
 11966805,19342372+5019090 ,12.04, 0,0,-999.00, 2.52, 0.01, -999, -999,0.175,0.003,0.646,0.002,0.893,0.007,0.768,0.006,0.623,0.003 
 11968334,19370901+5021414 ,12.16, 0,1,-999.00, 3.06, 0.01, -999, -999,0.184,0.002,0.544,0.010,0.861,0.009,0.787,0.010,0.586,0.013 
 11968514,19372681+5018273 ,11.45, 4,0,-999.00, 2.79, 0.01, -999, -999,0.185,0.001,0.714,0.007,0.901,0.011,0.764,0.009,0.633,0.011 
 11969378,19390565+5019540 , 9.47, 0,2,-999.00, 2.50, 0.01, -999, -999,0.153,0.005,0.626,0.006,0.861,0.006,0.754,0.005,0.538,0.009 
 11970987,19420704+5023142 ,11.12, 0,2,-999.00, 2.57, 0.01, -999, -999,0.142,0.002,0.672,0.006,0.873,0.010,0.747,0.009,0.505,0.007 
 11971123,19422093+5018436 ,11.09, 0,2,-999.00, 2.43, 0.01, -999, -999, -999, -999, -999, -999, -999, -999, -999, -999, -999, -999 
 11971940,19434101+5020020 ,10.28, 0,0,-999.00, 2.58, 0.01, -999, -999, -999, -999, -999, -999, -999, -999, -999, -999, -999, -999 
 11972294,19442220+5022578 ,10.14, 0,1,-999.00, 2.42, 0.01, -999, -999,0.196,0.005,0.772,0.012,0.913,0.016,0.730,0.016,0.662,0.012 
 11972904,19452616+5021169 ,12.41, 0,1,-999.00, 3.08, 0.01,1.046,0.390,0.174,0.004,0.606,0.004,0.886,0.006,0.750,0.005,0.606,0.017 
 11973246,19460075+5022308 ,12.44, 0,2,-999.00, 2.57, 0.01,1.431,0.441,0.175,0.003,0.651,0.002,0.876,0.003,0.753,0.002,0.567,0.005 
 11973853,19465756+5021258 ,11.45, 0,1,-999.00, 3.23, 0.01,0.266,0.363,0.218,0.002,0.645,0.002,0.884,0.003,0.757,0.002,0.613,0.003 
 12003253,19015178+5024593 ,11.19, 2,2, 55.50, 2.40, 0.01, -999, -999,0.219,0.001,0.626,0.002,0.876,0.003,0.761,0.003,0.599,0.003 
 12003742,19030568+5027029 ,11.41, 0,2,-999.00, 2.70, 0.01, -999, -999,0.168,0.001,0.696,0.006,0.895,0.008,0.748,0.009,0.604,0.009 
 12004945,19062567+5029027 ,11.92, 0,1,-999.00, 2.85, 0.01, -999, -999, -999, -999, -999, -999, -999, -999, -999, -999, -999, -999 
 12005162,19070627+5024456 ,10.54, 0,1,-999.00, 3.12, 0.01, -999, -999,0.191,0.002,0.641,0.002,0.903,0.002,0.767,0.002,0.626,0.003 
 12006471,19105677+5028236 ,11.64, 0,2,-999.00, 2.50, 0.01, -999, -999, -999, -999, -999, -999, -999, -999, -999, -999, -999, -999 
 12007247,19124140+5025451 ,10.85, 0,0,-999.00, 2.36, 0.01, -999, -999,0.175,0.000,0.638,0.004,0.866,0.005,0.763,0.005,0.579,0.004 
 12008680,19155236+5024566 ,11.21, 0,2,-999.00, 2.34, 0.01, -999, -999,0.162,0.001,0.683,0.003,0.884,0.003,0.748,0.003,0.571,0.005 
 12008797,19160612+5024394 ,10.71, 0,2,-999.00, 2.41, 0.01, -999, -999,0.143,0.002,0.636,0.004,0.867,0.005,0.763,0.004,0.547,0.004 
 12008916,19162317+5025378 ,11.77, 0,1,-999.00, 3.13, 0.01, -999, -999,0.225,0.002,0.575,0.002,0.873,0.003,0.758,0.003,0.601,0.004 
 12011705,19225574+5024186 ,12.12, 0,2,-999.00, 2.38, 0.01, -999, -999, -999, -999, -999, -999, -999, -999, -999, -999, -999, -999 
 12012082,19235844+5027243 ,11.99, 0,1,-999.00, 2.37, 0.01, -999, -999,0.176,0.002,0.695,0.005,0.878,0.006,0.755,0.006,0.564,0.002 
 12012511,19250099+5028279 ,12.28, 0,1,-999.00, 2.88, 0.01, -999, -999, -999, -999, -999, -999, -999, -999, -999, -999, -999, -999 
 12012725,19253178+5026256 ,10.76, 0,2,-999.00, 2.33, 0.01, -999, -999,0.177,0.003,0.661,0.023,0.871,0.030,0.762,0.024,0.554,0.013 
 12012758,19253700+5024164 ,12.20, 0,1,-999.00, 3.24, 0.01, -999, -999, -999, -999, -999, -999, -999, -999, -999, -999, -999, -999 
 12017985,19371201+5024555 ,10.17, 0,0,-999.00, 2.16, 0.01, -999, -999,0.200,0.001,0.895,0.003,0.951,0.004,0.730,0.003,0.738,0.009 
 12019910,19410077+5029435 ,12.36, 0,0,-999.00, 2.91, 0.01, -999, -999,0.183,0.001,0.651,0.003,0.877,0.003,0.730,0.004,0.565,0.006 
 12020628,19422320+5026544 , 9.51, 2,0, 98.40, 2.86, 0.01, -999, -999,0.223,0.002,0.665,0.007,0.870,0.010,0.753,0.008,0.536,0.003 
 12021730,19441344+5027157 ,12.32, 0,1,-999.00, 3.00, 0.01, -999, -999, -999, -999, -999, -999, -999, -999, -999, -999, -999, -999 
 12021906,19443127+5024243 ,11.97, 0,2,-999.00, 2.53, 0.01, -999, -999,0.203,0.001,0.623,0.004,0.848,0.005,0.766,0.005,0.537,0.005 
 12024640,19490295+5025171 ,12.06, 0,1,-999.00, 2.88, 0.01,1.074,0.461,0.149,0.002,0.570,0.037,0.880,0.042,0.777,0.038,0.581,0.009 
 12053188,19045938+5031069 ,11.68, 3,0,126.00, 2.39, 0.01, -999, -999,0.205,0.001,0.553,0.002,0.845,0.003,0.744,0.002,0.542,0.011 
 12055552,19112957+5032435 ,12.28, 0,2,-999.00, 2.46, 0.01, -999, -999,0.217,0.004,0.601,0.002,0.844,0.003,0.757,0.002,0.560,0.003 
 12055632,19114094+5035151 ,10.82, 3,0,121.00, 2.63, 0.01, -999, -999,0.218,0.001,0.637,0.003,0.869,0.004,0.739,0.003,0.571,0.003 
 12056614,19140505+5035173 ,12.12, 2,2, 88.00, 3.35, 0.01, -999, -999,0.219,0.001,0.632,0.003,0.881,0.004,0.740,0.003,0.580,0.003 
 12056767,19142352+5031291 ,10.14, 0,2,-999.00, 2.45, 0.01, -999, -999, -999, -999, -999, -999, -999, -999, -999, -999, -999, -999 
 12056819,19143178+5031271 ,11.50, 0,0,-999.00, 2.54, 0.01, -999, -999,0.154,0.002,0.637,0.007,0.888,0.009,0.758,0.008,0.587,0.009 
 12058075,19171765+5034317 ,10.58, 0,1,-999.00, 2.28, 0.01, -999, -999, -999, -999, -999, -999, -999, -999, -999, -999, -999, -999 
 12058556,19182638+5031006 ,11.71, 0,1,-999.00, 2.95, 0.01, -999, -999,0.192,0.001,0.544,0.003,0.855,0.004,0.768,0.004,0.560,0.005 
 12059072,19193937+5034289 ,12.44, 0,1,-999.00, 2.43, 0.01, -999, -999, -999, -999, -999, -999, -999, -999, -999, -999, -999, -999 
 12061622,19255386+5031026 ,12.23, 0,2,-999.00, 2.46, 0.01, -999, -999,0.164,0.002,0.626,0.003,0.854,0.004,0.766,0.004,0.578,0.005 
 12062344,19273208+5032493 ,12.22, 0,1,-999.00, 2.97, 0.01, -999, -999,0.167,0.004,0.608,0.002,0.866,0.004,0.767,0.003,0.605,0.007 
 12067001,19370988+5035030 ,11.04, 0,2,-999.00, 2.55, 0.01, -999, -999,0.165,0.001,0.715,0.002,0.897,0.003,0.739,0.003,0.585,0.003 
 12067693,19383156+5033095 ,12.22, 4,0,-999.00, 2.48, 0.01, -999, -999, -999, -999,0.550,0.005,0.871,0.007,0.822,0.006,0.591,0.007 
 12070025,19424968+5034286 ,11.99, 0,1,-999.00, 2.98, 0.01, -999, -999, -999, -999, -999, -999, -999, -999, -999, -999, -999, -999 
 12070114,19430023+5032393 ,10.86, 0,2,-999.00, 2.50, 0.01, -999, -999,0.203,0.002,0.741,0.009,0.858,0.008,0.785,0.007,0.540,0.006 
 12070510,19433667+5035487 ,12.30, 0,2,-999.00, 2.45, 0.01, -999, -999,0.188,0.002,0.602,0.007,0.838,0.040,0.768,0.032,0.540,0.009 
 12070650,19434939+5033566 ,10.36, 0,2,-999.00, 2.52, 0.01, -999, -999, -999, -999, -999, -999, -999, -999, -999, -999, -999, -999 
 12070670,19435065+5034271 ,12.27, 0,1,-999.00, 2.81, 0.01, -999, -999,0.189,0.002,0.563,0.026, -999, -999, -999, -999,0.550,0.028 
 12101990,19033335+5036045 ,12.11, 0,2,-999.00, 2.39, 0.01, -999, -999,0.190,0.003,0.641,0.005,0.900,0.006,0.791,0.006,0.625,0.007 
 12104584,19105780+5038307 ,11.62, 0,2,-999.00, 2.38, 0.01, -999, -999,0.203,0.002,0.641,0.007,0.878,0.009,0.764,0.010,0.588,0.011 
 12104686,19111329+5038119 , 9.69, 3,2,130.00, 2.77, 0.01, -999, -999,0.229,0.002,0.705,0.003,0.873,0.004,0.711,0.004,0.592,0.005 
 12105681,19134292+5040013 ,10.04, 0,2,-999.00, 2.67, 0.01, -999, -999,0.160,0.002,0.677,0.003,0.865,0.004,0.753,0.004,0.535,0.005 
 12105938,19141937+5038493 ,12.14, 0,2,-999.00, 2.49, 0.01, -999, -999,0.153,0.002,0.709,0.007,0.888,0.010,0.759,0.011,0.598,0.011 
 12108732,19204333+5040550 ,12.35, 0,2,-999.00, 2.37, 0.01, -999, -999,0.125,0.001,0.617,0.008,0.865,0.013,0.762,0.014,0.543,0.006 
 12109388,19222709+5036491 ,10.97, 0,2,-999.00, 2.52, 0.01, -999, -999, -999, -999, -999, -999, -999, -999, -999, -999, -999, -999 
 12109442,19223700+5039415 ,10.72, 0,2,-999.00, 2.37, 0.01, -999, -999, -999, -999, -999, -999, -999, -999, -999, -999, -999, -999 
 12110266,19244723+5038466 ,11.08, 0,2,-999.00, 2.51, 0.01, -999, -999, -999, -999, -999, -999, -999, -999, -999, -999, -999, -999 
 12110800,19261008+5038485 ,11.51, 0,2,-999.00, 2.47, 0.01, -999, -999,0.144,0.004,0.638,0.009,0.869,0.014,0.764,0.010,0.554,0.012 
 12114999,19352533+5036463 ,11.73, 0,2,-999.00, 2.51, 0.01, -999, -999,0.177,0.002,0.711,0.003,0.861,0.004,0.739,0.004,0.605,0.005 
 12115227,19355802+5038093 , 9.97, 0,1,-999.00, 2.91, 0.01, -999, -999,0.171,0.001,0.647,0.005,0.913,0.007,0.752,0.006,0.632,0.007 
 12116393,19380520+5038046 ,11.79, 0,1,-999.00, 2.70, 0.01, -999, -999,0.153,0.003,0.568,0.006,0.866,0.008,0.775,0.006,0.558,0.009 
 12116644,19383459+5040382 , 9.82, 0,2,-999.00, 2.74, 0.01, -999, -999,0.173,0.001,0.693,0.002,0.884,0.003,0.751,0.003,0.572,0.002 
 12117077,19392761+5039085 ,12.15, 0,0,-999.00, 2.50, 0.01, -999, -999, -999, -999, -999, -999, -999, -999, -999, -999, -999, -999 
 12117099,19392999+5039123 ,10.06, 2,2, 41.00, 2.38, 0.01, -999, -999,0.204,0.002,0.723,0.001,0.889,0.002,0.727,0.002,0.591,0.009 
 12117138,19393497+5036085 ,12.49, 0,2,-999.00, 2.52, 0.01, -999, -999,0.151,0.002,0.640,0.007,0.861,0.008,0.762,0.007,0.559,0.002 
 12117920,19410577+5041194 ,12.18, 4,0,-999.00, 2.43, 0.01, -999, -999,0.099,0.001,0.627,0.003,0.858,0.004,0.776,0.004,0.529,0.007 
 12118044,19412066+5041464 ,11.57, 0,2,-999.00, 2.74, 0.01, -999, -999,0.148,0.003,0.675,0.002,0.880,0.003,0.745,0.003,0.546,0.004 
 12118682,19422575+5037321 ,11.89, 1,0, 45.00,-999.00,-999.00, -999, -999, -999, -999, -999, -999, -999, -999, -999, -999, -999, -999 
 12118820,19424150+5038277 ,12.23, 0,2,-999.00, 2.42, 0.01, -999, -999,0.199,0.001,0.667,0.008,0.871,0.012,0.732,0.009,0.565,0.003 
 12119979,19443965+5041133 ,11.85, 0,2,-999.00, 2.58, 0.01, -999, -999, -999, -999, -999, -999, -999, -999, -999, -999, -999, -999 
 12120230,19450471+5036280 ,10.99, 0,1,-999.00, 2.61, 0.01, -999, -999,0.175,0.001,0.668,0.005,0.880,0.004,0.749,0.004,0.586,0.008 
 12120327,19451497+5036578 ,10.07, 0,2,-999.00, 2.44, 0.01, -999, -999,0.158,0.003,0.651,0.006,0.869,0.016,0.756,0.017,0.598,0.006 
 12120872,19460952+5039501 ,12.16, 0,1,-999.00, 2.90, 0.01, -999, -999,0.153,0.002,0.615,0.008,0.875,0.006,0.766,0.005,0.599,0.009 
 12121207,19464551+5040254 ,11.52, 0,2,-999.00, 2.35, 0.01, -999, -999,0.157,0.006,0.714,0.002,0.892,0.009,0.740,0.008,0.601,0.014 
 12121377,19470288+5040101 ,11.75, 0,2,-999.00, 2.55, 0.01, -999, -999, -999, -999, -999, -999, -999, -999, -999, -999, -999, -999 
 12121656,19473328+5038372 ,11.55, 0,2,-999.00, 2.49, 0.01, -999, -999,0.131,0.001,0.713,0.003,0.883,0.006,0.742,0.007,0.584,0.002 
 12122085,19481578+5038454 ,11.69, 0,1,-999.00, 3.07, 0.01, -999, -999, -999, -999, -999, -999, -999, -999, -999, -999, -999, -999 
 12122151,19482040+5036278 , 9.71, 0,2,-999.00, 2.62, 0.01, -999, -999, -999, -999, -999, -999, -999, -999, -999, -999, -999, -999 
 12151240,19053860+5043353 , 9.67, 0,1,-999.00, 2.65, 0.01, -999, -999, -999, -999, -999, -999, -999, -999, -999, -999, -999, -999 
 12152850,19101753+5044559 ,11.32, 0,2,-999.00, 2.42, 0.01, -999, -999,0.137,0.001,0.619,0.004,0.874,0.007,0.762,0.006,0.565,0.006 
 12153274,19112933+5047481 ,12.42, 0,1,-999.00, 2.89, 0.01, -999, -999, -999, -999, -999, -999, -999, -999, -999, -999, -999, -999 
 12153346,19113953+5046513 ,11.96, 0,2,-999.00, 2.40, 0.01, -999, -999,0.190,0.002,0.718,0.011,0.894,0.007,0.728,0.005,0.581,0.005 
 12153827,19125385+5045510 ,10.91, 0,2,-999.00, 2.59, 0.01, -999, -999, -999, -999, -999, -999, -999, -999, -999, -999, -999, -999 
 12154726,19150593+5044220 ,10.39, 0,2,-999.00, 2.91, 0.01, -999, -999,0.169,0.003,0.687,0.003,0.895,0.008,0.716,0.007,0.577,0.018 
 12156445,19190914+5047180 ,12.07, 0,2,-999.00, 2.73, 0.01, -999, -999,0.171,0.002,0.550,0.005,0.872,0.003,0.771,0.003,0.562,0.008 
 12156769,19194714+5042066 , 8.42, 0,1,-999.00, 2.27, 0.01, -999, -999, -999, -999, -999, -999, -999, -999, -999, -999, -999, -999 
 12157006,19201863+5042324 , 9.45, 2,2,110.00, 2.49, 0.01, -999, -999, -999, -999, -999, -999, -999, -999, -999, -999,0.603,0.010 
 12157366,19210812+5042462 ,12.47, 1,0, 18.10,-999.00,-999.00, -999, -999,0.538,0.001,0.578,0.005,0.842,0.006,0.846,0.007,0.698,0.007 
 12157980,19223768+5044541 ,12.39, 0,1,-999.00, 3.03, 0.01, -999, -999, -999, -999, -999, -999, -999, -999, -999, -999, -999, -999 
 12158327,19233391+5044273 ,10.91, 0,2,-999.00, 2.45, 0.01, -999, -999,0.139,0.002,0.588,0.004,0.851,0.005,0.777,0.004,0.536,0.004 
 12159715,19265603+5042533 ,11.99, 0,0,-999.00, 2.71, 0.01, -999, -999,0.169,0.002,0.592,0.007,0.873,0.008,0.792,0.007,0.587,0.007 
 12164879,19374576+5045358 ,10.68, 0,0,-999.00, 2.63, 0.01, -999, -999,0.165,0.001,0.710,0.007,0.874,0.006,0.728,0.005,0.540,0.005 
 12167521,19424090+5044140 ,11.03, 0,2,-999.00, 2.46, 0.01, -999, -999,0.142,0.002,0.687,0.003,0.890,0.005,0.737,0.005,0.571,0.005 
 12168406,19440617+5042024 ,11.72, 0,0,-999.00, 2.56, 0.01, -999, -999, -999, -999, -999, -999,0.829,0.008,0.807,0.008,0.583,0.009 
 12169845,19463014+5045346 ,10.72, 0,1,-999.00, 2.39, 0.01, -999, -999,0.135,0.004,0.607,0.006,0.857,0.007,0.771,0.006,0.556,0.008 
 12202431,19112048+5048410 , 9.91, 0,2,-999.00, 2.48, 0.01, -999, -999, -999, -999, -999, -999, -999, -999, -999, -999, -999, -999 
 12203243,19131192+5053349 ,11.68, 0,1,-999.00, 3.22, 0.01, -999, -999,0.155,0.001,0.593,0.006,0.874,0.008,0.768,0.007,0.605,0.025 
 12203455,19134134+5048373 ,10.00, 0,2,-999.00, 2.39, 0.01, -999, -999,0.154,0.003,0.712,0.003,0.909,0.024,0.745,0.024,0.601,0.003 
 12207049,19220307+5052296 ,11.52, 2,1, 72.00, 3.10, 0.01, -999, -999,0.194,0.002,0.621,0.003,0.881,0.007,0.740,0.007,0.606,0.026 
 12207840,19240789+5051249 ,12.32, 0,1,-999.00, 2.81, 0.01, -999, -999,0.183,0.004,0.652,0.004,0.908,0.004,0.749,0.004,0.629,0.007 
 12208273,19251288+5052165 ,11.91, 0,0,-999.00, 2.27, 0.01, -999, -999, -999, -999, -999, -999, -999, -999, -999, -999, -999, -999 
 12208809,19263652+5051045 ,10.02, 2,2,156.00, 2.55, 0.01, -999, -999,0.216,0.001,0.689,0.007,0.889,0.010,0.738,0.011,0.616,0.004 
 12215647,19410705+5048010 ,10.59, 0,0,-999.00, 2.61, 0.01, -999, -999, -999, -999, -999, -999, -999, -999, -999, -999, -999, -999 
 12215898,19413419+5050061 ,12.49, 0,0,-999.00, 2.48, 0.01, -999, -999,0.153,0.003,0.615,0.009,0.897,0.015,0.763,0.011,0.568,0.018 
 12216750,19430350+5053029 ,11.49, 0,1,-999.00, 2.90, 0.01, -999, -999, -999, -999, -999, -999, -999, -999, -999, -999, -999, -999 
 12217017,19433245+5053121 ,12.28, 0,0,-999.00, 2.99, 0.01, -999, -999,0.159,0.001,0.663,0.012,0.892,0.015,0.751,0.014,0.606,0.007 
 12217154,19434591+5050036 ,10.95, 0,2,-999.00, 2.59, 0.01, -999, -999, -999, -999, -999, -999, -999, -999, -999, -999, -999, -999 
 12217239,19435570+5051026 ,11.83, 0,0,-999.00, 2.31, 0.01, -999, -999,0.173,0.002,0.593,0.005,0.842,0.006,0.775,0.005,0.545,0.037 
 12251066,19081205+5059089 ,12.38, 0,1,-999.00, 2.59, 0.01, -999, -999,0.173,0.002,0.578,0.002,0.889,0.004,0.751,0.004,0.598,0.004 
 12252410,19115664+5054001 ,10.86, 0,0,-999.00, 2.61, 0.01, -999, -999,0.170,0.001,0.571,0.002,0.861,0.003,0.782,0.003,0.563,0.002 
 12253294,19140452+5058032 ,12.30, 0,1,-999.00, 2.53, 0.01, -999, -999,0.138,0.001,0.592,0.004,0.869,0.004,0.786,0.005,0.583,0.006 
 12254159,19161173+5056596 ,10.14, 0,1,-999.00, 2.81, 0.01, -999, -999, -999, -999, -999, -999, -999, -999, -999, -999, -999, -999 
 12254817,19174597+5058481 ,11.73, 0,0,-999.00, 2.47, 0.01, -999, -999,0.165,0.002,0.658,0.010,0.890,0.013,0.747,0.014,0.601,0.005 
 12255028,19181277+5057036 ,11.66, 0,2,-999.00, 2.48, 0.01, -999, -999,0.161,0.002,0.713,0.006,0.897,0.009,0.752,0.009,0.633,0.009 
 12257026,19224412+5056134 ,10.88, 0,2,-999.00, 2.41, 0.01, -999, -999,0.137,0.002,0.588,0.003,0.852,0.004,0.766,0.004,0.551,0.015 
 12257306,19232820+5054571 ,12.41, 0,1,-999.00, 2.99, 0.01, -999, -999, -999, -999, -999, -999, -999, -999, -999, -999, -999, -999 
 12265509,19411174+5054047 ,11.21, 0,2,-999.00, 2.90, 0.01, -999, -999, -999, -999, -999, -999, -999, -999, -999, -999, -999, -999 
 12266731,19432174+5056396 ,10.21, 2,2, 79.00, 2.91, 0.01, -999, -999, -999, -999, -999, -999, -999, -999, -999, -999, -999, -999 
 12267816,19451166+5056486 ,12.42, 0,0,-999.00, 2.84, 0.01, -999, -999, -999, -999, -999, -999, -999, -999, -999, -999, -999, -999 
 12268191,19455333+5057440 ,10.02, 0,0,-999.00, 2.37, 0.01, -999, -999, -999, -999, -999, -999, -999, -999, -999, -999, -999, -999 
 12268448,19462138+5057458 , 8.88, 0,2,-999.00, 2.48, 0.01, -999, -999, -999, -999, -999, -999, -999, -999, -999, -999, -999, -999 
 12268819,19470388+5054209 ,12.42, 0,2,-999.00, 2.70, 0.01, -999, -999, -999, -999, -999, -999, -999, -999, -999, -999, -999, -999 
 12300740,19085900+5101168 ,12.27, 0,2,-999.00, 2.40, 0.01, -999, -999,0.192,0.002,0.689,0.003,0.921,0.003,0.745,0.004,0.618,0.003 
 12301522,19111922+5100573 ,12.48, 0,2,-999.00, 2.48, 0.01, -999, -999,0.158,0.002,0.700,0.007,0.887,0.010,0.740,0.010,0.580,0.004 
 12302104,19124952+5102524 ,11.46, 0,2,-999.00, 2.44, 0.01, -999, -999, -999, -999, -999, -999, -999, -999, -999, -999, -999, -999 
 12302516,19135617+5102045 ,11.69, 0,2,-999.00, 2.43, 0.01, -999, -999,0.201,0.002,0.740,0.004,0.900,0.004,0.746,0.004,0.605,0.013 
 12304485,19184461+5101583 ,10.53, 2,2, 54.00, 2.36, 0.01, -999, -999,0.194,0.001,0.663,0.010, -999, -999, -999, -999,0.632,0.015 
 12305574,19211521+5102190 ,10.94, 0,2,-999.00, 2.38, 0.01, -999, -999,0.179,0.001, -999, -999,0.866,0.013,0.815,0.010,0.616,0.013 
 12306695,19240938+5105310 ,11.58, 0,1,-999.00, 2.42, 0.01, -999, -999,0.151,0.001,0.557,0.011,0.859,0.015,0.781,0.012,0.592,0.017 
 12314910,19414879+5102085 ,11.36, 2,0,104.00, 2.27, 0.01, -999, -999, -999, -999, -999, -999, -999, -999, -999, -999, -999, -999 
 12316494,19443415+5103342 ,11.52, 0,2,-999.00, 2.41, 0.01, -999, -999, -999, -999, -999, -999, -999, -999, -999, -999, -999, -999 
 12316788,19450710+5104564 ,12.35, 0,0,-999.00, 2.51, 0.01, -999, -999, -999, -999, -999, -999, -999, -999, -999, -999, -999, -999 
 12352536,19153235+5106057 ,11.62, 0,1,-999.00, 2.10, 0.01, -999, -999,0.182,0.002,0.558,0.007,0.884,0.008,0.784,0.007,0.581,0.010 
 12356204,19234583+5109182 ,10.57, 0,2,-999.00, 2.87, 0.01, -999, -999,0.197,0.003,0.701,0.015,0.896,0.018,0.753,0.016,0.622,0.021 
 12356292,19240128+5106248 ,11.72, 0,2,-999.00, 2.33, 0.01, -999, -999, -999, -999, -999, -999, -999, -999, -999, -999, -999, -999 
 12365806,19424923+5111046 ,12.27, 0,2,-999.00, 2.40, 0.01, -999, -999, -999, -999, -999, -999, -999, -999, -999, -999, -999, -999 
 12366461,19435806+5109441 ,11.29, 0,2,-999.00, 2.55, 0.01, -999, -999, -999, -999, -999, -999, -999, -999, -999, -999, -999, -999 
 12366537,19440583+5106214 ,10.35, 0,0,-999.00, 2.59, 0.01, -999, -999, -999, -999, -999, -999, -999, -999, -999, -999, -999, -999 
 12401274,19111204+5117354 ,11.80, 0,2,-999.00, 2.51, 0.01, -999, -999,0.144,0.002,0.670,0.006,0.871,0.008,0.686,0.008,0.515,0.008 
 12401315,19111786+5114033 ,11.89, 0,0,-999.00, 2.35, 0.01, -999, -999,0.125,0.004,0.606,0.007,0.862,0.010,0.772,0.008,0.581,0.009 
 12403474,19161592+5112098 ,10.79, 0,1,-999.00, 3.00, 0.01, -999, -999, -999, -999, -999, -999, -999, -999, -999, -999, -999, -999 
 12403985,19172305+5115127 ,10.68, 0,2,-999.00, 2.51, 0.01, -999, -999,0.208,0.004,0.731,0.003,0.909,0.008,0.780,0.007,0.642,0.004 
 12406029,19215474+5117561 ,11.61, 0,2,-999.00, 2.45, 0.01, -999, -999,0.125,0.002,0.668,0.005,0.887,0.006,0.745,0.006,0.596,0.004 
 12406680,19231319+5112565 ,12.37, 0,0,-999.00, 2.57, 0.01, -999, -999,0.178,0.001,0.616,0.002,0.874,0.003,0.749,0.003,0.595,0.012 
 12406908,19234498+5116118 ,12.35, 1,0, 13.39,-999.00,-999.00, -999, -999,0.622,0.004,0.655,0.003,0.844,0.003,0.947,0.004,0.798,0.004 
 12407468,19250217+5115480 ,11.43, 0,1,-999.00, 2.97, 0.01, -999, -999,0.187,0.002,0.602,0.012,0.884,0.015,0.779,0.016,0.623,0.013 
 12418275,19444994+5112330 ,12.13,54,0,-999.00,-999.00,-999.00, -999, -999, -999, -999, -999, -999, -999, -999, -999, -999, -999, -999 
 12418339,19445589+5113579 ,11.99, 0,2,-999.00, 2.47, 0.01, -999, -999, -999, -999, -999, -999, -999, -999, -999, -999, -999, -999 
 12418515,19451461+5117346 ,11.80, 0,2,-999.00, 2.45, 0.01, -999, -999, -999, -999, -999, -999, -999, -999, -999, -999, -999, -999 
 12453551,19100079+5121048 , 9.46, 0,2,-999.00, 2.62, 0.01, -999, -999,0.216,0.006,0.629,0.006,0.865,0.008,0.763,0.007,0.571,0.014 
 12453667,19101865+5118567 , 9.63, 0,2,-999.00, 2.93, 0.01, -999, -999,0.176,0.003,0.692,0.006,0.874,0.008,0.718,0.007,0.573,0.009 
 12454043,19111342+5121121 ,12.47, 0,0,-999.00, 2.36, 0.01, -999, -999, -999, -999, -999, -999, -999, -999, -999, -999, -999, -999 
 12454201,19113869+5122572 ,11.05, 0,2,-999.00, 2.50, 0.01, -999, -999,0.134,0.005,0.650,0.007,0.865,0.010,0.752,0.009,0.541,0.009 
 12455117,19135545+5121190 ,11.32, 0,2,-999.00, 2.39, 0.01, -999, -999, -999, -999, -999, -999, -999, -999, -999, -999, -999, -999 
 12455203,19140572+5123376 , 9.33, 0,2,-999.00, 2.80, 0.01, -999, -999, -999, -999, -999, -999, -999, -999, -999, -999, -999, -999 
 12455334,19142131+5121421 ,12.10, 0,0,-999.00, 3.14, 0.01, -999, -999,0.127,0.002,0.556,0.003,0.860,0.004,0.774,0.004,0.602,0.006 
 12455504,19144493+5123552 ,11.84, 0,0,-999.00, 2.46, 0.01, -999, -999, -999, -999, -999, -999, -999, -999, -999, -999, -999, -999 
 12458003,19202289+5120103 ,12.08, 0,0,-999.00, 2.45, 0.01, -999, -999, -999, -999, -999, -999, -999, -999, -999, -999, -999, -999 
 12458419,19211716+5121108 ,10.78, 2,2, 38.70, 2.38, 0.01, -999, -999, -999, -999, -999, -999, -999, -999, -999, -999, -999, -999 
 12458539,19213215+5120212 , 9.95, 0,1,-999.00, 3.00, 0.01, -999, -999, -999, -999, -999, -999, -999, -999, -999, -999, -999, -999 
 12459622,19235561+5122206 , 9.64, 0,2,-999.00, 2.59, 0.01, -999, -999,0.185,0.004,0.555,0.020,0.881,0.027,0.837,0.026,0.643,0.002 
 12470054,19440543+5118020 ,11.38, 0,1,-999.00, 3.11, 0.01, -999, -999, -999, -999, -999, -999, -999, -999, -999, -999, -999, -999 
 12471214,19460338+5119334 ,10.45, 0,2,-999.00, 2.41, 0.01, -999, -999, -999, -999, -999, -999, -999, -999, -999, -999, -999, -999 
 12505459,19141174+5126293 ,12.37, 0,2,-999.00, 2.37, 0.01, -999, -999,0.144,0.002,0.658,0.003,0.901,0.005,0.780,0.004,0.625,0.027 
 12506130,19154367+5124490 ,10.07, 3,0,155.00, 2.48, 0.01, -999, -999, -999, -999, -999, -999, -999, -999, -999, -999, -999, -999 
 12506245,19155986+5129205 ,12.47, 0,0,-999.00, 2.18, 0.01, -999, -999, -999, -999, -999, -999, -999, -999, -999, -999, -999, -999 
 12506290,19160506+5127076 ,11.28, 0,2,-999.00, 2.44, 0.01, -999, -999, -999, -999, -999, -999, -999, -999, -999, -999, -999, -999 
 12506577,19164093+5126136 ,11.62, 0,0,-999.00, 2.18, 0.01, -999, -999, -999, -999, -999, -999, -999, -999, -999, -999, -999, -999 
 12507415,19183304+5126362 ,11.12, 2,2, 62.00, 2.42, 0.02, -999, -999,0.221,0.002, -999, -999,0.845,0.002,0.783,0.002,0.597,0.004 
 12507577,19185863+5128563 ,11.39, 0,1,-999.00, 2.83, 0.01, -999, -999,0.162,0.004,0.529,0.008,0.853,0.010,0.782,0.009,0.572,0.012 
 12519768,19445186+5126321 ,11.93, 0,0,-999.00, 2.28, 0.01, -999, -999, -999, -999, -999, -999, -999, -999, -999, -999, -999, -999 
 12520106,19452296+5124134 ,11.63, 0,2,-999.00, 2.52, 0.01, -999, -999, -999, -999, -999, -999, -999, -999, -999, -999, -999, -999 
 12552858,19121175+5131189 ,12.28, 0,0,-999.00, 3.13, 0.01, -999, -999,0.223,0.002,0.637,0.003,0.901,0.025,0.760,0.021,0.651,0.003 
 12885373,19210395+5217338 ,11.84, 0,1,-999.00, 2.63, 0.01, -999, -999,0.136,0.001,0.568,0.002,0.866,0.002,0.776,0.002,0.586,0.002 
 12554556,19163371+5130066 , 9.54, 0,1,-999.00, 2.95, 0.01, -999, -999, -999, -999, -999, -999, -999, -999, -999, -999, -999, -999 
 12555458,19185430+5131399 ,11.54, 0,2,-999.00, 2.42, 0.01, -999, -999,0.186,0.001,0.748,0.017,0.912,0.004,0.716,0.004,0.617,0.018 
 12555589,19191433+5133303 ,10.99, 0,2,-999.00, 2.43, 0.01, -999, -999, -999, -999, -999, -999, -999, -999, -999, -999, -999, -999 
 12555826,19194495+5135581 ,12.40, 0,2,-999.00, 2.73, 0.01, -999, -999,0.184,0.002,0.522,0.003,0.876,0.005,0.792,0.005,0.613,0.004 
 12555902,19195473+5133319 ,11.99, 0,2,-999.00, 2.48, 0.01, -999, -999,0.178,0.001, -999, -999,0.844,0.005,0.820,0.004,0.578,0.008 
 12557207,19230077+5133248 ,12.08, 0,1,-999.00, 2.84, 0.01, -999, -999,0.170,0.002,0.562,0.008,0.891,0.005,0.795,0.004,0.621,0.006 
 12598914,19133333+5139452 ,11.32, 0,1,-999.00, 2.22, 0.01, -999, -999,0.152,0.002,0.682,0.003,0.878,0.006,0.753,0.005,0.604,0.005 
 12599612,19152241+5141504 ,12.43, 0,0,-999.00, 2.62, 0.01, -999, -999,0.152,0.002,0.582,0.003,0.886,0.010,0.813,0.008,0.631,0.006 
 12599878,19155731+5137149 ,10.93, 0,2,-999.00, 2.47, 0.01, -999, -999, -999, -999, -999, -999, -999, -999, -999, -999, -999, -999 
 12600075,19162285+5139076 ,11.33, 3,0, 49.00, 2.47, 0.01, -999, -999,0.211,0.001,0.710,0.005,0.911,0.003,0.750,0.003,0.646,0.004 
 12600471,19172161+5140182 ,10.89, 0,0,-999.00, 2.19, 0.01, -999, -999, -999, -999, -999, -999, -999, -999, -999, -999, -999, -999 
 12601771,19201990+5136413 ,11.77, 0,1,-999.00, 3.17, 0.01, -999, -999,0.215,0.002,0.597,0.002,0.901,0.007,0.771,0.005,0.649,0.008 
 12603035,19233413+5137567 ,11.86, 0,2,-999.00, 2.38, 0.01, -999, -999,0.164,0.001,0.587,0.004,0.874,0.005,0.778,0.005,0.583,0.004 
 12603148,19235288+5136303 ,12.49, 0,2,-999.00, 2.66, 0.01, -999, -999,0.144,0.002,0.630,0.004,0.868,0.003,0.774,0.003,0.601,0.004 
 12644579,19154905+5142452 ,12.01, 0,0,-999.00, 2.43, 0.01, -999, -999,0.139,0.002,0.690,0.003,0.893,0.005,0.752,0.004,0.592,0.004 
 12645107,19171249+5145113 ,11.20, 0,2,-999.00, 2.39, 0.01, -999, -999,0.152,0.002,0.691,0.005,0.896,0.007,0.779,0.008,0.615,0.004 
 12645202,19172694+5146422 ,11.31, 0,2,-999.00, 2.45, 0.01, -999, -999, -999, -999, -999, -999, -999, -999, -999, -999, -999, -999 
 12646386,19201158+5145573 , 8.62, 0,0,-999.00, 2.40, 0.01, -999, -999, -999, -999, -999, -999, -999, -999, -999, -999, -999, -999 
 12647227,19221421+5146510 , 9.42, 0,0,-999.00, 2.49, 0.01, -999, -999,0.192,0.001,0.682,0.005,0.897,0.007,0.748,0.006,0.602,0.009 
 12647649,19230810+5147030 ,10.63, 0,2,-999.00, 2.42, 0.01, -999, -999, -999, -999, -999, -999, -999, -999, -999, -999, -999, -999 
 12688781,19145163+5148022 ,12.20, 0,2,-999.00, 2.57, 0.01, -999, -999, -999, -999, -999, -999, -999, -999, -999, -999, -999, -999 
 12689984,19174489+5150546 ,11.28, 2,0,146.00, 2.62, 0.01, -999, -999,0.189,0.001,0.683,0.003,0.883,0.004,0.754,0.004,0.595,0.007 
 12691122,19202986+5149444 ,11.04, 0,2,-999.00, 2.39, 0.01, -999, -999,0.157,0.002,0.684,0.003,0.902,0.004,0.782,0.005,0.643,0.004 
 12691710,19215700+5148002 ,10.26, 0,2,-999.00, 2.50, 0.01, -999, -999,0.151,0.002,0.653,0.013,0.861,0.020,0.732,0.019,0.551,0.017 
 12691734,19220075+5148127 ,11.19, 0,2,-999.00, 2.58, 0.01, -999, -999,0.174,0.002,0.656,0.002,0.868,0.002,0.736,0.002,0.572,0.003 
 12735106,19172948+5156326 ,11.85, 0,2,-999.00, 2.41, 0.01, -999, -999,0.119,0.001,0.591,0.006,0.858,0.009,0.783,0.008,0.561,0.008 
 12735851,19192010+5158343 ,12.27, 0,0,-999.00, 2.53, 0.01, -999, -999,0.204,0.002,0.641,0.002,0.906,0.003,0.787,0.003,0.642,0.003 
 12737278,19223578+5157569 ,11.23, 0,1,-999.00, 3.16, 0.01, -999, -999,0.176,0.003, -999, -999,0.850,0.012,0.784,0.008,0.584,0.010 
 12784683,19203094+5203289 ,11.20, 0,2,-999.00, 2.37, 0.01, -999, -999,0.150,0.001,0.701,0.007,0.882,0.004,0.752,0.003,0.606,0.048 
 12784948,19210624+5200236 ,12.14, 0,2,-999.00, 2.44, 0.01, -999, -999,0.182,0.003,0.710,0.003,0.898,0.003,0.706,0.003,0.608,0.003 
  1572049,19242968+3711000 ,11.57, 2,2, 18.00, 2.65, 0.01, -999, -999,0.230,0.003,0.721,0.006,0.852,0.007,0.730,0.006,0.616,0.006 
  1873204,19300331+3718283 ,10.24, 0,0,-999.00, 2.39, 0.01, -999, -999, -999, -999, -999, -999, -999, -999, -999, -999, -999, -999 
  2989840,19255432+3809542 , 9.88, 0,1,-999.00, 2.41, 0.01, -999, -999,0.145,0.002, -999, -999,0.839,0.011,0.799,0.010,0.535,0.010 
  3954440,19261316+3901173 , 9.85, 0,2,-999.00, 3.33, 0.01, -999, -999,0.181,0.002,0.560,0.007,0.858,0.010,0.785,0.009,0.585,0.007 
  4054908,19234064+3911347 ,10.73, 0,0,-999.00, 2.20, 0.01, -999, -999, -999, -999, -999, -999, -999, -999, -999, -999, -999, -999 
  4574621,19401586+3939252 , 8.64, 0,2,-999.00, 2.70, 0.01, -999, -999, -999, -999, -999, -999, -999, -999, -999, -999, -999, -999 
  5737655,19580237+4055365 , 7.20, 0,2,-999.00, 2.40, 0.01, -999, -999, -999, -999, -999, -999, -999, -999, -999, -999, -999, -999 
  5954370,19193368+4116160 , 7.42, 2,0, 44.00, 2.10, 0.01, -999, -999,0.248,0.003,0.650,0.003,0.893,0.005,0.783,0.004,0.691,0.004 
  6150124,19543533+4127517 , 7.25, 0,2,-999.00, 2.54, 0.01, -999, -999, -999, -999, -999, -999, -999, -999, -999, -999, -999, -999 
  6308323,19515112+4140108 ,11.75, 0,0,-999.00, 2.47, 0.01, -999, -999,0.122,0.004,0.631,0.004,0.861,0.007,0.760,0.007,0.532,0.006 
  7366121,19311815+4259132 , 6.92, 0,2,-999.00, 2.55, 0.01, -999, -999, -999, -999, -999, -999, -999, -999, -999, -999, -999, -999 
  7374855,19410837+4254593 , 8.77, 0,0,-999.00, 2.49, 0.01, -999, -999,0.141,0.002,0.610,0.004,0.848,0.018,0.765,0.014,0.547,0.006 
  7587374,18543446+4315537 , 8.73, 0,1,-999.00, 3.07, 0.01, -999, -999, -999, -999, -999, -999, -999, -999, -999, -999, -999, -999 
  7944142,18592870+4343593 , 7.82, 4,0,-999.00, 2.80, 0.01, -999, -999, -999, -999, -999, -999, -999, -999, -999, -999, -999, -999 
  9266192,18570550+4543290 , 9.08, 2,2, 97.00, 2.84, 0.01,0.109,0.428,0.219,0.002,0.712,0.006,0.876,0.007,0.713,0.007,0.586,0.007 
  9657639,19404676+4623077 , 7.49, 0,1,-999.00, 2.35, 0.01, -999, -999, -999, -999, -999, -999, -999, -999, -999, -999, -999, -999 
 10404994,19274548+4732129 , 7.42, 0,2,-999.00, 2.51, 0.01, -999, -999, -999, -999, -999, -999, -999, -999, -999, -999, -999, -999 
 10525205,19094672+4744485 , 7.79, 0,2,-999.00, 2.40, 0.01, -999, -999, -999, -999, -999, -999, -999, -999, -999, -999, -999, -999 
 10716853,19010654+4802081 , 6.89, 0,2,-999.00, 2.59, 0.01,0.765,0.367, -999, -999, -999, -999, -999, -999, -999, -999, -999, -999 
 11674677,19505527+4942009 , 7.10, 0,2,-999.00, 2.46, 0.01,1.174,0.376, -999, -999, -999, -999, -999, -999, -999, -999, -999, -999 
 12356649,19245234+5110499 ,10.20, 3,2,136.00, 2.90, 0.01, -999, -999,0.278,0.002,0.750,0.005,0.892,0.007,0.694,0.005,0.642,0.007 
 12884274,19184088+5214506 , 7.59, 0,2,-999.00, 2.55, 0.01, -999, -999, -999, -999, -999, -999, -999, -999, -999, -999, -999, -999 
 12783745,19182605+5200083 , 8.94, 0,2,-999.00, 2.77, 0.01, -999, -999, -999, -999, -999, -999, -999, -999, -999, -999, -999, -999 
