KIC,lamost_id,RA (deg),DEC (deg),dtheta (arcsec),lamost filename 
 1027337, 52501012,291.334208,36.786639,0.0480,spec-56094-kepler05B56094_2_sp01-012.fits.gz 
 1160789,369701218,290.887685,36.872429,2.9576,spec-57308-KP192409N391242V01_sp01-218.fits.gz 
 1161618,369701001,291.108920,36.813927,2.2967,spec-57308-KP192409N391242V01_sp01-001.fits.gz 
 1162746,369801004,291.359990,36.819889,0.0313,spec-57308-KP192409N391242V02_sp01-004.fits.gz 
 1162746,580601013,291.359990,36.819889,0.0313,spec-57918-KP192409N391242V04_sp01-013.fits.gz 
 1163453,369701188,291.513400,36.833950,0.0000,spec-57308-KP192409N391242V01_sp01-188.fits.gz 
 1163453,580501002,291.513400,36.833950,0.0000,spec-57918-KP192409N391242V03_sp01-002.fits.gz 
 1163621, 52501191,291.554083,36.807389,0.0464,spec-56094-kepler05B56094_2_sp01-191.fits.gz 
 1294122, 52501008,291.279917,36.907028,0.0328,spec-56094-kepler05B56094_2_sp01-008.fits.gz 
 1294385,580601018,291.340119,36.903642,3.8120,spec-57918-KP192409N391242V04_sp01-018.fits.gz 
 1429505,369701036,290.737000,37.036819,0.0000,spec-57308-KP192409N391242V01_sp01-036.fits.gz 
 1429505,580501039,290.737000,37.036819,0.0000,spec-57918-KP192409N391242V03_sp01-039.fits.gz 
 1433593,580601183,291.679110,37.072220,0.0053,spec-57918-KP192409N391242V04_sp01-183.fits.gz 
 1433730,369701192,291.709200,37.051750,0.8604,spec-57308-KP192409N391242V01_sp01-192.fits.gz 
 1433803,369801182,291.726550,37.038471,2.3678,spec-57308-KP192409N391242V02_sp01-182.fits.gz 
 1435573,580607159,292.110260,37.093609,0.0296,spec-57918-KP192409N391242V04_sp07-159.fits.gz 
 1569842,580601031,290.621670,37.174599,0.0053,spec-57918-KP192409N391242V04_sp01-031.fits.gz 
 1571780,369801096,291.058760,37.195481,0.7313,spec-57308-KP192409N391242V02_sp01-096.fits.gz 
 1572175,369701083,291.149630,37.105679,0.0341,spec-57308-KP192409N391242V01_sp01-083.fits.gz 
 1572175,580501092,291.149630,37.105679,0.0341,spec-57918-KP192409N391242V03_sp01-092.fits.gz 
 1572780,580601083,291.289832,37.139651,4.3417,spec-57918-KP192409N391242V04_sp01-083.fits.gz 
 1575886,369707170,291.928740,37.153770,0.0310,spec-57308-KP192409N391242V01_sp07-170.fits.gz 
 1575886,580601195,291.928740,37.153770,0.0310,spec-57918-KP192409N391242V04_sp01-195.fits.gz 
 1576469, 52507151,292.042375,37.112361,0.0414,spec-56094-kepler05B56094_2_sp07-151.fits.gz 
 1577143,580507167,292.176253,37.120636,4.3958,spec-57918-KP192409N391242V03_sp07-167.fits.gz 
 1717618, 52401048,290.596458,37.205833,0.0675,spec-56094-kepler05B56094_sp01-048.fits.gz 
 1720425, 52401090,291.293917,37.263861,0.2298,spec-56094-kepler05B56094_sp01-090.fits.gz 
 1723843,369707164,292.018830,37.231911,0.0263,spec-57308-KP192409N391242V01_sp07-164.fits.gz 
 1723843,580507160,292.018830,37.231911,0.0263,spec-57918-KP192409N391242V03_sp07-160.fits.gz 
 1724879,369707229,292.234210,37.272910,1.2279,spec-57308-KP192409N391242V01_sp07-229.fits.gz 
 1725190,369707246,292.295238,37.225099,3.4191,spec-57308-KP192409N391242V01_sp07-246.fits.gz 
 1726211, 52407250,292.504500,37.292778,0.0841,spec-56094-kepler05B56094_sp07-250.fits.gz 
 1864183,369801053,290.482180,37.372452,0.0271,spec-57308-KP192409N391242V02_sp01-053.fits.gz 
 1864183,580501059,290.482180,37.372452,0.0271,spec-57918-KP192409N391242V03_sp01-059.fits.gz 
 1864855, 52401064,290.636708,37.345611,0.1135,spec-56094-kepler05B56094_sp01-064.fits.gz 
 1867706,369801106,291.330870,37.311192,0.0123,spec-57308-KP192409N391242V02_sp01-106.fits.gz 
 1868101, 52401115,291.416083,37.367278,0.1681,spec-56094-kepler05B56094_sp01-115.fits.gz 
 1872166,580707163,292.287290,37.317459,0.0319,spec-57918-KP192409N391242V05_sp07-163.fits.gz 
 1872375, 52507242,292.331083,37.325000,0.0529,spec-56094-kepler05B56094_2_sp07-242.fits.gz 
 1872842,369707215,292.432130,37.374710,0.0264,spec-57308-KP192409N391242V01_sp07-215.fits.gz 
 1995859,243001005,286.249909,37.482306,0.9746,spec-56811-KP190339N395439V01_sp01-005.fits.gz 
 2011582,369701070,290.743290,37.482010,0.0061,spec-57308-KP192409N391242V01_sp01-070.fits.gz 
 2011891,369701171,290.824830,37.470871,0.0061,spec-57308-KP192409N391242V01_sp01-171.fits.gz 
 2011891,580501070,290.824830,37.470871,0.0061,spec-57918-KP192409N391242V03_sp01-070.fits.gz 
 2013502,369801148,291.191040,37.494041,0.0097,spec-57308-KP192409N391242V02_sp01-148.fits.gz 
 2013502,580601149,291.191040,37.494041,0.0097,spec-57918-KP192409N391242V04_sp01-149.fits.gz 
 2014377,369801132,291.405544,37.453495,2.7240,spec-57308-KP192409N391242V02_sp01-132.fits.gz 
 2015820,369707050,291.740706,37.467035,3.1200,spec-57308-KP192409N391242V01_sp07-050.fits.gz 
 2016676,580607043,291.938140,37.452789,0.0285,spec-57918-KP192409N391242V04_sp07-043.fits.gz 
 2016706,580507043,291.943086,37.461257,4.0791,spec-57918-KP192409N391242V03_sp07-043.fits.gz 
 2018392,369707020,292.313350,37.490891,0.0250,spec-57308-KP192409N391242V01_sp07-020.fits.gz 
 2018392,580507001,292.313350,37.490891,0.0250,spec-57918-KP192409N391242V03_sp07-001.fits.gz 
 2018667,369707016,292.376430,37.486660,0.0263,spec-57308-KP192409N391242V01_sp07-016.fits.gz 
 2018667,580607020,292.376430,37.486660,0.0263,spec-57918-KP192409N391242V04_sp07-020.fits.gz 
 2019396,369707212,292.534700,37.433472,0.0257,spec-57308-KP192409N391242V01_sp07-212.fits.gz 
 2140982,576501004,286.116576,37.560070,4.1025,spec-57908-KP190339N395439V03_sp01-004.fits.gz 
 2141928,243101176,286.423065,37.523972,1.3642,spec-56811-KP190339N395439V02_sp01-176.fits.gz 
 2142095,576501184,286.477720,37.584808,0.0350,spec-57908-KP190339N395439V03_sp01-184.fits.gz 
 2155220,580502058,290.293370,37.579578,0.0275,spec-57918-KP192409N391242V03_sp02-058.fits.gz 
 2156178, 52501052,290.519292,37.525444,0.0426,spec-56094-kepler05B56094_2_sp01-052.fits.gz 
 2157725,580701162,290.882390,37.529060,0.0288,spec-57918-KP192409N391242V05_sp01-162.fits.gz 
 2157901,369701151,290.923950,37.588310,0.0358,spec-57308-KP192409N391242V01_sp01-151.fits.gz 
 2159449, 52401140,291.289208,37.599472,0.0384,spec-56094-kepler05B56094_sp01-140.fits.gz 
 2160161, 52401144,291.448208,37.571778,0.0478,spec-56094-kepler05B56094_sp01-144.fits.gz 
 2160572,580501146,291.534482,37.593142,3.8266,spec-57918-KP192409N391242V03_sp01-146.fits.gz 
 2160901,369707026,291.599400,37.539661,0.0356,spec-57308-KP192409N391242V01_sp07-026.fits.gz 
 2160901,580501144,291.599400,37.539661,0.0356,spec-57918-KP192409N391242V03_sp01-144.fits.gz 
 2163856,369707023,292.226930,37.557442,0.0353,spec-57308-KP192409N391242V01_sp07-023.fits.gz 
 2163856,580607012,292.226930,37.557442,0.0353,spec-57918-KP192409N391242V04_sp07-012.fits.gz 
 2164123,580607001,292.278291,37.535839,3.8061,spec-57918-KP192409N391242V04_sp07-001.fits.gz 
 2164327,580707023,292.328721,37.588723,3.6895,spec-57918-KP192409N391242V05_sp07-023.fits.gz 
 2165198,369707119,292.509800,37.594090,0.0240,spec-57308-KP192409N391242V01_sp07-119.fits.gz 
 2165450,580507019,292.567424,37.584854,3.8179,spec-57918-KP192409N391242V03_sp07-019.fits.gz 
 2283435,576501010,286.136050,37.649658,0.0264,spec-57908-KP190339N395439V03_sp01-010.fits.gz 
 2297785,369702061,290.261930,37.624920,0.0031,spec-57308-KP192409N391242V01_sp02-061.fits.gz 
 2297785,580602058,290.261930,37.624920,0.0031,spec-57918-KP192409N391242V04_sp02-058.fits.gz 
 2299926,369701166,290.763850,37.633598,0.0252,spec-57308-KP192409N391242V01_sp01-166.fits.gz 
 2303367, 52507041,291.536708,37.673389,0.0228,spec-56094-kepler05B56094_2_sp07-041.fits.gz 
 2305930, 52507104,292.106792,37.689806,0.0850,spec-56094-kepler05B56094_2_sp07-104.fits.gz 
 2305992,369707104,292.118990,37.665909,0.0295,spec-57308-KP192409N391242V01_sp07-104.fits.gz 
 2305992,580507027,292.118990,37.665909,0.0295,spec-57918-KP192409N391242V03_sp07-027.fits.gz 
 2307683, 52507103,292.483583,37.682111,0.1148,spec-56094-kepler05B56094_2_sp07-103.fits.gz 
 2309469,369807062,292.870000,37.644218,0.0043,spec-57308-KP192409N391242V02_sp07-062.fits.gz 
 2309469,580507055,292.870000,37.644218,0.0043,spec-57918-KP192409N391242V03_sp07-055.fits.gz 
 2422073,243001089,285.887583,37.721750,0.0708,spec-56811-KP190339N395439V01_sp01-089.fits.gz 
 2422635,576501021,286.073300,37.723919,0.0000,spec-57908-KP190339N395439V03_sp01-021.fits.gz 
 2424822,576507151,286.813230,37.745979,0.0075,spec-57908-KP190339N395439V03_sp07-151.fits.gz 
 2424955,243107167,286.855458,37.779210,1.2727,spec-56811-KP190339N395439V02_sp07-167.fits.gz 
 2438368,580705201,290.308990,37.782742,0.0307,spec-57918-KP192409N391242V05_sp05-201.fits.gz 
 2441995,369701138,291.139590,37.701260,0.0061,spec-57308-KP192409N391242V01_sp01-138.fits.gz 
 2441995,580501154,291.139590,37.701260,0.0061,spec-57918-KP192409N391242V03_sp01-154.fits.gz 
 2442606,580505008,291.282179,37.752336,3.7514,spec-57918-KP192409N391242V03_sp05-008.fits.gz 
 2443903,369708223,291.570590,37.764648,0.0293,spec-57308-KP192409N391242V01_sp08-223.fits.gz 
 2443903,580505005,291.570590,37.764648,0.0293,spec-57918-KP192409N391242V03_sp05-005.fits.gz 
 2444348, 52507036,291.668708,37.704056,0.0630,spec-56094-kepler05B56094_2_sp07-036.fits.gz 
 2446327,580708210,292.106417,37.773400,0.5687,spec-57918-KP192409N391242V05_sp08-210.fits.gz 
 2447529,369707116,292.342900,37.781399,0.0240,spec-57308-KP192409N391242V01_sp07-116.fits.gz 
 2447529,580607110,292.342900,37.781399,0.0240,spec-57918-KP192409N391242V04_sp07-110.fits.gz 
 2447604, 52507114,292.358208,37.733278,0.0478,spec-56094-kepler05B56094_2_sp07-114.fits.gz 
 2448225,580507114,292.498013,37.783790,3.9365,spec-57918-KP192409N391242V03_sp07-114.fits.gz 
 2448260,369807121,292.504270,37.711189,0.0332,spec-57308-KP192409N391242V02_sp07-121.fits.gz 
 2449703,369707074,292.840120,37.731098,0.0271,spec-57308-KP192409N391242V01_sp07-074.fits.gz 
 2449703,580507054,292.840120,37.731098,0.0271,spec-57918-KP192409N391242V03_sp07-054.fits.gz 
 2450318,580507074,292.977390,37.792210,0.0061,spec-57918-KP192409N391242V03_sp07-074.fits.gz 
 2451509, 52507081,293.243250,37.702528,0.0600,spec-56094-kepler05B56094_2_sp07-081.fits.gz 
 2573092, 52405013,290.857083,37.876000,0.2178,spec-56094-kepler05B56094_sp05-013.fits.gz 
 2574191,580705019,291.106667,37.804225,0.7196,spec-57918-KP192409N391242V05_sp05-019.fits.gz 
 2575044, 52505003,291.300625,37.855917,0.0246,spec-56094-kepler05B56094_2_sp05-003.fits.gz 
 2576993,580508204,291.708560,37.896474,3.8283,spec-57918-KP192409N391242V03_sp08-204.fits.gz 
 2578198,369808203,291.951810,37.892441,0.0087,spec-57308-KP192409N391242V02_sp08-203.fits.gz 
 2578198,580708219,291.951810,37.892441,0.0087,spec-57918-KP192409N391242V05_sp08-219.fits.gz 
 2579661,369707102,292.268830,37.892941,0.0271,spec-57308-KP192409N391242V01_sp07-102.fits.gz 
 2583386,369807192,293.082790,37.859348,0.0316,spec-57308-KP192409N391242V02_sp07-192.fits.gz 
 2583386,580707176,293.082790,37.859348,0.0316,spec-57918-KP192409N391242V05_sp07-176.fits.gz 
 2583651,580607084,293.141901,37.814336,3.7944,spec-57918-KP192409N391242V04_sp07-084.fits.gz 
 2584477,369707135,293.321470,37.822010,0.0334,spec-57308-KP192409N391242V01_sp07-135.fits.gz 
 2584997,369707138,293.442960,37.803169,0.0307,spec-57308-KP192409N391242V01_sp07-138.fits.gz 
 2584997,580607133,293.442960,37.803169,0.0307,spec-57918-KP192409N391242V04_sp07-133.fits.gz 
 2585190,373101244,293.483670,37.873329,0.0061,spec-57314-KP193708N401249V01_sp01-244.fits.gz 
 2585190,579801244,293.483670,37.873329,0.0061,spec-57917-KP193708N401249V02_sp01-244.fits.gz 
 2693261,243001082,285.958501,37.929556,2.5239,spec-56811-KP190339N395439V01_sp01-082.fits.gz 
 2696262,243107163,286.917500,37.951361,0.0460,spec-56811-KP190339N395439V02_sp07-163.fits.gz 
 2697501,243107250,287.318208,37.901028,0.0536,spec-56811-KP190339N395439V02_sp07-250.fits.gz 
 2708803, 52505100,290.452000,37.963472,0.0389,spec-56094-kepler05B56094_2_sp05-100.fits.gz 
 2710194,369705076,290.791350,37.929111,0.0353,spec-57308-KP192409N391242V01_sp05-076.fits.gz 
 2713305,580605015,291.494200,37.962570,0.0238,spec-57918-KP192409N391242V04_sp05-015.fits.gz 
 2714090,369708190,291.661710,37.979309,0.0087,spec-57308-KP192409N391242V01_sp08-190.fits.gz 
 2714090,580608179,291.661710,37.979309,0.0087,spec-57918-KP192409N391242V04_sp08-179.fits.gz 
 2714397,369708216,291.729461,37.941681,1.8527,spec-57308-KP192409N391242V01_sp08-216.fits.gz 
 2716608, 52507113,292.216833,37.900278,0.0702,spec-56094-kepler05B56094_2_sp07-113.fits.gz 
 2719113, 52507196,292.766083,37.997917,0.0238,spec-56094-kepler05B56094_2_sp07-196.fits.gz 
 2832426,576501093,285.955570,38.003319,0.0331,spec-57908-KP190339N395439V03_sp01-093.fits.gz 
 2833697,243101101,286.342572,38.055617,3.3229,spec-56811-KP190339N395439V02_sp01-101.fits.gz 
 2833709,243101101,286.342572,38.055617,6.4588,spec-56811-KP190339N395439V02_sp01-101.fits.gz 
 2834230,576507049,286.500000,38.060030,4.2127,spec-57908-KP190339N395439V03_sp07-049.fits.gz 
 2845610, 52405224,289.864208,38.028111,0.0538,spec-56094-kepler05B56094_sp05-224.fits.gz 
 2848618,369705026,290.603550,38.054371,0.0360,spec-57308-KP192409N391242V01_sp05-026.fits.gz 
 2848618,580505026,290.603550,38.054371,0.0360,spec-57918-KP192409N391242V03_sp05-026.fits.gz 
 2848725,369805099,290.627040,38.003071,0.0075,spec-57308-KP192409N391242V02_sp05-099.fits.gz 
 2848725,580605026,290.627040,38.003071,0.0075,spec-57918-KP192409N391242V04_sp05-026.fits.gz 
 2852961,369708185,291.546595,38.052698,2.4228,spec-57308-KP192409N391242V01_sp08-185.fits.gz 
 2856589,580608106,292.311130,38.060951,0.0043,spec-57918-KP192409N391242V04_sp08-106.fits.gz 
 2858740, 52507179,292.768792,38.028583,0.0374,spec-56094-kepler05B56094_2_sp07-179.fits.gz 
 2860010,373102108,293.040650,38.004601,0.0240,spec-57314-KP193708N401249V01_sp02-108.fits.gz 
 2860936, 52406215,293.241917,38.043361,0.1900,spec-56094-kepler05B56094_sp06-215.fits.gz 
 2860936, 52802104,293.241917,38.043361,0.1900,spec-56096-kepler08B56096_1_sp02-104.fits.gz 
 2861630,580507142,293.392490,38.059139,0.0307,spec-57918-KP192409N391242V03_sp07-142.fits.gz 
 2984102,369805226,290.101260,38.161461,0.0043,spec-57308-KP192409N391242V02_sp05-226.fits.gz 
 2984102,580705242,290.101260,38.161461,0.0043,spec-57918-KP192409N391242V05_sp05-242.fits.gz 
 2987113,369805040,290.855270,38.153543,1.6108,spec-57308-KP192409N391242V02_sp05-040.fits.gz 
 2988295,369805128,291.137050,38.131821,0.0244,spec-57308-KP192409N391242V02_sp05-128.fits.gz 
 2988295,580605140,291.137050,38.131821,0.0244,spec-57918-KP192409N391242V04_sp05-140.fits.gz 
 2988638,369705128,291.207860,38.125000,0.0309,spec-57308-KP192409N391242V01_sp05-128.fits.gz 
 2988988, 52405130,291.288500,38.139750,0.1062,spec-56094-kepler05B56094_sp05-130.fits.gz 
 2990932, 52508187,291.712083,38.159333,0.0236,spec-56094-kepler05B56094_2_sp08-187.fits.gz 
 2992250,580508123,292.003910,38.162369,0.0285,spec-57918-KP192409N391242V03_sp08-123.fits.gz 
 2992350,369708119,292.023254,38.103947,3.1534,spec-57308-KP192409N391242V01_sp08-119.fits.gz 
 2995130,579802224,292.628780,38.161919,0.0331,spec-57917-KP193708N401249V02_sp02-224.fits.gz 
 2996019,579802216,292.816590,38.154678,0.0321,spec-57917-KP193708N401249V02_sp02-216.fits.gz 
 2997437,580706214,293.126908,38.102156,0.5672,spec-57918-KP192409N391242V05_sp06-214.fits.gz 
 3001851, 52901049,294.064125,38.103583,0.0480,spec-56096-kepler08B56096_2_sp01-049.fits.gz 
 3098179,243101147,285.999296,38.254172,0.3408,spec-56811-KP190339N395439V02_sp01-147.fits.gz 
 3098716,576501150,286.188050,38.291988,0.0238,spec-57908-KP190339N395439V03_sp01-150.fits.gz 
 3100053,243007046,286.662000,38.234472,0.0528,spec-56811-KP190339N395439V01_sp07-046.fits.gz 
 3100193,576507046,286.704620,38.206200,0.0257,spec-57908-KP190339N395439V03_sp07-046.fits.gz 
 3101090,243107108,287.015583,38.269194,0.0950,spec-56811-KP190339N395439V02_sp07-108.fits.gz 
 3101632,243107125,287.218227,38.277201,1.1577,spec-56811-KP190339N395439V02_sp07-125.fits.gz 
 3109520,580505200,289.664250,38.252750,0.0356,spec-57918-KP192409N391242V03_sp05-200.fits.gz 
 3110626,369705184,289.953700,38.281368,0.0242,spec-57308-KP192409N391242V01_sp05-184.fits.gz 
 3110626,580505184,289.953700,38.281368,0.0242,spec-57918-KP192409N391242V03_sp05-184.fits.gz 
 3110733,369705250,289.976350,38.253559,0.0250,spec-57308-KP192409N391242V01_sp05-250.fits.gz 
 3113433,369705160,290.679810,38.274960,0.0282,spec-57308-KP192409N391242V01_sp05-160.fits.gz 
 3114408,580605035,290.934042,38.229511,0.2789,spec-57918-KP192409N391242V04_sp05-035.fits.gz 
 3115946,369705115,291.310580,38.255032,0.0334,spec-57308-KP192409N391242V01_sp05-115.fits.gz 
 3115946,580505110,291.310580,38.255032,0.0334,spec-57918-KP192409N391242V03_sp05-110.fits.gz 
 3116848,369808192,291.521670,38.272129,0.0061,spec-57308-KP192409N391242V02_sp08-192.fits.gz 
 3116848,580508197,291.521670,38.272129,0.0061,spec-57918-KP192409N391242V03_sp08-197.fits.gz 
 3118806, 52408102,291.953292,38.219667,0.0371,spec-56094-kepler05B56094_sp08-102.fits.gz 
 3119526,369708117,292.108580,38.230320,0.0261,spec-57308-KP192409N391242V01_sp08-117.fits.gz 
 3119555,369808117,292.114650,38.284840,0.0356,spec-57308-KP192409N391242V02_sp08-117.fits.gz 
 3119555,580608117,292.114650,38.284840,0.0356,spec-57918-KP192409N391242V04_sp08-117.fits.gz 
 3120004,369808105,292.213380,38.224522,0.0097,spec-57308-KP192409N391242V02_sp08-105.fits.gz 
 3120004,580508120,292.213380,38.224522,0.0097,spec-57918-KP192409N391242V03_sp08-120.fits.gz 
 3120486,369708124,292.326720,38.204041,0.0075,spec-57308-KP192409N391242V01_sp08-124.fits.gz 
 3120567, 52508128,292.343458,38.297861,0.0000,spec-56094-kepler05B56094_2_sp08-128.fits.gz 
 3120585, 52802218,292.350000,38.219500,0.0916,spec-56096-kepler08B56096_1_sp02-218.fits.gz 
 3120676,373102206,292.375950,38.269989,0.0000,spec-57314-KP193708N401249V01_sp02-206.fits.gz 
 3121940, 52902212,292.671292,38.243250,0.0720,spec-56096-kepler08B56096_2_sp02-212.fits.gz 
 3122185,373102210,292.731110,38.251049,0.0061,spec-57314-KP193708N401249V01_sp02-210.fits.gz 
 3122185,579802210,292.731110,38.251049,0.0061,spec-57917-KP193708N401249V02_sp02-210.fits.gz 
 3123206,373102017,292.974430,38.276630,0.0261,spec-57314-KP193708N401249V01_sp02-017.fits.gz 
 3123206,579802017,292.974430,38.276630,0.0261,spec-57917-KP193708N401249V02_sp02-017.fits.gz 
 3127825,373101045,294.000966,38.202424,1.1507,spec-57314-KP193708N401249V01_sp01-045.fits.gz 
 3130295, 52801106,294.524000,38.298111,0.1446,spec-56096-kepler08B56096_1_sp01-106.fits.gz 
 3130335, 52801090,294.533458,38.227639,0.0000,spec-56096-kepler08B56096_1_sp01-090.fits.gz 
 3222220,243107062,287.701000,38.311861,0.0661,spec-56811-KP190339N395439V02_sp07-062.fits.gz 
 3231503, 52405072,290.461500,38.341972,0.0596,spec-56094-kepler05B56094_sp05-072.fits.gz 
 3232397,369705164,290.730740,38.322750,0.0306,spec-57308-KP192409N391242V01_sp05-164.fits.gz 
 3232397,580505160,290.730740,38.322750,0.0306,spec-57918-KP192409N391242V03_sp05-160.fits.gz 
 3232838,369805163,290.855380,38.362949,0.0263,spec-57308-KP192409N391242V02_sp05-163.fits.gz 
 3232838,580505151,290.855380,38.362949,0.0263,spec-57918-KP192409N391242V03_sp05-151.fits.gz 
 3234396, 52405102,291.289875,38.374028,0.0410,spec-56094-kepler05B56094_sp05-102.fits.gz 
 3234597,580505112,291.341593,38.337278,4.4530,spec-57918-KP192409N391242V03_sp05-112.fits.gz 
 3234703, 52505118,291.369875,38.357556,0.0250,spec-56094-kepler05B56094_2_sp05-118.fits.gz 
 3235616,369708151,291.593750,38.382759,0.0075,spec-57308-KP192409N391242V01_sp08-151.fits.gz 
 3235616,580508151,291.593750,38.382759,0.0075,spec-57918-KP192409N391242V03_sp08-151.fits.gz 
 3238626,580508115,292.346590,38.359161,0.0043,spec-57918-KP192409N391242V03_sp08-115.fits.gz 
 3238859,373102147,292.400240,38.380711,0.0307,spec-57314-KP193708N401249V01_sp02-147.fits.gz 
 3239707, 52406237,292.600083,38.399972,0.0522,spec-56094-kepler05B56094_sp06-237.fits.gz 
 3240670, 52506009,292.845708,38.369889,0.1434,spec-56094-kepler05B56094_2_sp06-009.fits.gz 
 3240670, 52802135,292.845708,38.369889,0.1434,spec-56096-kepler08B56096_1_sp02-135.fits.gz 
 3241374,580506011,293.026685,38.308687,4.3544,spec-57918-KP192409N391242V03_sp06-011.fits.gz 
 3241822, 52506019,293.148208,38.378472,0.0092,spec-56094-kepler05B56094_2_sp06-019.fits.gz 
 3241947,373102011,293.179870,38.301449,0.0331,spec-57314-KP193708N401249V01_sp02-011.fits.gz 
 3247016,373101079,294.379052,38.316694,3.1233,spec-57314-KP193708N401249V01_sp01-079.fits.gz 
 3247531,579801093,294.489170,38.331039,0.0000,spec-57917-KP193708N401249V02_sp01-093.fits.gz 
 3324929,243005008,285.991863,38.425333,1.2095,spec-56811-KP190339N395439V01_sp05-008.fits.gz 
 3326392,576508213,286.564850,38.462769,0.0234,spec-57908-KP190339N395439V03_sp08-213.fits.gz 
 3326790,576508219,286.720670,38.496510,0.0213,spec-57908-KP190339N395439V03_sp08-219.fits.gz 
 3335660, 52405191,289.654583,38.430000,0.0412,spec-56094-kepler05B56094_sp05-191.fits.gz 
 3336731, 52505180,289.945500,38.407500,0.0532,spec-56094-kepler05B56094_2_sp05-180.fits.gz 
 3337740, 52505074,290.216375,38.433194,0.0397,spec-56094-kepler05B56094_2_sp05-074.fits.gz 
 3339443,369705152,290.710360,38.404560,0.0053,spec-57308-KP192409N391242V01_sp05-152.fits.gz 
 3339443,580505157,290.710360,38.404560,0.0053,spec-57918-KP192409N391242V03_sp05-157.fits.gz 
 3339894, 52405169,290.842708,38.442028,0.1092,spec-56094-kepler05B56094_sp05-169.fits.gz 
 3341327, 52505121,291.241042,38.445194,0.0222,spec-56094-kepler05B56094_2_sp05-121.fits.gz 
 3342658,369808151,291.573520,38.412079,0.0335,spec-57308-KP192409N391242V02_sp08-151.fits.gz 
 3342658,580708151,291.573520,38.412079,0.0335,spec-57918-KP192409N391242V05_sp08-151.fits.gz 
 3343931,369708021,291.883540,38.440430,0.0081,spec-57308-KP192409N391242V01_sp08-021.fits.gz 
 3346501, 52508148,292.516417,38.404194,0.1083,spec-56094-kepler05B56094_2_sp08-148.fits.gz 
 3346501, 52802132,292.516417,38.404194,0.1083,spec-56096-kepler08B56096_1_sp02-132.fits.gz 
 3346779,373102150,292.593900,38.437801,0.0353,spec-57314-KP193708N401249V01_sp02-150.fits.gz 
 3346779,579802131,292.593900,38.437801,0.0353,spec-57917-KP193708N401249V02_sp02-131.fits.gz 
 3346779,580706237,292.593900,38.437801,0.0353,spec-57918-KP192409N391242V05_sp06-237.fits.gz 
 3347431,369806232,292.765108,38.485103,0.8531,spec-57308-KP192409N391242V02_sp06-232.fits.gz 
 3347431,580506233,292.765108,38.485103,0.8531,spec-57918-KP192409N391242V03_sp06-233.fits.gz 
 3353773, 52901161,294.326583,38.429639,0.0391,spec-56096-kepler08B56096_2_sp01-161.fits.gz 
 3355015,373101131,294.613160,38.466129,0.0069,spec-57314-KP193708N401249V01_sp01-131.fits.gz 
 3355015,579801131,294.613160,38.466129,0.0069,spec-57917-KP193708N401249V02_sp01-131.fits.gz 
 3356438, 52807033,294.929958,38.478667,0.0507,spec-56096-kepler08B56096_1_sp07-033.fits.gz 
 3424072,576505205,284.999306,38.589439,4.2975,spec-57908-KP190339N395439V03_sp05-205.fits.gz 
 3425476,243005080,285.579129,38.598558,0.3752,spec-56811-KP190339N395439V01_sp05-080.fits.gz 
 3427629,243008218,286.401833,38.503472,0.0460,spec-56811-KP190339N395439V01_sp08-218.fits.gz 
 3427850,576508188,286.484143,38.591886,5.0857,spec-57908-KP190339N395439V03_sp08-188.fits.gz 
 3428530,243108219,286.742583,38.534750,0.0527,spec-56811-KP190339N395439V02_sp08-219.fits.gz 
 3431022,576507184,287.668180,38.557941,0.0081,spec-57908-KP190339N395439V03_sp07-184.fits.gz 
 3432732, 52510077,288.238833,38.580972,0.0460,spec-56094-kepler05B56094_2_sp10-077.fits.gz 
 3432802,580610120,288.262970,38.583248,0.0266,spec-57918-KP192409N391242V04_sp10-120.fits.gz 
 3437031,369805176,289.581420,38.503868,0.0332,spec-57308-KP192409N391242V02_sp05-176.fits.gz 
 3439353,369705063,290.220060,38.507858,0.0115,spec-57308-KP192409N391242V01_sp05-063.fits.gz 
 3439353,580605061,290.220060,38.507858,0.0115,spec-57918-KP192409N391242V04_sp05-061.fits.gz 
 3443483,369705120,291.396550,38.533859,0.0246,spec-57308-KP192409N391242V01_sp05-120.fits.gz 
 3443483,580505120,291.396550,38.533859,0.0246,spec-57918-KP192409N391242V03_sp05-120.fits.gz 
 3444374,580508153,291.634280,38.515671,0.0061,spec-57918-KP192409N391242V03_sp08-153.fits.gz 
 3445822,373102092,291.985840,38.504379,0.0075,spec-57314-KP193708N401249V01_sp02-092.fits.gz 
 3445822,579802081,291.985840,38.504379,0.0075,spec-57917-KP193708N401249V02_sp02-081.fits.gz 
 3446775, 52902050,292.222292,38.586611,0.0000,spec-56096-kepler08B56096_2_sp02-050.fits.gz 
 3448282,373102130,292.629460,38.574921,0.0288,spec-57314-KP193708N401249V01_sp02-130.fits.gz 
 3448282,579802130,292.629460,38.574921,0.0288,spec-57917-KP193708N401249V02_sp02-130.fits.gz 
 3449907, 52802228,293.020125,38.579917,0.0244,spec-56096-kepler08B56096_1_sp02-228.fits.gz 
 3453419,579801055,293.865420,38.590389,0.0031,spec-57917-KP193708N401249V02_sp01-055.fits.gz 
 3455760, 52801141,294.440417,38.593250,0.1138,spec-56096-kepler08B56096_1_sp01-141.fits.gz 
 3455843, 52901147,294.459875,38.556556,4.7617,spec-56096-kepler08B56096_2_sp01-147.fits.gz 
 3457190, 52901144,294.775000,38.545833,0.0316,spec-56096-kepler08B56096_2_sp01-144.fits.gz 
 3457618, 52807026,294.869208,38.530167,0.0817,spec-56096-kepler08B56096_1_sp07-026.fits.gz 
 3458643,579907040,295.082319,38.518247,4.3643,spec-57917-KP193708N401249V03_sp07-040.fits.gz 
 3459199, 52807039,295.202917,38.519556,0.1318,spec-56096-kepler08B56096_1_sp07-039.fits.gz 
 3526625,576505099,285.431880,38.667480,0.0000,spec-57908-KP190339N395439V03_sp05-099.fits.gz 
 3529276,576508190,286.505250,38.664478,0.0362,spec-57908-KP190339N395439V03_sp08-190.fits.gz 
 3529480,576508216,286.580599,38.643405,4.7164,spec-57908-KP190339N395439V03_sp08-216.fits.gz 
 3529597,243008195,286.632292,38.678250,0.0226,spec-56811-KP190339N395439V01_sp08-195.fits.gz 
 3530520,576508122,286.983890,38.657509,0.0097,spec-57908-KP190339N395439V03_sp08-122.fits.gz 
 3532985,576506214,287.915160,38.640781,0.0053,spec-57908-KP190339N395439V03_sp06-214.fits.gz 
 3539261,369703049,289.915010,38.676281,0.0043,spec-57308-KP192409N391242V01_sp03-049.fits.gz 
 3539408, 52503049,289.956083,38.680722,0.0775,spec-56094-kepler05B56094_2_sp03-049.fits.gz 
 3545033,369808164,291.549100,38.602379,0.0061,spec-57308-KP192409N391242V02_sp08-164.fits.gz 
 3545033,580508164,291.549100,38.602379,0.0061,spec-57918-KP192409N391242V03_sp08-164.fits.gz 
 3545147,369708154,291.576537,38.642277,1.9124,spec-57308-KP192409N391242V01_sp08-154.fits.gz 
 3546046,580708156,291.805142,38.648092,0.4483,spec-57918-KP192409N391242V05_sp08-156.fits.gz 
 3547236,369708007,292.118100,38.689690,0.0353,spec-57308-KP192409N391242V01_sp08-007.fits.gz 
 3547236,579902094,292.118100,38.689690,0.0353,spec-57917-KP193708N401249V03_sp02-094.fits.gz 
 3548732, 52508057,292.508667,38.692806,0.0404,spec-56094-kepler05B56094_2_sp08-057.fits.gz 
 3553319,373102068,293.635070,38.680000,0.0213,spec-57314-KP193708N401249V01_sp02-068.fits.gz 
 3553319,579802068,293.635070,38.680000,0.0213,spec-57917-KP193708N401249V02_sp02-068.fits.gz 
 3556801,373101140,294.486300,38.622822,0.0364,spec-57314-KP193708N401249V01_sp01-140.fits.gz 
 3557606, 52801130,294.680917,38.681056,0.0726,spec-56096-kepler08B56096_1_sp01-130.fits.gz 
 3558705, 52907036,294.920225,38.643528,3.4438,spec-56096-kepler08B56096_2_sp07-036.fits.gz 
 3558848, 52807036,294.949625,38.663667,0.0513,spec-56096-kepler08B56096_1_sp07-036.fits.gz 
 3559502,373107042,295.087460,38.615719,0.0304,spec-57314-KP193708N401249V01_sp07-042.fits.gz 
 3559502,579807042,295.087460,38.615719,0.0304,spec-57917-KP193708N401249V02_sp07-042.fits.gz 
 3560181,579807029,295.240080,38.677361,0.0328,spec-57917-KP193708N401249V02_sp07-029.fits.gz 
 3631092,576508108,286.829470,38.728539,0.0257,spec-57908-KP190339N395439V03_sp08-108.fits.gz 
 3631402,243108125,286.956875,38.791917,0.0513,spec-56811-KP190339N395439V02_sp08-125.fits.gz 
 3633152,576506010,287.651013,38.764812,3.7815,spec-57908-KP190339N395439V03_sp06-010.fits.gz 
 3634488, 52410103,288.118917,38.791833,0.0716,spec-56094-kepler05B56094_sp10-103.fits.gz 
 3634542,576506217,288.137910,38.785671,0.0307,spec-57908-KP190339N395439V03_sp06-217.fits.gz 
 3634720, 52410109,288.197375,38.790694,0.0217,spec-56094-kepler05B56094_sp10-109.fits.gz 
 3642038,369803011,290.422030,38.742310,0.0261,spec-57308-KP192409N391242V02_sp03-011.fits.gz 
 3642038,580503011,290.422030,38.742310,0.0261,spec-57918-KP192409N391242V03_sp03-011.fits.gz 
 3642135,369703012,290.452030,38.715790,0.0043,spec-57308-KP192409N391242V01_sp03-012.fits.gz 
 3642135,580703011,290.452030,38.715790,0.0043,spec-57918-KP192409N391242V05_sp03-011.fits.gz 
 3644223, 52504076,291.077000,38.788083,0.0541,spec-56094-kepler05B56094_2_sp04-076.fits.gz 
 3644958, 52404088,291.282708,38.755667,0.1198,spec-56094-kepler05B56094_sp04-088.fits.gz 
 3647918,373102094,292.035950,38.728451,0.0350,spec-57314-KP193708N401249V01_sp02-094.fits.gz 
 3647918,579802094,292.035950,38.728451,0.0350,spec-57917-KP193708N401249V02_sp02-094.fits.gz 
 3649673,373102027,292.487950,38.747871,0.0240,spec-57314-KP193708N401249V01_sp02-027.fits.gz 
 3651360, 52406090,292.912917,38.728056,0.0242,spec-56094-kepler05B56094_sp06-090.fits.gz 
 3651360, 52802235,292.912917,38.728056,0.0242,spec-56096-kepler08B56096_1_sp02-235.fits.gz 
 3654361,369706141,293.687840,38.794910,0.0282,spec-57308-KP192409N391242V01_sp06-141.fits.gz 
 3654420, 52406133,293.703417,38.746028,0.0261,spec-56094-kepler05B56094_sp06-133.fits.gz 
 3654437,369806141,293.706910,38.776970,0.0069,spec-57308-KP192409N391242V02_sp06-141.fits.gz 
 3654437,580606198,293.706910,38.776970,0.0069,spec-57918-KP192409N391242V04_sp06-198.fits.gz 
 3656231, 52406129,294.140083,38.788528,0.0460,spec-56094-kepler05B56094_sp06-129.fits.gz 
 3656240,580506159,294.141638,38.700811,0.4433,spec-57918-KP192409N391242V03_sp06-159.fits.gz 
 3660007,373108213,295.016510,38.779579,0.0285,spec-57314-KP193708N401249V01_sp08-213.fits.gz 
 3660374,579808221,295.095340,38.758862,0.0304,spec-57917-KP193708N401249V02_sp08-221.fits.gz 
 3660498,373108221,295.123470,38.719452,0.0337,spec-57314-KP193708N401249V01_sp08-221.fits.gz 
 3660498,579908221,295.123470,38.719452,0.0337,spec-57917-KP193708N401249V03_sp08-221.fits.gz 
 3661494,373107112,295.340359,38.719979,1.6648,spec-57314-KP193708N401249V01_sp07-112.fits.gz 
 3663200,373107117,295.675110,38.795280,0.0304,spec-57314-KP193708N401249V01_sp07-117.fits.gz 
 3663200,579807117,295.675110,38.795280,0.0304,spec-57917-KP193708N401249V02_sp07-117.fits.gz 
 3729799,243005040,285.689208,38.888833,0.0213,spec-56811-KP190339N395439V01_sp05-040.fits.gz 
 3730689,243105130,286.079583,38.806250,0.0415,spec-56811-KP190339N395439V02_sp05-130.fits.gz 
 3733028,243008120,287.002292,38.867389,0.0226,spec-56811-KP190339N395439V01_sp08-120.fits.gz 
 3735269,243006020,287.852729,38.807614,0.5349,spec-56811-KP190339N395439V01_sp06-020.fits.gz 
 3736195,576506224,288.187290,38.897942,0.0301,spec-57908-KP190339N395439V03_sp06-224.fits.gz 
 3736289, 52510102,288.214333,38.840611,0.0123,spec-56094-kepler05B56094_2_sp10-102.fits.gz 
 3736477, 52410144,288.285875,38.897417,0.0602,spec-56094-kepler05B56094_sp10-144.fits.gz 
 3742673,580603017,290.213258,38.812020,4.7060,spec-57918-KP192409N391242V04_sp03-017.fits.gz 
 3744043,369804198,290.615389,38.848042,3.0299,spec-57308-KP192409N391242V02_sp04-198.fits.gz 
 3744681, 52504191,290.809833,38.882389,0.0339,spec-56094-kepler05B56094_2_sp04-191.fits.gz 
 3745153,369704149,290.944980,38.886108,0.0280,spec-57308-KP192409N391242V01_sp04-149.fits.gz 
 3745153,580504149,290.944980,38.886108,0.0280,spec-57918-KP192409N391242V03_sp04-149.fits.gz 
 3747777, 52404114,291.666708,38.890167,0.1628,spec-56094-kepler05B56094_sp04-114.fits.gz 
 3747777, 52802164,291.666708,38.890167,0.1628,spec-56096-kepler08B56096_1_sp02-164.fits.gz 
 3747860,369808239,291.690310,38.852509,0.0097,spec-57308-KP192409N391242V02_sp08-239.fits.gz 
 3748585, 52902165,291.869816,38.801771,3.2860,spec-56096-kepler08B56096_2_sp02-165.fits.gz 
 3748691, 52408228,291.894417,38.847028,0.0462,spec-56094-kepler05B56094_sp08-228.fits.gz 
 3748691, 52902151,291.894417,38.847028,0.0462,spec-56096-kepler08B56096_2_sp02-151.fits.gz 
 3749487,369708244,292.098635,38.871841,1.2773,spec-57308-KP192409N391242V01_sp08-244.fits.gz 
 3750783, 52408062,292.465000,38.821861,0.0460,spec-56094-kepler05B56094_sp08-062.fits.gz 
 3750783, 52902039,292.465000,38.821861,0.0460,spec-56096-kepler08B56096_2_sp02-039.fits.gz 
 3750891,373102039,292.495240,38.800831,0.0304,spec-57314-KP193708N401249V01_sp02-039.fits.gz 
 3754895,579805205,293.514122,38.865523,4.0778,spec-57917-KP193708N401249V02_sp05-205.fits.gz 
 3754895,580506094,293.514122,38.865523,4.0778,spec-57918-KP192409N391242V03_sp06-094.fits.gz 
 3758458, 52805016,294.355292,38.861833,0.1063,spec-56096-kepler08B56096_1_sp05-016.fits.gz 
 3758731, 52905011,294.430042,38.817278,0.0381,spec-56096-kepler08B56096_2_sp05-011.fits.gz 
 3759654, 52905025,294.654042,38.891833,0.0213,spec-56096-kepler08B56096_2_sp05-025.fits.gz 
 3759814, 52805006,294.692708,38.859028,0.1217,spec-56096-kepler08B56096_1_sp05-006.fits.gz 
 3760337,579808202,294.828062,38.839329,4.2647,spec-57917-KP193708N401249V02_sp08-202.fits.gz 
 3763790,579807102,295.569426,38.855171,4.5941,spec-57917-KP193708N401249V02_sp07-102.fits.gz 
 3765594,579807182,295.904300,38.877708,0.0106,spec-57917-KP193708N401249V02_sp07-182.fits.gz 
 3831992,576505230,285.087055,38.915329,3.9342,spec-57908-KP190339N395439V03_sp05-230.fits.gz 
 3834190,576505103,285.991180,38.951141,0.0075,spec-57908-KP190339N395439V03_sp05-103.fits.gz 
 3835996,243008102,286.770417,38.932417,0.1645,spec-56811-KP190339N395439V01_sp08-102.fits.gz 
 3837107,576508128,287.208853,38.945504,4.3953,spec-57908-KP190339N395439V03_sp08-128.fits.gz 
 3839443,580510147,288.114900,38.940990,0.0350,spec-57918-KP192409N391242V03_sp10-147.fits.gz 
 3842255,369710231,289.060120,38.986519,0.0327,spec-57308-KP192409N391242V01_sp10-231.fits.gz 
 3842255,580510238,289.060120,38.986519,0.0327,spec-57918-KP192409N391242V03_sp10-238.fits.gz 
 3842778,369803081,289.225190,38.972038,0.0075,spec-57308-KP192409N391242V02_sp03-081.fits.gz 
 3847071,369804178,290.509310,38.906979,0.0069,spec-57308-KP192409N391242V02_sp04-178.fits.gz 
 3847071,580704178,290.509310,38.906979,0.0069,spec-57918-KP192409N391242V05_sp04-178.fits.gz 
 3847697, 52504176,290.698500,38.989750,0.1455,spec-56094-kepler05B56094_2_sp04-176.fits.gz 
 3849996, 52404107,291.370500,38.967306,0.0844,spec-56094-kepler05B56094_sp04-107.fits.gz 
 3854605, 52408086,292.592646,38.931322,3.1722,spec-56094-kepler05B56094_sp08-086.fits.gz 
 3938291,243005123,286.248338,39.007417,1.7508,spec-56811-KP190339N395439V01_sp05-123.fits.gz 
 3939679,243108012,286.777250,39.060778,0.0456,spec-56811-KP190339N395439V02_sp08-012.fits.gz 
 3940854,243108149,287.268708,39.059556,0.0494,spec-56811-KP190339N395439V02_sp08-149.fits.gz 
 3941538,576506239,287.529210,39.032360,0.0306,spec-57908-KP190339N395439V03_sp06-239.fits.gz 
 3941607,243006233,287.556375,39.074333,0.0512,spec-56811-KP190339N395439V01_sp06-233.fits.gz 
 3942701,580610150,287.986080,39.024281,0.0000,spec-57918-KP192409N391242V04_sp10-150.fits.gz 
 3946270,369803098,289.156206,39.038202,2.1846,spec-57308-KP192409N391242V02_sp03-098.fits.gz 
 3946389,369703098,289.192200,39.088089,0.0000,spec-57308-KP192409N391242V01_sp03-098.fits.gz 
 3946389,580503082,289.192200,39.088089,0.0000,spec-57918-KP192409N391242V03_sp03-082.fits.gz 
 3946593,369703091,289.248020,39.045471,0.0261,spec-57308-KP192409N391242V01_sp03-091.fits.gz 
 3954857,373110195,291.670290,39.091881,0.0304,spec-57314-KP193708N401249V01_sp10-195.fits.gz 
 3955590, 52408030,291.861583,39.012667,0.0352,spec-56094-kepler05B56094_sp08-030.fits.gz 
 3955590, 52802166,291.861583,39.012667,0.0352,spec-56096-kepler08B56096_1_sp02-166.fits.gz 
 3956786,373102182,292.156160,39.044521,0.0307,spec-57314-KP193708N401249V01_sp02-182.fits.gz 
 3956786,579802182,292.156160,39.044521,0.0307,spec-57917-KP193708N401249V02_sp02-182.fits.gz 
 3957521, 52408031,292.353958,39.069778,0.0391,spec-56094-kepler05B56094_sp08-031.fits.gz 
 3957521, 52802186,292.353958,39.069778,0.0391,spec-56096-kepler08B56096_1_sp02-186.fits.gz 
 3958400, 52408088,292.576875,39.082278,0.0147,spec-56094-kepler05B56094_sp08-088.fits.gz 
 3958463,369708088,292.594570,39.077808,0.0346,spec-57308-KP192409N391242V01_sp08-088.fits.gz 
 3958463,580608094,292.594570,39.077808,0.0346,spec-57918-KP192409N391242V04_sp08-094.fits.gz 
 3965022, 52905136,294.268500,39.092917,0.0360,spec-56096-kepler08B56096_2_sp05-136.fits.gz 
 3965149, 52805140,294.299292,39.089833,0.1043,spec-56096-kepler08B56096_1_sp05-140.fits.gz 
 3854943,580508073,292.678040,38.916647,3.8622,spec-57918-KP192409N391242V03_sp08-073.fits.gz 
 3855126,369708100,292.732850,38.923969,0.0232,spec-57308-KP192409N391242V01_sp08-100.fits.gz 
 3855126,580608075,292.732850,38.923969,0.0232,spec-57918-KP192409N391242V04_sp08-075.fits.gz 
 3858634,369806138,293.631410,38.928101,0.0304,spec-57308-KP192409N391242V02_sp06-138.fits.gz 
 3858634,580706127,293.631410,38.928101,0.0304,spec-57918-KP192409N391242V05_sp06-127.fits.gz 
 3858714,369806062,293.650180,38.957569,0.0259,spec-57308-KP192409N391242V02_sp06-062.fits.gz 
 3858850,373105096,293.683290,38.982368,0.0061,spec-57314-KP193708N401249V01_sp05-096.fits.gz 
 3858850,579805096,293.683290,38.982368,0.0061,spec-57917-KP193708N401249V02_sp05-096.fits.gz 
 3860176, 52506057,294.003792,38.946556,0.1196,spec-56094-kepler05B56094_2_sp06-057.fits.gz 
 3860176, 52805085,294.003792,38.946556,0.1196,spec-56096-kepler08B56096_1_sp05-085.fits.gz 
 3860179,579805083,294.004460,38.995312,0.0304,spec-57917-KP193708N401249V02_sp05-083.fits.gz 
 3860253, 52406064,294.025708,38.900778,0.0602,spec-56094-kepler05B56094_sp06-064.fits.gz 
 3860253, 52805080,294.025708,38.900778,0.0602,spec-56096-kepler08B56096_1_sp05-080.fits.gz 
 3861797,579905021,294.402800,38.953289,0.0232,spec-57917-KP193708N401249V03_sp05-021.fits.gz 
 3863402, 52808177,294.793375,38.996139,0.0462,spec-56096-kepler08B56096_1_sp08-177.fits.gz 
 3869326, 52807199,296.033000,38.936694,0.0612,spec-56096-kepler08B56096_1_sp07-199.fits.gz 
 3934458,243005181,284.645528,39.003222,1.8975,spec-56811-KP190339N395439V01_sp05-181.fits.gz 
 3936507,576505160,285.472600,39.002190,0.0234,spec-57908-KP190339N395439V03_sp05-160.fits.gz 
 3965887, 52905149,294.477417,39.081972,0.0141,spec-56096-kepler08B56096_2_sp05-149.fits.gz 
 3967300,373108177,294.831177,39.005665,1.8304,spec-57314-KP193708N401249V01_sp08-177.fits.gz 
 3967501,579808193,294.884820,39.083007,4.5827,spec-57917-KP193708N401249V02_sp08-193.fits.gz 
 3968382, 52808178,295.092917,39.040861,0.1915,spec-56096-kepler08B56096_1_sp08-178.fits.gz 
 3968710,579808104,295.163426,39.084125,4.2654,spec-57917-KP193708N401249V02_sp08-104.fits.gz 
 3968764,373108111,295.178250,39.025162,0.0350,spec-57314-KP193708N401249V01_sp08-111.fits.gz 
 4036007,243005180,284.752500,39.146722,0.0820,spec-56811-KP190339N395439V01_sp05-180.fits.gz 
 4041406,576508172,286.629505,39.162584,4.2360,spec-57908-KP190339N395439V03_sp08-172.fits.gz 
 4042951,576508141,287.226990,39.134380,0.0304,spec-57908-KP190339N395439V03_sp08-141.fits.gz 
 4048951, 52503094,289.265125,39.180861,0.0115,spec-56094-kepler05B56094_2_sp03-094.fits.gz 
 4049944,580703087,289.559140,39.147060,0.0304,spec-57918-KP192409N391242V05_sp03-087.fits.gz 
 4056266, 52404109,291.321292,39.105611,0.0712,spec-56094-kepler05B56094_sp04-109.fits.gz 
 4057076,373110190,291.542970,39.151009,0.0087,spec-57314-KP193708N401249V01_sp10-190.fits.gz 
 4058403,373110039,291.908840,39.168892,0.0322,spec-57314-KP193708N401249V01_sp10-039.fits.gz 
 4058403,579810039,291.908840,39.168892,0.0322,spec-57917-KP193708N401249V02_sp10-039.fits.gz 
 4060545, 52802183,292.437417,39.110389,0.0921,spec-56096-kepler08B56096_1_sp02-183.fits.gz 
 4064447, 52413093,293.430917,39.151778,0.0694,spec-56094-kepler05B56094_sp13-093.fits.gz 
 4066278,369706072,293.893070,39.118198,0.0222,spec-57308-KP192409N391242V01_sp06-072.fits.gz 
 4066326,369713058,293.905240,39.150890,0.0306,spec-57308-KP192409N391242V01_sp13-058.fits.gz 
 4066326,579805027,293.905240,39.150890,0.0306,spec-57917-KP193708N401249V02_sp05-027.fits.gz 
 4070714,373108199,294.955230,39.124962,0.0259,spec-57314-KP193708N401249V01_sp08-199.fits.gz 
 4070714,579808198,294.955230,39.124962,0.0259,spec-57917-KP193708N401249V02_sp08-198.fits.gz 
 4070746, 52908187,294.964583,39.152778,0.0809,spec-56096-kepler08B56096_2_sp08-187.fits.gz 
 4071543,373108123,295.142150,39.125820,0.0232,spec-57314-KP193708N401249V01_sp08-123.fits.gz 
 4071543,579808123,295.142150,39.125820,0.0232,spec-57917-KP193708N401249V02_sp08-123.fits.gz 
 4072740,579808120,295.416828,39.173890,4.7597,spec-57917-KP193708N401249V02_sp08-120.fits.gz 
 4079504,579806218,296.728970,39.197979,0.0261,spec-57917-KP193708N401249V02_sp06-218.fits.gz 
 4137210,243005063,285.085375,39.249889,0.0325,spec-56811-KP190339N395439V01_sp05-063.fits.gz 
 4139784,576505101,286.065280,39.222069,0.0253,spec-57908-KP190339N395439V03_sp05-101.fits.gz 
 4139805,243105101,286.076471,39.285863,1.7005,spec-56811-KP190339N395439V02_sp05-101.fits.gz 
 4140726,576508157,286.446470,39.211979,0.0261,spec-57908-KP190339N395439V03_sp08-157.fits.gz 
 4143334,243008131,287.491550,39.216403,2.1535,spec-56811-KP190339N395439V01_sp08-131.fits.gz 
 4147993,243006170,289.014446,39.243733,0.1656,spec-56811-KP190339N395439V01_sp06-170.fits.gz 
 4149966,580603055,289.575969,39.254123,4.4460,spec-57918-KP192409N391242V04_sp03-055.fits.gz 
 4164910,579905226,293.341250,39.201778,0.0092,spec-57917-KP193708N401249V03_sp05-226.fits.gz 
 4168541,369713073,294.162158,39.293463,2.7803,spec-57308-KP192409N391242V01_sp13-073.fits.gz 
 4168909, 52413067,294.247125,39.232861,0.0611,spec-56094-kepler05B56094_sp13-067.fits.gz 
 4169130, 52805111,294.296083,39.280944,0.1172,spec-56096-kepler08B56096_1_sp05-111.fits.gz 
 4169517,373105103,294.382020,39.230049,0.0257,spec-57314-KP193708N401249V01_sp05-103.fits.gz 
 4180903,579806201,296.639734,39.204341,4.8903,spec-57917-KP193708N401249V02_sp06-201.fits.gz 
 4242873,576503008,285.210270,39.357571,0.0061,spec-57908-KP190339N395439V03_sp03-008.fits.gz 
 4243796,576504147,285.573639,39.392616,3.9400,spec-57908-KP190339N395439V03_sp04-147.fits.gz 
 4244856,576504077,285.989010,39.323738,0.0280,spec-57908-KP190339N395439V03_sp04-077.fits.gz 
 4244973,243104077,286.033641,39.327335,1.1663,spec-56811-KP190339N395439V02_sp04-077.fits.gz 
 4249357,243106090,287.750292,39.374000,0.1439,spec-56811-KP190339N395439V02_sp06-090.fits.gz 
 4253026,576506134,288.978120,39.313061,0.0325,spec-57908-KP190339N395439V03_sp06-134.fits.gz 
 4262505, 52404233,291.627292,39.323528,0.0809,spec-56094-kepler05B56094_sp04-233.fits.gz 
 4262505, 52810187,291.627292,39.323528,0.0809,spec-56096-kepler08B56096_1_sp10-187.fits.gz 
 4269252,579805197,293.278588,39.393969,4.0842,spec-57917-KP193708N401249V02_sp05-197.fits.gz 
 4269252,580613081,293.278588,39.393969,4.0842,spec-57918-KP192409N391242V04_sp13-081.fits.gz 
 4269391,369713085,293.317302,39.317501,0.4466,spec-57308-KP192409N391242V01_sp13-085.fits.gz 
 4269391,373105243,293.317302,39.317501,0.4466,spec-57314-KP193708N401249V01_sp05-243.fits.gz 
 4270423,579905246,293.572270,39.345669,0.0043,spec-57917-KP193708N401249V03_sp05-246.fits.gz 
 4271033,373105053,293.713840,39.382439,0.0043,spec-57314-KP193708N401249V01_sp05-053.fits.gz 
 4271033,579805053,293.713840,39.382439,0.0043,spec-57917-KP193708N401249V02_sp05-053.fits.gz 
 4271039,579905053,293.714780,39.360538,0.0328,spec-57917-KP193708N401249V03_sp05-053.fits.gz 
 4271855,373105160,293.910640,39.355900,0.0043,spec-57314-KP193708N401249V01_sp05-160.fits.gz 
 4271855,579805160,293.910640,39.355900,0.0043,spec-57917-KP193708N401249V02_sp05-160.fits.gz 
 4273491,373105105,294.280550,39.373791,0.0075,spec-57314-KP193708N401249V01_sp05-105.fits.gz 
 4274759, 52805112,294.557083,39.329417,0.0594,spec-56096-kepler08B56096_1_sp05-112.fits.gz 
 4275434, 52808158,294.708042,39.382861,0.0456,spec-56096-kepler08B56096_1_sp08-158.fits.gz 
 4275625,579808162,294.748230,39.305408,0.0280,spec-57917-KP193708N401249V02_sp08-162.fits.gz 
 4276070, 52908175,294.843583,39.340722,0.0137,spec-56096-kepler08B56096_2_sp08-175.fits.gz 
 4279700,373108128,295.622130,39.338779,0.0331,spec-57314-KP193708N401249V01_sp08-128.fits.gz 
 4280299, 52908132,295.746458,39.301472,0.0452,spec-56096-kepler08B56096_2_sp08-132.fits.gz 
 4280842,373106229,295.843170,39.316250,0.0325,spec-57314-KP193708N401249V01_sp06-229.fits.gz 
 4280842,579806229,295.843170,39.316250,0.0325,spec-57917-KP193708N401249V02_sp06-229.fits.gz 
 4281362,373106240,295.940830,39.302399,0.0053,spec-57314-KP193708N401249V01_sp06-240.fits.gz 
 4281362,579906240,295.940830,39.302399,0.0053,spec-57917-KP193708N401249V03_sp06-240.fits.gz 
 4281420,367702102,295.951810,39.370789,0.0301,spec-57304-KP194918N413456V04_sp02-102.fits.gz 
 4281420,579806239,295.951810,39.370789,0.0301,spec-57917-KP193708N401249V02_sp06-239.fits.gz 
 4281702,373106022,296.014860,39.308659,0.0087,spec-57314-KP193708N401249V01_sp06-022.fits.gz 
 4281847,367702108,296.043790,39.355881,0.0301,spec-57304-KP194918N413456V04_sp02-108.fits.gz 
 4283484, 52906012,296.356583,39.399972,0.0392,spec-56096-kepler08B56096_2_sp06-012.fits.gz 
 4346319,243003012,285.333292,39.410778,0.0472,spec-56811-KP190339N395439V01_sp03-012.fits.gz 
 4347652,243104089,285.907283,39.406186,0.2902,spec-56811-KP190339N395439V02_sp04-089.fits.gz 
 4348666,576504086,286.315340,39.442471,0.0282,spec-57908-KP190339N395439V03_sp04-086.fits.gz 
 4350501,243008245,287.071583,39.416222,0.0923,spec-56811-KP190339N395439V01_sp08-245.fits.gz 
 4355819,576506135,288.957670,39.472019,0.0043,spec-57908-KP190339N395439V03_sp06-135.fits.gz 
 4355900, 52414063,288.980417,39.487306,0.0977,spec-56094-kepler05B56094_sp14-063.fits.gz 
 4356390,369703052,289.126590,39.404282,0.0306,spec-57308-KP192409N391242V01_sp03-052.fits.gz 
 4357662,580603056,289.511694,39.477218,3.7827,spec-57918-KP192409N391242V04_sp03-056.fits.gz 
 4359478,580703202,289.988212,39.445153,0.8764,spec-57918-KP192409N391242V05_sp03-202.fits.gz 
 4360072, 52403150,290.141250,39.481861,0.0000,spec-56094-kepler05B56094_sp03-150.fits.gz 
 4365609, 52404071,291.735292,39.453417,0.0605,spec-56094-kepler05B56094_sp04-071.fits.gz 
 4365609, 52810083,291.735292,39.453417,0.0605,spec-56096-kepler08B56096_1_sp10-083.fits.gz 
 4366731,369709007,292.055992,39.400375,0.1818,spec-57308-KP192409N391242V01_sp09-007.fits.gz 
 4366880, 52509005,292.097792,39.407861,0.0303,spec-56094-kepler05B56094_2_sp09-005.fits.gz 
 4366880, 52910041,292.097792,39.407861,0.0303,spec-56096-kepler08B56096_2_sp10-041.fits.gz 
 4370592,369713204,293.077561,39.479517,3.1757,spec-57308-KP192409N391242V01_sp13-204.fits.gz 
 4371406, 52513209,293.283583,39.432167,0.0246,spec-56094-kepler05B56094_2_sp13-209.fits.gz 
 4371615, 52413203,293.333000,39.407139,0.0383,spec-56094-kepler05B56094_sp13-203.fits.gz 
 4371615, 52905064,293.333000,39.407139,0.0383,spec-56096-kepler08B56096_2_sp05-064.fits.gz 
 4372082, 52413220,293.458250,39.482222,0.0250,spec-56094-kepler05B56094_sp13-220.fits.gz 
 4372082, 52805063,293.458250,39.482222,0.0250,spec-56096-kepler08B56096_1_sp05-063.fits.gz 
 4373583, 52513050,293.810708,39.419667,0.0605,spec-56094-kepler05B56094_2_sp13-050.fits.gz 
 4378473, 52808157,294.930583,39.492472,0.0480,spec-56096-kepler08B56096_1_sp08-157.fits.gz 
 4381604,373108136,295.600325,39.420601,2.3170,spec-57314-KP193708N401249V01_sp08-136.fits.gz 
 4383388, 52806248,295.946583,39.473750,0.1679,spec-56096-kepler08B56096_1_sp06-248.fits.gz 
 4390912,367901078,297.333770,39.447590,0.0257,spec-57304-KP194918N413456V06_sp01-078.fits.gz 
 4390912,579906164,297.333770,39.447590,0.0257,spec-57917-KP193708N401249V03_sp06-164.fits.gz 
 4445711,243003021,285.101019,39.552397,1.3067,spec-56811-KP190339N395439V01_sp03-021.fits.gz 
 4446405,243004128,285.407608,39.531697,0.3789,spec-56811-KP190339N395439V01_sp04-128.fits.gz 
 4448636,243004103,286.404967,39.589375,0.2933,spec-56811-KP190339N395439V01_sp04-103.fits.gz 
 4455406,580514151,288.966800,39.528889,0.0230,spec-57918-KP192409N391242V03_sp14-151.fits.gz 
 4456739, 52403102,289.362917,39.545056,0.1872,spec-56094-kepler05B56094_sp03-102.fits.gz 
 4457200,580503117,289.507967,39.522012,5.0510,spec-57918-KP192409N391242V03_sp03-117.fits.gz 
 4457395, 52503056,289.568000,39.551056,0.0830,spec-56094-kepler05B56094_2_sp03-056.fits.gz 
 4457761, 52503218,289.665000,39.585750,0.0401,spec-56094-kepler05B56094_2_sp03-218.fits.gz 
 4459408,580703127,290.112633,39.573134,1.4151,spec-57918-KP192409N391242V05_sp03-127.fits.gz 
 4459786,580503132,290.204328,39.511963,4.2435,spec-57918-KP192409N391242V03_sp03-132.fits.gz 
 4466582,373110208,292.252840,39.507019,0.0278,spec-57314-KP193708N401249V01_sp10-208.fits.gz 
 4466582,579910208,292.252840,39.507019,0.0278,spec-57917-KP193708N401249V03_sp10-208.fits.gz 
 4469602, 52413225,293.060417,39.521611,0.1123,spec-56094-kepler05B56094_sp13-225.fits.gz 
 4469602, 52905192,293.060417,39.521611,0.1123,spec-56096-kepler08B56096_2_sp05-192.fits.gz 
 4469886, 52513225,293.134708,39.501111,0.0304,spec-56094-kepler05B56094_2_sp13-225.fits.gz 
 4469886, 52805190,293.134708,39.501111,0.0304,spec-56096-kepler08B56096_1_sp05-190.fits.gz 
 4473473,580513042,294.048830,39.591551,4.0078,spec-57918-KP192409N391242V03_sp13-042.fits.gz 
 4475934, 52805120,294.664500,39.528861,0.0810,spec-56096-kepler08B56096_1_sp05-120.fits.gz 
 4476422,373108153,294.781932,39.510112,0.3629,spec-57314-KP193708N401249V01_sp08-153.fits.gz 
 4480938,162202216,295.788037,39.542808,0.6274,spec-56571-KP194918N413456V01_sp02-216.fits.gz 
 4480938,241702216,295.788037,39.542808,0.6274,spec-56800-KP194918N413456V_sp02-216.fits.gz 
 4480938,367902216,295.788037,39.542808,0.6274,spec-57304-KP194918N413456V06_sp02-216.fits.gz 
 4489185,367701081,297.427490,39.530182,0.0306,spec-57304-KP194918N413456V04_sp01-081.fits.gz 
 4543371,243104195,285.323708,39.641500,0.1016,spec-56811-KP190339N395439V02_sp04-195.fits.gz 
 4553892, 52403108,289.454708,39.674139,0.0707,spec-56094-kepler05B56094_sp03-108.fits.gz 
 4554044,369703108,289.495540,39.654991,0.0087,spec-57308-KP192409N391242V01_sp03-108.fits.gz 
 4554044,580503110,289.495540,39.654991,0.0087,spec-57918-KP192409N391242V03_sp03-110.fits.gz 
 4556465,369703141,290.145290,39.681198,0.0097,spec-57308-KP192409N391242V01_sp03-141.fits.gz 
 4556465,580503145,290.145290,39.681198,0.0097,spec-57918-KP192409N391242V03_sp03-145.fits.gz 
 4556646, 52403145,290.193250,39.688972,0.0654,spec-56094-kepler05B56094_sp03-145.fits.gz 
 4557817,369804030,290.524451,39.675139,0.5806,spec-57308-KP192409N391242V02_sp04-030.fits.gz 
 4562675, 52409219,291.973917,39.668639,0.0764,spec-56094-kepler05B56094_sp09-219.fits.gz 
 4562675, 52810058,291.973917,39.668639,0.0764,spec-56096-kepler08B56096_1_sp10-058.fits.gz 
 4566232, 52513238,293.001833,39.688500,0.0238,spec-56094-kepler05B56094_2_sp13-238.fits.gz 
 4567028, 52903015,293.210375,39.695500,0.0612,spec-56096-kepler08B56096_2_sp03-015.fits.gz 
 4570120, 52413006,293.984417,39.660944,0.0518,spec-56094-kepler05B56094_sp13-006.fits.gz 
 4570555,369713007,294.096310,39.647079,0.0304,spec-57308-KP192409N391242V01_sp13-007.fits.gz 
 4570555,580613049,294.096310,39.647079,0.0304,spec-57918-KP192409N391242V04_sp13-049.fits.gz 
 4571448, 52905114,294.319792,39.647333,0.0607,spec-56096-kepler08B56096_2_sp05-114.fits.gz 
 4571650, 52805114,294.372458,39.657250,0.0458,spec-56096-kepler08B56096_1_sp05-114.fits.gz 
 4575645, 52808011,295.303208,39.622694,0.0309,spec-56096-kepler08B56096_1_sp08-011.fits.gz 
 4577784, 52808129,295.750250,39.645611,0.0652,spec-56096-kepler08B56096_1_sp08-129.fits.gz 
 4578246, 52808057,295.850208,39.685861,0.0468,spec-56096-kepler08B56096_1_sp08-057.fits.gz 
 4578488,579908145,295.901210,39.651119,0.0043,spec-57917-KP193708N401249V03_sp08-145.fits.gz 
 4580189,367702025,296.226140,39.699619,0.0278,spec-57304-KP194918N413456V04_sp02-025.fits.gz 
 4580189,579806085,296.226140,39.699619,0.0278,spec-57917-KP193708N401249V02_sp06-085.fits.gz 
 4585508, 52906161,297.285708,39.681028,0.0599,spec-56096-kepler08B56096_2_sp06-161.fits.gz 
 4586875,367801093,297.550290,39.674809,0.0087,spec-57304-KP194918N413456V05_sp01-093.fits.gz 
 4633238,243010239,283.900208,39.700083,0.0603,spec-56811-KP190339N395439V01_sp10-239.fits.gz 
 4633721,243103084,284.106417,39.733917,0.1036,spec-56811-KP190339N395439V02_sp03-084.fits.gz 
 4636731,243104192,285.493779,39.789392,0.1072,spec-56811-KP190339N395439V02_sp04-192.fits.gz 
 4638317,243004109,286.185792,39.788667,0.0460,spec-56811-KP190339N395439V01_sp04-109.fits.gz 
 4640537,243108045,287.140083,39.734556,0.0324,spec-56811-KP190339N395439V02_sp08-045.fits.gz 
 4640930,243008036,287.306250,39.799250,0.0401,spec-56811-KP190339N395439V01_sp08-036.fits.gz 
 4643888,576513083,288.440588,39.770840,5.1474,spec-57908-KP190339N395439V03_sp13-083.fits.gz 
 4643888,580514220,288.440588,39.770840,5.1474,spec-57918-KP192409N391242V03_sp14-220.fits.gz 
 4644949,576513058,288.810670,39.797791,0.0264,spec-57908-KP190339N395439V03_sp13-058.fits.gz 
 4645692, 52414169,289.038208,39.745806,0.0217,spec-56094-kepler05B56094_sp14-169.fits.gz 
 4646012,243106074,289.130642,39.713547,0.3495,spec-56811-KP190339N395439V02_sp06-074.fits.gz 
 4646012,369714166,289.130642,39.713547,0.3495,spec-57308-KP192409N391242V01_sp14-166.fits.gz 
 4646245, 52414157,289.206708,39.705583,0.0804,spec-56094-kepler05B56094_sp14-157.fits.gz 
 4646477,369703118,289.280760,39.741409,0.0087,spec-57308-KP192409N391242V01_sp03-118.fits.gz 
 4647117, 52503110,289.471292,39.710861,0.0586,spec-56094-kepler05B56094_2_sp03-110.fits.gz 
 4648485, 52403225,289.888208,39.760611,0.0532,spec-56094-kepler05B56094_sp03-225.fits.gz 
 4655788,369709220,292.031897,39.701138,0.9691,spec-57308-KP192409N391242V01_sp09-220.fits.gz 
 4655788,373110059,292.031897,39.701138,0.9691,spec-57314-KP193708N401249V01_sp10-059.fits.gz 
 4659706, 52903037,293.169000,39.776083,0.0598,spec-56096-kepler08B56096_2_sp03-037.fits.gz 
 4659821, 52803037,293.206500,39.756500,0.0702,spec-56096-kepler08B56096_1_sp03-037.fits.gz 
 4660577,580713149,293.408764,39.791313,0.0199,spec-57918-KP192409N391242V05_sp13-149.fits.gz 
 4662939, 52413011,294.014792,39.758250,0.1103,spec-56094-kepler05B56094_sp13-011.fits.gz 
 4663478,373104146,294.157040,39.750191,0.0287,spec-57314-KP193708N401249V01_sp04-146.fits.gz 
 4663478,579804146,294.157040,39.750191,0.0287,spec-57917-KP193708N401249V02_sp04-146.fits.gz 
 4663801,373104145,294.245640,39.724819,0.0278,spec-57314-KP193708N401249V01_sp04-145.fits.gz 
 4663801,579804145,294.245640,39.724819,0.0278,spec-57917-KP193708N401249V02_sp04-145.fits.gz 
 4667909,367702088,295.198150,39.702782,0.0234,spec-57304-KP194918N413456V04_sp02-088.fits.gz 
 4667909,579808009,295.198150,39.702782,0.0234,spec-57917-KP193708N401249V02_sp08-009.fits.gz 
 4669400, 52808229,295.532792,39.799167,0.1677,spec-56096-kepler08B56096_1_sp08-229.fits.gz 
 4671329,373108064,295.938230,39.788582,0.0325,spec-57314-KP193708N401249V01_sp08-064.fits.gz 
 4671329,579908073,295.938230,39.788582,0.0325,spec-57917-KP193708N401249V03_sp08-073.fits.gz 
 4672904, 52806082,296.261583,39.706972,0.1282,spec-56096-kepler08B56096_1_sp06-082.fits.gz 
 4672904,162202015,296.261583,39.706972,0.1282,spec-56571-KP194918N413456V01_sp02-015.fits.gz 
 4678118,367701155,297.270780,39.717018,0.0215,spec-57304-KP194918N413456V04_sp01-155.fits.gz 
 4678118,579806130,297.270780,39.717018,0.0215,spec-57917-KP193708N401249V02_sp06-130.fits.gz 
 4726049,243103082,284.035417,39.875333,0.0714,spec-56811-KP190339N395439V02_sp03-082.fits.gz 
 4736611, 52414202,288.682583,39.881806,0.1521,spec-56094-kepler05B56094_sp14-202.fits.gz 
 4737442, 52414158,288.976958,39.861528,0.0470,spec-56094-kepler05B56094_sp14-158.fits.gz 
 4737942,243013067,289.119704,39.828294,0.7685,spec-56811-KP190339N395439V01_sp13-067.fits.gz 
 4737942,369714165,289.119704,39.828294,0.7685,spec-57308-KP192409N391242V01_sp14-165.fits.gz 
 4738539,580614087,289.313390,39.887859,0.0288,spec-57918-KP192409N391242V04_sp14-087.fits.gz 
 4738764, 52503101,289.388792,39.878694,0.0184,spec-56094-kepler05B56094_2_sp03-101.fits.gz 
 4739728,369803211,289.690250,39.868340,0.0234,spec-57308-KP192409N391242V02_sp03-211.fits.gz 
 4739728,580715073,289.690250,39.868340,0.0234,spec-57918-KP192409N391242V05_sp15-073.fits.gz 
 4741931,369715238,290.310820,39.840328,0.0334,spec-57308-KP192409N391242V01_sp15-238.fits.gz 
 4741931,580515238,290.310820,39.840328,0.0334,spec-57918-KP192409N391242V03_sp15-238.fits.gz 
 4742356,369815239,290.433560,39.860439,0.0300,spec-57308-KP192409N391242V02_sp15-239.fits.gz 
 4742356,580515235,290.433560,39.860439,0.0300,spec-57918-KP192409N391242V03_sp15-235.fits.gz 
 4743924, 52415185,290.941292,39.865917,0.1605,spec-56094-kepler05B56094_sp15-185.fits.gz 
 4750456,579903032,292.905730,39.889648,0.0264,spec-57917-KP193708N401249V03_sp03-032.fits.gz 
 4751953, 52413146,293.322208,39.805417,0.0955,spec-56094-kepler05B56094_sp13-146.fits.gz 
 4751953, 52803023,293.322208,39.805417,0.0955,spec-56096-kepler08B56096_1_sp03-023.fits.gz 
 4755467,373104134,294.215339,39.831941,0.8429,spec-57314-KP193708N401249V01_sp04-134.fits.gz 
 4756133,579904098,294.383503,39.846038,4.0885,spec-57917-KP193708N401249V03_sp04-098.fits.gz 
 4756445,579904099,294.466000,39.830589,3.9608,spec-57917-KP193708N401249V03_sp04-099.fits.gz 
 4756746,579904102,294.541020,39.857941,0.0261,spec-57917-KP193708N401249V03_sp04-102.fits.gz 
 4760954,373108237,295.524600,39.883308,0.0362,spec-57314-KP193708N401249V01_sp08-237.fits.gz 
 4761037,367702127,295.542020,39.898930,0.0208,spec-57304-KP194918N413456V04_sp02-127.fits.gz 
 4762516,367702148,295.838620,39.831169,0.0043,spec-57304-KP194918N413456V04_sp02-148.fits.gz 
 4762516,579808061,295.838620,39.831169,0.0043,spec-57917-KP193708N401249V02_sp08-061.fits.gz 
 4763063,579808075,295.948280,39.884680,4.5567,spec-57917-KP193708N401249V02_sp08-075.fits.gz 
 4764420, 52806087,296.215208,39.823278,0.1032,spec-56096-kepler08B56096_1_sp06-087.fits.gz 
 4769799, 52906143,297.317417,39.877972,0.0478,spec-56096-kepler08B56096_2_sp06-143.fits.gz 
 4770149,367701149,297.388210,39.886971,0.0280,spec-57304-KP194918N413456V04_sp01-149.fits.gz 
 4770149,579806135,297.388210,39.886971,0.0280,spec-57917-KP193708N401249V02_sp06-135.fits.gz 
 4770846, 52806137,297.519083,39.872639,0.0463,spec-56096-kepler08B56096_1_sp06-137.fits.gz 
 4772722,367901127,297.892090,39.871181,0.0278,spec-57304-KP194918N413456V06_sp01-127.fits.gz 
 4773539,162207050,298.066292,39.853528,0.0529,spec-56571-KP194918N413456V01_sp07-050.fits.gz 
 4774298,367707043,298.210850,39.820831,0.0230,spec-57304-KP194918N413456V04_sp07-043.fits.gz 
 4826087, 52414207,288.917292,39.964278,0.0704,spec-56094-kepler05B56094_sp14-207.fits.gz 
 4826652,369814160,289.087370,39.906368,0.0259,spec-57308-KP192409N391242V02_sp14-160.fits.gz 
 4826855,580614079,289.151030,39.984112,0.0043,spec-57918-KP192409N391242V04_sp14-079.fits.gz 
 4828553,369715061,289.666750,39.989460,0.0234,spec-57308-KP192409N391242V01_sp15-061.fits.gz 
 4828553,580515058,289.666750,39.989460,0.0234,spec-57918-KP192409N391242V03_sp15-058.fits.gz 
 4828670,580715055,289.697600,39.916100,0.0230,spec-57918-KP192409N391242V05_sp15-055.fits.gz 
 4830178,369715240,290.131410,39.909431,0.0043,spec-57308-KP192409N391242V01_sp15-240.fits.gz 
 4831826,369715191,290.609250,39.951920,0.0031,spec-57308-KP192409N391242V01_sp15-191.fits.gz 
 4831826,580515190,290.609250,39.951920,0.0031,spec-57918-KP192409N391242V03_sp15-190.fits.gz 
 4831859,580615190,290.619587,39.990176,3.8558,spec-57918-KP192409N391242V04_sp15-190.fits.gz 
 4832376,580515194,290.790496,39.938724,4.1995,spec-57918-KP192409N391242V03_sp15-194.fits.gz 
 4833377, 52515101,291.095208,39.973833,0.0818,spec-56094-kepler05B56094_2_sp15-101.fits.gz 
 4833377, 52910135,291.095208,39.973833,0.0818,spec-56096-kepler08B56096_2_sp10-135.fits.gz 
 4833670, 52415108,291.189417,39.991889,0.1666,spec-56094-kepler05B56094_sp15-108.fits.gz 
 4833670, 52810128,291.189417,39.991889,0.1666,spec-56096-kepler08B56096_1_sp10-128.fits.gz 
 4841140,369713123,293.367646,39.915995,1.0013,spec-57308-KP192409N391242V01_sp13-123.fits.gz 
 4841140,373103019,293.367646,39.915995,1.0013,spec-57314-KP193708N401249V01_sp03-019.fits.gz 
 4843143, 52413023,293.907417,39.925722,0.0325,spec-56094-kepler05B56094_sp13-023.fits.gz 
 4850368,162202130,295.651266,39.952728,1.1799,spec-56571-KP194918N413456V01_sp02-130.fits.gz 
 4850368,241702130,295.651266,39.952728,1.1799,spec-56800-KP194918N413456V_sp02-130.fits.gz 
 4851832,367802231,295.963710,39.952019,0.0529,spec-57304-KP194918N413456V05_sp02-231.fits.gz 
 4851832,579808079,295.963710,39.952019,0.0529,spec-57917-KP193708N401249V02_sp08-079.fits.gz 
 4851948,162302249,295.988409,39.901552,1.0803,spec-56571-KP194918N413456V02_sp02-249.fits.gz 
 4856592, 52806146,296.935417,39.924917,0.1195,spec-56096-kepler08B56096_1_sp06-146.fits.gz 
 4856592,162201051,296.935417,39.924917,0.1195,spec-56571-KP194918N413456V01_sp01-051.fits.gz 
 4856592,241701051,296.935417,39.924917,0.1195,spec-56800-KP194918N413456V_sp01-051.fits.gz 
 4857279,367701166,297.089050,39.966759,0.0242,spec-57304-KP194918N413456V04_sp01-166.fits.gz 
 4857279,579906063,297.089050,39.966759,0.0242,spec-57917-KP193708N401249V03_sp06-063.fits.gz 
 4857853, 52806073,297.227417,39.961556,0.0400,spec-56096-kepler08B56096_1_sp06-073.fits.gz 
 4857853,162201172,297.227417,39.961556,0.0400,spec-56571-KP194918N413456V01_sp01-172.fits.gz 
 4857853,241701172,297.227417,39.961556,0.0400,spec-56800-KP194918N413456V_sp01-172.fits.gz 
 4862353,367707046,298.165920,39.935040,0.0257,spec-57304-KP194918N413456V04_sp07-046.fits.gz 
 4902701,576514052,283.909760,40.016022,0.0290,spec-57908-KP190339N395439V03_sp14-052.fits.gz 
 4906950,576504066,285.966813,40.067292,4.0371,spec-57908-KP190339N395439V03_sp04-066.fits.gz 
 4907665,243104055,286.279323,40.010451,1.2023,spec-56811-KP190339N395439V02_sp04-055.fits.gz 
 4912702, 52414107,288.360000,40.077639,0.0304,spec-56094-kepler05B56094_sp14-107.fits.gz 
 4912918,369814117,288.444850,40.025181,0.0230,spec-57308-KP192409N391242V02_sp14-117.fits.gz 
 4912918,580514020,288.444850,40.025181,0.0230,spec-57918-KP192409N391242V03_sp14-020.fits.gz 
 4913049,576513223,288.496858,40.087313,4.3095,spec-57908-KP190339N395439V03_sp13-223.fits.gz 
 4913049,580514006,288.496858,40.087313,4.3095,spec-57918-KP192409N391242V03_sp14-006.fits.gz 
 4914234, 52514139,288.936042,40.044361,0.0000,spec-56094-kepler05B56094_2_sp14-139.fits.gz 
 4914456,369714090,288.997421,40.081219,0.9623,spec-57308-KP192409N391242V01_sp14-090.fits.gz 
 4914533,369814090,289.021608,40.074450,0.7608,spec-57308-KP192409N391242V02_sp14-090.fits.gz 
 4917014, 52515058,289.769208,40.021083,0.0306,spec-56094-kepler05B56094_2_sp15-058.fits.gz 
 4918972,580615246,290.302830,40.049271,0.0061,spec-57918-KP192409N391242V04_sp15-246.fits.gz 
 4919067,369815246,290.331150,40.035278,0.0092,spec-57308-KP192409N391242V02_sp15-246.fits.gz 
 4919205,580715250,290.365690,40.058121,0.0304,spec-57918-KP192409N391242V05_sp15-250.fits.gz 
 4920600,369715188,290.789790,40.047489,0.0031,spec-57308-KP192409N391242V01_sp15-188.fits.gz 
 4922182,369815122,291.288393,40.033414,3.0782,spec-57308-KP192409N391242V02_sp15-122.fits.gz 
 4922201,373110147,291.291380,40.064240,0.0043,spec-57314-KP193708N401249V01_sp10-147.fits.gz 
 4922201,579910137,291.291380,40.064240,0.0043,spec-57917-KP193708N401249V03_sp10-137.fits.gz 
 4930018,373104187,293.544250,40.024780,0.0230,spec-57314-KP193708N401249V01_sp04-187.fits.gz 
 4930269, 52513186,293.611208,40.093778,0.0573,spec-56094-kepler05B56094_2_sp13-186.fits.gz 
 4930617,373104163,293.711210,40.069889,0.0043,spec-57314-KP193708N401249V01_sp04-163.fits.gz 
 4930617,579804163,293.711210,40.069889,0.0043,spec-57917-KP193708N401249V02_sp04-163.fits.gz 
 4930906,579804181,293.788180,40.080261,0.0250,spec-57917-KP193708N401249V02_sp04-181.fits.gz 
 4932357,579904197,294.150233,40.047557,3.8483,spec-57917-KP193708N401249V03_sp04-197.fits.gz 
 4934147,373104125,294.625790,40.010269,0.0275,spec-57314-KP193708N401249V01_sp04-125.fits.gz 
 4934147,579804125,294.625790,40.010269,0.0275,spec-57917-KP193708N401249V02_sp04-125.fits.gz 
 4934550,373104116,294.718870,40.017830,0.0250,spec-57314-KP193708N401249V01_sp04-116.fits.gz 
 4934550,579804116,294.718870,40.017830,0.0250,spec-57917-KP193708N401249V02_sp04-116.fits.gz 
 4936438, 52908049,295.177583,40.051194,0.0516,spec-56096-kepler08B56096_2_sp08-049.fits.gz 
 4937204, 52908027,295.352708,40.055472,0.1645,spec-56096-kepler08B56096_2_sp08-027.fits.gz 
 4940439,367702242,296.033570,40.008759,0.0075,spec-57304-KP194918N413456V04_sp02-242.fits.gz 
 4940439,579808089,296.033570,40.008759,0.0075,spec-57917-KP193708N401249V02_sp08-089.fits.gz 
 4948344,162201129,297.744504,40.002361,1.2764,spec-56571-KP194918N413456V01_sp01-129.fits.gz 
 4948479,367705005,297.774140,40.075020,0.0061,spec-57304-KP194918N413456V04_sp05-005.fits.gz 
 4949422,367707036,297.979060,40.024719,0.0275,spec-57304-KP194918N413456V04_sp07-036.fits.gz 
 4949473,367807036,297.991030,40.076221,0.0257,spec-57304-KP194918N413456V05_sp07-036.fits.gz 
 4950750,367807028,298.250150,40.007969,0.0230,spec-57304-KP194918N413456V05_sp07-028.fits.gz 
 4951617,162207104,298.426486,40.067948,0.8555,spec-56571-KP194918N413456V01_sp07-104.fits.gz 
 4952516,367707101,298.618680,40.026600,0.0031,spec-57304-KP194918N413456V04_sp07-101.fits.gz 
 4995788,576504071,286.575230,40.134102,0.0330,spec-57908-KP190339N395439V03_sp04-071.fits.gz 
 4997023,243009016,287.139625,40.189417,0.0242,spec-56811-KP190339N395439V01_sp09-016.fits.gz 
 5000089,580614023,288.323754,40.122133,0.5893,spec-57918-KP192409N391242V04_sp14-023.fits.gz 
 5000307,369714022,288.412990,40.184631,0.0300,spec-57308-KP192409N391242V01_sp14-022.fits.gz 
 5000307,580614011,288.412990,40.184631,0.0300,spec-57918-KP192409N391242V04_sp14-011.fits.gz 
 5002776, 52414086,289.249417,40.163222,0.0390,spec-56094-kepler05B56094_sp14-086.fits.gz 
 5003549, 52514077,289.504750,40.120639,0.0304,spec-56094-kepler05B56094_2_sp14-077.fits.gz 
 5005217, 52415071,290.007792,40.105833,0.1516,spec-56094-kepler05B56094_sp15-071.fits.gz 
 5005508,580515087,290.095340,40.161320,0.0277,spec-57918-KP192409N391242V03_sp15-087.fits.gz 
 5006454, 52415091,290.352708,40.167028,0.0458,spec-56094-kepler05B56094_sp15-091.fits.gz 
 5006817, 52515003,290.456000,40.145750,0.1433,spec-56094-kepler05B56094_2_sp15-003.fits.gz 
 5008936,373110150,291.155580,40.154709,0.0264,spec-57314-KP193708N401249V01_sp10-150.fits.gz 
 5008936,580515148,291.155580,40.154709,0.0264,spec-57918-KP192409N391242V03_sp15-148.fits.gz 
 5008996, 52415111,291.174583,40.128083,0.1031,spec-56094-kepler05B56094_sp15-111.fits.gz 
 5008996, 52810150,291.174583,40.128083,0.1031,spec-56096-kepler08B56096_1_sp10-150.fits.gz 
 5009393, 52515141,291.299917,40.132083,0.0514,spec-56094-kepler05B56094_2_sp15-141.fits.gz 
 5016065,369713102,293.249736,40.169573,2.6037,spec-57308-KP192409N391242V01_sp13-102.fits.gz 
 5016065,373103176,293.249736,40.169573,2.6037,spec-57314-KP193708N401249V01_sp03-176.fits.gz 
 5016991,579904153,293.510413,40.131524,4.6835,spec-57917-KP193708N401249V03_sp04-153.fits.gz 
 5016991,580513122,293.510413,40.131524,4.6835,spec-57918-KP192409N391242V03_sp13-122.fits.gz 
 5017711, 52413190,293.706917,40.167722,0.0348,spec-56094-kepler05B56094_sp13-190.fits.gz 
 5023732,373108034,295.200130,40.135689,0.0031,spec-57314-KP193708N401249V01_sp08-034.fits.gz 
 5023889,367702036,295.231660,40.108120,0.0053,spec-57304-KP194918N413456V04_sp02-036.fits.gz 
 5023889,579808039,295.231660,40.108120,0.0053,spec-57917-KP193708N401249V02_sp08-039.fits.gz 
 5025895, 52808047,295.570125,40.136528,0.0553,spec-56096-kepler08B56096_1_sp08-047.fits.gz 
 5025895,162302026,295.570125,40.136528,0.0553,spec-56571-KP194918N413456V02_sp02-026.fits.gz 
 5026008, 52908047,295.596917,40.155917,0.0499,spec-56096-kepler08B56096_2_sp08-047.fits.gz 
 5026399, 52808036,295.691750,40.142361,0.0649,spec-56096-kepler08B56096_1_sp08-036.fits.gz 
 5031925,367705081,296.863620,40.188881,0.0321,spec-57304-KP194918N413456V04_sp05-081.fits.gz 
 5031925,579813095,296.863620,40.188881,0.0321,spec-57917-KP193708N401249V02_sp13-095.fits.gz 
 5032140,367805077,296.904480,40.143921,0.0257,spec-57304-KP194918N413456V05_sp05-077.fits.gz 
 5032140,579806055,296.904480,40.143921,0.0257,spec-57917-KP193708N401249V02_sp06-055.fits.gz 
 5033804,367705019,297.268400,40.186138,0.0230,spec-57304-KP194918N413456V04_sp05-019.fits.gz 
 5034571, 52813054,297.462792,40.169972,0.0469,spec-56096-kepler08B56096_1_sp13-054.fits.gz 
 5034571,162305022,297.462792,40.169972,0.0469,spec-56571-KP194918N413456V02_sp05-022.fits.gz 
 5080290,576503202,284.830811,40.214254,4.8717,spec-57908-KP190339N395439V03_sp03-202.fits.gz 
 5080332,576503220,284.849440,40.266621,5.0536,spec-57908-KP190339N395439V03_sp03-220.fits.gz 
 5083936,243109202,286.596829,40.266992,1.0404,spec-56811-KP190339N395439V02_sp09-202.fits.gz 
 5084662,576509223,286.926730,40.286880,0.0208,spec-57908-KP190339N395439V03_sp09-223.fits.gz 
 5087190,243013243,287.963458,40.217278,0.0659,spec-56811-KP190339N395439V01_sp13-243.fits.gz 
 5088148,580614001,288.307980,40.208302,0.0261,spec-57918-KP192409N391242V04_sp14-001.fits.gz 
 5088362, 52514001,288.383500,40.254000,0.0896,spec-56094-kepler05B56094_2_sp14-001.fits.gz 
 5088362,243013217,288.383500,40.254000,0.0896,spec-56811-KP190339N395439V01_sp13-217.fits.gz 
 5091962,369001243,289.589050,40.269032,0.0234,spec-57307-KP192102N424113V03_sp01-243.fits.gz 
 5094118,159601215,290.222000,40.237389,0.0226,spec-56562-KP192102N424113V02_sp01-215.fits.gz 
 5094436,369001014,290.305180,40.200062,0.0043,spec-57307-KP192102N424113V03_sp01-014.fits.gz 
 5094436,580515099,290.305180,40.200062,0.0043,spec-57918-KP192409N391242V03_sp15-099.fits.gz 
 5095464, 52515018,290.623500,40.272667,0.0609,spec-56094-kepler05B56094_2_sp15-018.fits.gz 
 5095946, 52415013,290.781000,40.296778,0.1428,spec-56094-kepler05B56094_sp15-013.fits.gz 
 5095946,154001005,290.781000,40.296778,0.1428,spec-56432-KP192102N424113V01_sp01-005.fits.gz 
 5097690, 52415147,291.319375,40.217750,0.0415,spec-56094-kepler05B56094_sp15-147.fits.gz 
 5097690, 52914048,291.319375,40.217750,0.0415,spec-56096-kepler08B56096_2_sp14-048.fits.gz 
 5098194,373114036,291.481540,40.274078,0.0310,spec-57314-KP193708N401249V01_sp14-036.fits.gz 
 5098194,579914036,291.481540,40.274078,0.0310,spec-57917-KP193708N401249V03_sp14-036.fits.gz 
 5104153, 52413113,293.197417,40.239861,0.0612,spec-56094-kepler05B56094_sp13-113.fits.gz 
 5104573, 52413101,293.317792,40.253667,0.0412,spec-56094-kepler05B56094_sp13-101.fits.gz 
 5104573, 52803172,293.317792,40.253667,0.0412,spec-56096-kepler08B56096_1_sp03-172.fits.gz 
 5104949, 52413114,293.422083,40.283139,0.0611,spec-56094-kepler05B56094_sp13-114.fits.gz 
 5106217,373104173,293.764220,40.252209,0.0081,spec-57314-KP193708N401249V01_sp04-173.fits.gz 
 5106376, 52513195,293.809417,40.286250,0.1883,spec-56094-kepler05B56094_2_sp13-195.fits.gz 
 5109878,367702170,294.698330,40.223171,0.0069,spec-57304-KP194918N413456V04_sp02-170.fits.gz 
 5112281,367802037,295.269500,40.247620,0.0226,spec-57304-KP194918N413456V05_sp02-037.fits.gz 
 5112741, 52808032,295.341583,40.200583,0.1844,spec-56096-kepler08B56096_1_sp08-032.fits.gz 
 5119742,367705093,296.806820,40.243130,0.0250,spec-57304-KP194918N413456V04_sp05-093.fits.gz 
 5119742,579813087,296.806820,40.243130,0.0250,spec-57917-KP193708N401249V02_sp13-087.fits.gz 
 5121605,162205019,297.276083,40.208611,0.0452,spec-56571-KP194918N413456V01_sp05-019.fits.gz 
 5121605,241705019,297.276083,40.208611,0.0452,spec-56800-KP194918N413456V_sp05-019.fits.gz 
 5123226,367805017,297.651820,40.291019,0.0000,spec-57304-KP194918N413456V05_sp05-017.fits.gz 
 5123659,367705006,297.741490,40.272079,0.0301,spec-57304-KP194918N413456V04_sp05-006.fits.gz 
 5166444,243003121,284.280743,40.334583,2.9423,spec-56811-KP190339N395439V01_sp03-121.fits.gz 
 5166899,243103125,284.516955,40.374170,0.7753,spec-56811-KP190339N395439V02_sp03-125.fits.gz 
 5167473,576503213,284.794800,40.394920,0.0031,spec-57908-KP190339N395439V03_sp03-213.fits.gz 
 5168382,243003137,285.235029,40.364733,1.3243,spec-56811-KP190339N395439V01_sp03-137.fits.gz 
 5172229,243109201,286.959964,40.307215,2.6890,spec-56811-KP190339N395439V02_sp09-201.fits.gz 
 5175152,369814016,288.137183,40.317883,0.6591,spec-57308-KP192409N391242V02_sp14-016.fits.gz 
 5175621,580516006,288.299622,40.320742,4.2152,spec-57918-KP192409N391242V03_sp16-006.fits.gz 
 5177023, 52416024,288.796917,40.397028,0.0476,spec-56094-kepler05B56094_sp16-024.fits.gz 
 5181651,159601217,290.187917,40.386167,0.0474,spec-56562-KP192102N424113V02_sp01-217.fits.gz 
 5182131,369715077,290.318367,40.320350,0.4670,spec-57308-KP192409N391242V01_sp15-077.fits.gz 
 5182688,369001004,290.465790,40.306511,0.0043,spec-57307-KP192102N424113V03_sp01-004.fits.gz 
 5183325,369001188,290.658260,40.302460,0.0301,spec-57307-KP192102N424113V03_sp01-188.fits.gz 
 5183935,155001176,290.860167,40.327389,0.0410,spec-56436-kepler02_1_sp01-176.fits.gz 
 5184199, 52415019,290.951792,40.343417,0.0208,spec-56094-kepler05B56094_sp15-019.fits.gz 
 5184276,580515131,290.978124,40.352347,3.8856,spec-57918-KP192409N391242V03_sp15-131.fits.gz 
 5185820,369107243,291.450930,40.398151,0.0043,spec-57307-KP192102N424113V04_sp07-243.fits.gz 
 5193311,369812216,293.641480,40.378441,0.0263,spec-57308-KP192409N391242V02_sp12-216.fits.gz 
 5193311,580513194,293.641480,40.378441,0.0263,spec-57918-KP192409N391242V03_sp13-194.fits.gz 
 5193912,369712202,293.804410,40.345509,0.0307,spec-57308-KP192409N391242V01_sp12-202.fits.gz 
 5193912,580613181,293.804410,40.345509,0.0307,spec-57918-KP192409N391242V04_sp13-181.fits.gz 
 5194072, 52512202,293.846125,40.388750,0.0527,spec-56094-kepler05B56094_2_sp12-202.fits.gz 
 5196300,373104063,294.402400,40.389320,0.0571,spec-57314-KP193708N401249V01_sp04-063.fits.gz 
 5196300,579804063,294.402400,40.389320,0.0571,spec-57917-KP193708N401249V02_sp04-063.fits.gz 
 5199906, 52809007,295.295208,40.384667,0.0092,spec-56096-kepler08B56096_1_sp09-007.fits.gz 
 5199906,162202193,295.295208,40.384667,0.0092,spec-56571-KP194918N413456V01_sp02-193.fits.gz 
 5199906,241702193,295.295208,40.384667,0.0092,spec-56800-KP194918N413456V_sp02-193.fits.gz 
 5206349, 52913094,296.661417,40.392833,0.0137,spec-56096-kepler08B56096_2_sp13-094.fits.gz 
 5206349,241705045,296.661417,40.392833,0.0137,spec-56800-KP194918N413456V_sp05-045.fits.gz 
 5211806,162208176,297.777208,40.311361,0.0043,spec-56571-KP194918N413456V01_sp08-176.fits.gz 
 5211806,241708176,297.777208,40.311361,0.0043,spec-56800-KP194918N413456V_sp08-176.fits.gz 
 5219637,367707191,299.319150,40.336281,0.0000,spec-57304-KP194918N413456V04_sp07-191.fits.gz 
 5264406,243013129,288.485350,40.441508,0.2771,spec-56811-KP190339N395439V01_sp13-129.fits.gz 
 5264460,369716001,288.499514,40.429899,3.1315,spec-57308-KP192409N391242V01_sp16-001.fits.gz 
 5265256,243013002,288.784646,40.493358,1.4409,spec-56811-KP190339N395439V01_sp13-002.fits.gz 
 5265982,369102124,289.025360,40.422009,0.0306,spec-57307-KP192102N424113V04_sp02-124.fits.gz 
 5265982,580516085,289.025360,40.422009,0.0306,spec-57918-KP192409N391242V03_sp16-085.fits.gz 
 5266416, 52516079,289.175000,40.437694,0.0315,spec-56094-kepler05B56094_2_sp16-079.fits.gz 
 5266416,154002105,289.175000,40.437694,0.0315,spec-56432-KP192102N424113V01_sp02-105.fits.gz 
 5266416,155001249,289.175000,40.437694,0.0315,spec-56436-kepler02_1_sp01-249.fits.gz 
 5266416,159602115,289.175000,40.437694,0.0315,spec-56562-KP192102N424113V02_sp02-115.fits.gz 
 5269165,369001224,290.020200,40.469761,0.0000,spec-57307-KP192102N424113V03_sp01-224.fits.gz 
 5269165,580715165,290.020200,40.469761,0.0000,spec-57918-KP192409N391242V05_sp15-165.fits.gz 
 5270814, 52515209,290.480917,40.404528,0.0454,spec-56094-kepler05B56094_2_sp15-209.fits.gz 
 5270933,154001018,290.517083,40.421056,0.0701,spec-56432-KP192102N424113V01_sp01-018.fits.gz 
 5271626,369715219,290.740450,40.441849,0.0000,spec-57308-KP192409N391242V01_sp15-219.fits.gz 
 5282875,579904009,294.042213,40.438569,4.0176,spec-57917-KP193708N401249V03_sp04-009.fits.gz 
 5283798,373104066,294.289180,40.422390,0.0257,spec-57314-KP193708N401249V01_sp04-066.fits.gz 
 5283798,579904066,294.289180,40.422390,0.0257,spec-57917-KP193708N401249V03_sp04-066.fits.gz 
 5284127,373104064,294.380100,40.464199,0.0342,spec-57314-KP193708N401249V01_sp04-064.fits.gz 
 5285357,367710195,294.711850,40.484402,0.0238,spec-57304-KP194918N413456V04_sp10-195.fits.gz 
 5285357,579804060,294.711850,40.484402,0.0238,spec-57917-KP193708N401249V02_sp04-060.fits.gz 
 5286794,367910050,295.082820,40.461861,0.0319,spec-57304-KP194918N413456V06_sp10-050.fits.gz 
 5287551,367702193,295.274870,40.421261,0.0250,spec-57304-KP194918N413456V04_sp02-193.fits.gz 
 5287551,579809007,295.274870,40.421261,0.0250,spec-57917-KP193708N401249V02_sp09-007.fits.gz 
 5287610,373109221,295.288120,40.483849,0.0322,spec-57314-KP193708N401249V01_sp09-221.fits.gz 
 5288607, 52909011,295.508583,40.466611,0.0462,spec-56096-kepler08B56096_2_sp09-011.fits.gz 
 5288716, 52809011,295.532292,40.483778,0.0594,spec-56096-kepler08B56096_1_sp09-011.fits.gz 
 5295898,373113040,297.065490,40.483219,0.0043,spec-57314-KP193708N401249V01_sp13-040.fits.gz 
 5300269,162308198,297.972208,40.452861,0.0445,spec-56571-KP194918N413456V02_sp08-198.fits.gz 
 5300767,367808184,298.061160,40.432999,0.0275,spec-57304-KP194918N413456V05_sp08-184.fits.gz 
 5307203,162206004,299.277615,40.470984,1.4900,spec-56571-KP194918N413456V01_sp06-004.fits.gz 
 5309012,241706212,299.618751,40.468608,1.9162,spec-56800-KP194918N413456V_sp06-212.fits.gz 
 5339823,163001004,283.119583,40.556111,0.0102,spec-56573-KP185031N425443V01_sp01-004.fits.gz 
 5339823,243014245,283.119583,40.556111,0.0102,spec-56811-KP190339N395439V01_sp14-245.fits.gz 
 5343454,576503224,284.838710,40.552849,0.0061,spec-57908-KP190339N395439V03_sp03-224.fits.gz 
 5347736,576509170,286.803010,40.509430,0.0277,spec-57908-KP190339N395439V03_sp09-170.fits.gz 
 5350163,243013241,287.833208,40.545000,0.0456,spec-56811-KP190339N395439V01_sp13-241.fits.gz 
 5351405, 52516025,288.290500,40.535222,0.0578,spec-56094-kepler05B56094_2_sp16-025.fits.gz 
 5352533,369102113,288.692230,40.525589,0.0250,spec-57307-KP192102N424113V04_sp02-113.fits.gz 
 5353157,580716213,288.900450,40.563641,0.0350,spec-57918-KP192409N391242V05_sp16-213.fits.gz 
 5353178,576513182,288.907810,40.580898,0.0282,spec-57908-KP190339N395439V03_sp13-182.fits.gz 
 5353200,369716094,288.918696,40.562471,2.5175,spec-57308-KP192409N391242V01_sp16-094.fits.gz 
 5353283, 52516094,288.947417,40.508722,0.0332,spec-56094-kepler05B56094_2_sp16-094.fits.gz 
 5356201, 52416175,289.852292,40.529083,0.1039,spec-56094-kepler05B56094_sp16-175.fits.gz 
 5356201,154001029,289.852292,40.529083,0.1039,spec-56432-KP192102N424113V01_sp01-029.fits.gz 
 5356201,155001039,289.852292,40.529083,0.1039,spec-56436-kepler02_1_sp01-039.fits.gz 
 5358060,369001100,290.408170,40.553951,0.0043,spec-57307-KP192102N424113V03_sp01-100.fits.gz 
 5358969, 52415220,290.708708,40.530694,0.0248,spec-56094-kepler05B56094_sp15-220.fits.gz 
 5358969,154001011,290.708708,40.530694,0.0248,spec-56432-KP192102N424113V01_sp01-011.fits.gz 
 5359478,369001177,290.879790,40.539791,0.0087,spec-57307-KP192102N424113V03_sp01-177.fits.gz 
 5359478,580515049,290.879790,40.539791,0.0087,spec-57918-KP192409N391242V03_sp15-049.fits.gz 
 5359600,580615049,290.923871,40.570781,0.2417,spec-57918-KP192409N391242V04_sp15-049.fits.gz 
 5360690,373114234,291.267700,40.569321,0.0234,spec-57314-KP193708N401249V01_sp14-234.fits.gz 
 5360757, 52415036,291.291208,40.511444,0.0602,spec-56094-kepler05B56094_sp15-036.fits.gz 
 5360757, 52914026,291.291208,40.511444,0.0602,spec-56096-kepler08B56096_2_sp14-026.fits.gz 
 5360757,154007159,291.291208,40.511444,0.0602,spec-56432-KP192102N424113V01_sp07-159.fits.gz 
 5360757,155007156,291.291208,40.511444,0.0602,spec-56436-kepler02_1_sp07-156.fits.gz 
 5360999, 52515047,291.361667,40.562500,0.0412,spec-56094-kepler05B56094_2_sp15-047.fits.gz 
 5360999,155007167,291.361667,40.562500,0.0412,spec-56436-kepler02_1_sp07-167.fits.gz 
 5361169,373114238,291.415100,40.591370,0.0228,spec-57314-KP193708N401249V01_sp14-238.fits.gz 
 5364240,369812100,292.339750,40.576050,0.0031,spec-57308-KP192409N391242V02_sp12-100.fits.gz 
 5371173,373104036,294.280000,40.589439,0.0226,spec-57314-KP193708N401249V01_sp04-036.fits.gz 
 5371756,367710185,294.434570,40.524849,0.0043,spec-57304-KP194918N413456V04_sp10-185.fits.gz 
 5371756,579804058,294.434570,40.524849,0.0043,spec-57917-KP193708N401249V02_sp04-058.fits.gz 
 5372141,373104062,294.538171,40.527050,0.2423,spec-57314-KP193708N401249V01_sp04-062.fits.gz 
 5374221, 52809209,295.059417,40.586694,0.1258,spec-56096-kepler08B56096_1_sp09-209.fits.gz 
 5380775,367705230,296.553920,40.570671,0.0061,spec-57304-KP194918N413456V04_sp05-230.fits.gz 
 5380775,579913222,296.553920,40.570671,0.0061,spec-57917-KP193708N401249V03_sp13-222.fits.gz 
 5382824, 52813044,296.978792,40.533583,0.0616,spec-56096-kepler08B56096_1_sp13-044.fits.gz 
 5383359,367905040,297.094850,40.533852,0.0350,spec-57304-KP194918N413456V06_sp05-040.fits.gz 
 5384777,367705128,297.443880,40.520969,0.0250,spec-57304-KP194918N413456V04_sp05-128.fits.gz 
 5384777,579913046,297.443880,40.520969,0.0250,spec-57917-KP193708N401249V03_sp13-046.fits.gz 
 5385518,367805129,297.606350,40.571442,0.0255,spec-57304-KP194918N413456V05_sp05-129.fits.gz 
 5393304,367806025,299.140720,40.507938,0.0043,spec-57304-KP194918N413456V05_sp06-025.fits.gz 
 5426041,577801010,283.101870,40.688141,0.0075,spec-57912-KP185031N425443V05_sp01-010.fits.gz 
 5430086,243115248,285.159008,40.616389,0.1610,spec-56811-KP190339N395439V02_sp15-248.fits.gz 
 5430224,243015241,285.218500,40.643361,0.0570,spec-56811-KP190339N395439V01_sp15-241.fits.gz 
 5430779,576515191,285.479370,40.682339,0.0250,spec-57908-KP190339N395439V03_sp15-191.fits.gz 
 5436082,243113172,287.733954,40.642400,0.5378,spec-56811-KP190339N395439V02_sp13-172.fits.gz 
 5437763,369002224,288.398190,40.649109,0.0306,spec-57307-KP192102N424113V03_sp02-224.fits.gz 
 5437763,576513118,288.398190,40.649109,0.0306,spec-57908-KP190339N395439V03_sp13-118.fits.gz 
 5437909,576513122,288.460240,40.690559,0.0306,spec-57908-KP190339N395439V03_sp13-122.fits.gz 
 5439339,369716213,288.966060,40.681728,0.0102,spec-57308-KP192409N391242V01_sp16-213.fits.gz 
 5439339,576513178,288.966060,40.681728,0.0102,spec-57908-KP190339N395439V03_sp13-178.fits.gz 
 5439695, 52516194,289.086875,40.665028,0.0408,spec-56094-kepler05B56094_2_sp16-194.fits.gz 
 5440198, 52516193,289.254042,40.607861,0.0452,spec-56094-kepler05B56094_2_sp16-193.fits.gz 
 5443741,369815162,290.328729,40.617244,1.0685,spec-57308-KP192409N391242V02_sp15-162.fits.gz 
 5450049,373114166,292.326050,40.691280,0.0000,spec-57314-KP193708N401249V01_sp14-166.fits.gz 
 5450049,579814166,292.326050,40.691280,0.0000,spec-57917-KP193708N401249V02_sp14-166.fits.gz 
 5450439, 52412078,292.450083,40.672500,0.0689,spec-56094-kepler05B56094_sp12-078.fits.gz 
 5456086,579804048,294.052980,40.637070,0.0250,spec-57917-KP193708N401249V02_sp04-048.fits.gz 
 5457811,162210196,294.492600,40.673644,0.5780,spec-56571-KP194918N413456V01_sp10-196.fits.gz 
 5457811,241710196,294.492600,40.673644,0.5780,spec-56800-KP194918N413456V_sp10-196.fits.gz 
 5457811,367810196,294.492600,40.673644,0.5780,spec-57304-KP194918N413456V05_sp10-196.fits.gz 
 5459494, 52809213,294.946583,40.642972,0.0388,spec-56096-kepler08B56096_1_sp09-213.fits.gz 
 5459855, 52809216,295.042208,40.699722,0.0699,spec-56096-kepler08B56096_1_sp09-216.fits.gz 
 5460741,367710158,295.268430,40.613071,0.0257,spec-57304-KP194918N413456V04_sp10-158.fits.gz 
 5460741,579809223,295.268430,40.613071,0.0257,spec-57917-KP193708N401249V02_sp09-223.fits.gz 
 5471548,367805123,297.681880,40.679089,0.0204,spec-57304-KP194918N413456V05_sp05-123.fits.gz 
 5472717,162308171,297.982250,40.668306,0.0184,spec-56571-KP194918N413456V02_sp08-171.fits.gz 
 5472976,367708171,298.035310,40.689758,0.0295,spec-57304-KP194918N413456V04_sp08-171.fits.gz 
 5473840,367708013,298.217190,40.694092,0.0295,spec-57304-KP194918N413456V04_sp08-013.fits.gz 
 5514079,243115066,284.468792,40.748861,0.1212,spec-56811-KP190339N395439V02_sp15-066.fits.gz 
 5514974,576515236,284.946010,40.757771,0.0087,spec-57908-KP190339N395439V03_sp15-236.fits.gz 
 5515314,243015227,285.145035,40.755464,1.6358,spec-56811-KP190339N395439V01_sp15-227.fits.gz 
 5521718,243013175,287.924083,40.720417,0.0510,spec-56811-KP190339N395439V01_sp13-175.fits.gz 
 5522071,243013165,288.061202,40.764636,1.1932,spec-56811-KP190339N395439V01_sp13-165.fits.gz 
 5522575,155002206,288.266048,40.766580,0.0430,spec-56436-kepler02_1_sp02-206.fits.gz 
 5524229, 52416203,288.872000,40.767056,0.0596,spec-56094-kepler05B56094_sp16-203.fits.gz 
 5524229,155002017,288.872000,40.767056,0.0596,spec-56436-kepler02_1_sp02-017.fits.gz 
 5524229,243113192,288.872000,40.767056,0.0596,spec-56811-KP190339N395439V02_sp13-192.fits.gz 
 5524720, 52416214,289.037000,40.739917,0.1237,spec-56094-kepler05B56094_sp16-214.fits.gz 
 5524720,154002013,289.037000,40.739917,0.1237,spec-56432-KP192102N424113V01_sp02-013.fits.gz 
 5524720,159602017,289.037000,40.739917,0.1237,spec-56562-KP192102N424113V02_sp02-017.fits.gz 
 5525572, 52516185,289.320917,40.716833,0.1841,spec-56094-kepler05B56094_2_sp16-185.fits.gz 
 5525572,154002005,289.320917,40.716833,0.1841,spec-56432-KP192102N424113V01_sp02-005.fits.gz 
 5525572,159602008,289.320917,40.716833,0.1841,spec-56562-KP192102N424113V02_sp02-008.fits.gz 
 5526083,369101057,289.481080,40.790401,0.0208,spec-57307-KP192102N424113V04_sp01-057.fits.gz 
 5526083,580616059,289.481080,40.790401,0.0208,spec-57918-KP192409N391242V04_sp16-059.fits.gz 
 5530982,369711091,290.954525,40.746936,2.1896,spec-57308-KP192409N391242V01_sp11-091.fits.gz 
 5531278,155007169,291.052875,40.702472,0.0464,spec-56436-kepler02_1_sp07-169.fits.gz 
 5534335,579814225,292.068660,40.797611,0.0043,spec-57917-KP193708N401249V02_sp14-225.fits.gz 
 5534910, 52512087,292.242250,40.768694,0.0598,spec-56094-kepler05B56094_2_sp12-087.fits.gz 
 5534910, 52914156,292.242250,40.768694,0.0598,spec-56096-kepler08B56096_2_sp14-156.fits.gz 
 5534973,373114171,292.262790,40.759949,0.0275,spec-57314-KP193708N401249V01_sp14-171.fits.gz 
 5534973,579814171,292.262790,40.759949,0.0275,spec-57917-KP193708N401249V02_sp14-171.fits.gz 
 5536129, 52903115,292.596542,40.724056,0.0184,spec-56096-kepler08B56096_2_sp03-115.fits.gz 
 5536758,373103111,292.793460,40.787811,0.0053,spec-57314-KP193708N401249V01_sp03-111.fits.gz 
 5536758,579803111,292.793460,40.787811,0.0053,spec-57917-KP193708N401249V02_sp03-111.fits.gz 
 5542907,373104221,294.488679,40.749742,2.2282,spec-57314-KP193708N401249V01_sp04-221.fits.gz 
 5543249,367710177,294.582820,40.759731,0.0319,spec-57304-KP194918N413456V04_sp10-177.fits.gz 
 5543289,367810177,294.591430,40.740360,0.0252,spec-57304-KP194918N413456V05_sp10-177.fits.gz 
 5544763,373109215,294.981380,40.714710,0.0321,spec-57314-KP193708N401249V01_sp09-215.fits.gz 
 5545340,367710029,295.131239,40.774632,3.1398,spec-57304-KP194918N413456V04_sp10-029.fits.gz 
 5545340,373109152,295.131239,40.774632,3.1398,spec-57314-KP193708N401249V01_sp09-152.fits.gz 
 5546141, 52809204,295.341083,40.749639,0.1076,spec-56096-kepler08B56096_1_sp09-204.fits.gz 
 5546749, 52809042,295.477417,40.751861,0.1032,spec-56096-kepler08B56096_1_sp09-042.fits.gz 
 5551189,579813145,296.488650,40.763329,0.0234,spec-57917-KP193708N401249V02_sp13-145.fits.gz 
 5553307, 52813134,296.919417,40.703167,0.1054,spec-56096-kepler08B56096_1_sp13-134.fits.gz 
 5554141,367705151,297.082180,40.780750,0.0246,spec-57304-KP194918N413456V04_sp05-151.fits.gz 
 5556726,367705102,297.620540,40.763020,0.0061,spec-57304-KP194918N413456V04_sp05-102.fits.gz 
 5557807,162208151,297.825792,40.738083,0.0236,spec-56571-KP194918N413456V01_sp08-151.fits.gz 
 5557807,241708151,297.825792,40.738083,0.0236,spec-56800-KP194918N413456V_sp08-151.fits.gz 
 5558110,367708151,297.889680,40.760052,0.0075,spec-57304-KP194918N413456V04_sp08-151.fits.gz 
 5566273,367906019,299.527800,40.737862,0.0342,spec-57304-KP194918N413456V06_sp06-019.fits.gz 
 5597397,576514106,283.150420,40.869209,0.0328,spec-57908-KP190339N395439V03_sp14-106.fits.gz 
 5597965,577801118,283.437488,40.864138,2.5779,spec-57912-KP185031N425443V05_sp01-118.fits.gz 
 5598645,577807151,283.780030,40.818779,0.0061,spec-57912-KP185031N425443V05_sp07-151.fits.gz 
 5598789,243114136,283.846678,40.870425,2.8588,spec-56811-KP190339N395439V02_sp14-136.fits.gz 
 5610200,580516205,288.753110,40.820461,0.0043,spec-57918-KP192409N391242V03_sp16-205.fits.gz 
 5610212,369002024,288.758360,40.866241,0.0282,spec-57307-KP192102N424113V03_sp02-024.fits.gz 
 5610212,576513195,288.758360,40.866241,0.0282,spec-57908-KP190339N395439V03_sp13-195.fits.gz 
 5611192,580716048,289.080170,40.895409,0.0325,spec-57918-KP192409N391242V05_sp16-048.fits.gz 
 5612549, 52516071,289.534417,40.854667,0.1499,spec-56094-kepler05B56094_2_sp16-071.fits.gz 
 5612549,154002075,289.534417,40.854667,0.1499,spec-56432-KP192102N424113V01_sp02-075.fits.gz 
 5612549,159602063,289.534417,40.854667,0.1499,spec-56562-KP192102N424113V02_sp02-063.fits.gz 
 5616050,369001115,290.569980,40.833981,0.0250,spec-57307-KP192102N424113V03_sp01-115.fits.gz 
 5617000,369007031,290.880220,40.896690,0.0043,spec-57307-KP192102N424113V03_sp07-031.fits.gz 
 5617000,580611084,290.880220,40.896690,0.0043,spec-57918-KP192409N391242V04_sp11-084.fits.gz 
 5620302, 52412136,291.908375,40.859861,0.0339,spec-56094-kepler05B56094_sp12-136.fits.gz 
 5620302, 52914202,291.908375,40.859861,0.0339,spec-56096-kepler08B56096_2_sp14-202.fits.gz 
 5620302,154007221,291.908375,40.859861,0.0339,spec-56432-KP192102N424113V01_sp07-221.fits.gz 
 5620302,155007201,291.908375,40.859861,0.0339,spec-56436-kepler02_1_sp07-201.fits.gz 
 5620305,579814202,291.910006,40.884883,5.0447,spec-57917-KP193708N401249V02_sp14-202.fits.gz 
 5620305,580512150,291.910006,40.884883,5.0447,spec-57918-KP192409N391242V03_sp12-150.fits.gz 
 5620596,154007210,292.004383,40.837242,0.3850,spec-56432-KP192102N424113V01_sp07-210.fits.gz 
 5621757,580512085,292.362614,40.866982,4.2422,spec-57918-KP192409N391242V03_sp12-085.fits.gz 
 5623097, 52903111,292.755917,40.801778,0.1103,spec-56096-kepler08B56096_2_sp03-111.fits.gz 
 5629459, 52815120,294.589042,40.884056,0.0394,spec-56096-kepler08B56096_1_sp15-120.fits.gz 
 5630212,373109173,294.792537,40.870876,2.2799,spec-57314-KP193708N401249V01_sp09-173.fits.gz 
 5630215, 52809173,294.792292,40.820722,0.0234,spec-56096-kepler08B56096_1_sp09-173.fits.gz 
 5633342,367710216,295.572811,40.858007,2.8734,spec-57304-KP194918N413456V04_sp10-216.fits.gz 
 5633342,373109048,295.572811,40.858007,2.8734,spec-57314-KP193708N401249V01_sp09-048.fits.gz 
 5637392,367705074,296.497620,40.828651,0.0043,spec-57304-KP194918N413456V04_sp05-074.fits.gz 
 5637392,579813142,296.497620,40.828651,0.0043,spec-57917-KP193708N401249V02_sp13-142.fits.gz 
 5638865,367705062,296.815400,40.819149,0.0230,spec-57304-KP194918N413456V04_sp05-062.fits.gz 
 5638865,579813129,296.815400,40.819149,0.0230,spec-57917-KP193708N401249V02_sp13-129.fits.gz 
 5639438,367805170,296.931400,40.857761,0.0226,spec-57304-KP194918N413456V05_sp05-170.fits.gz 
 5640843,367705172,297.217560,40.874229,0.0075,spec-57304-KP194918N413456V04_sp05-172.fits.gz 
 5640843,579813017,297.217560,40.874229,0.0075,spec-57917-KP193708N401249V02_sp13-017.fits.gz 
 5685000,365007162,283.874910,40.983131,0.0271,spec-57300-KP185031N425443V02_sp07-162.fits.gz 
 5685237,365007236,283.991910,40.929310,0.0061,spec-57300-KP185031N425443V02_sp07-236.fits.gz 
 5685237,576514094,283.991910,40.929310,0.0061,spec-57908-KP190339N395439V03_sp14-094.fits.gz 
 5685244,577707154,283.995150,40.974850,0.0341,spec-57912-KP185031N425443V04_sp07-154.fits.gz 
 5689343,243115140,285.996792,40.909722,0.0465,spec-56811-KP190339N395439V02_sp15-140.fits.gz 
 5694720,576512173,288.253968,40.960419,4.6870,spec-57908-KP190339N395439V03_sp12-173.fits.gz 
 5695096,155002131,288.403300,40.982050,0.0898,spec-56436-kepler02_1_sp02-131.fits.gz 
 5696081, 52416207,288.779708,40.951778,0.0843,spec-56094-kepler05B56094_sp16-207.fits.gz 
 5696081,154002148,288.779708,40.951778,0.0843,spec-56432-KP192102N424113V01_sp02-148.fits.gz 
 5696081,155002137,288.779708,40.951778,0.0843,spec-56436-kepler02_1_sp02-137.fits.gz 
 5696081,159602134,288.779708,40.951778,0.0843,spec-56562-KP192102N424113V02_sp02-134.fits.gz 
 5698093,369001059,289.462680,40.926788,0.0319,spec-57307-KP192102N424113V03_sp01-059.fits.gz 
 5698599,369001065,289.617400,40.927769,0.0226,spec-57307-KP192102N424113V03_sp01-065.fits.gz 
 5698599,580516061,289.617400,40.927769,0.0226,spec-57918-KP192409N391242V03_sp16-061.fits.gz 
 5701850,369101135,290.602420,40.992931,0.0043,spec-57307-KP192102N424113V04_sp01-135.fits.gz 
 5702180,159601131,290.712500,40.973111,0.0226,spec-56562-KP192102N424113V02_sp01-131.fits.gz 
 5702251, 52511090,290.735500,40.949944,0.1153,spec-56094-kepler05B56094_2_sp11-090.fits.gz 
 5702251,154001135,290.735500,40.949944,0.1153,spec-56432-KP192102N424113V01_sp01-135.fits.gz 
 5703348,155007039,291.104833,40.949056,0.0396,spec-56436-kepler02_1_sp07-039.fits.gz 
 5706341,154007065,292.087375,40.992556,0.0217,spec-56432-KP192102N424113V01_sp07-065.fits.gz 
 5706341,155007056,292.087375,40.992556,0.0217,spec-56436-kepler02_1_sp07-056.fits.gz 
 5707098,159607208,292.326658,40.951186,0.0199,spec-56562-KP192102N424113V02_sp07-208.fits.gz 
 5707338, 52412066,292.394000,40.905194,0.0184,spec-56094-kepler05B56094_sp12-066.fits.gz 
 5707338, 52814168,292.394000,40.905194,0.0184,spec-56096-kepler08B56096_1_sp14-168.fits.gz 
 5707560, 52512040,292.460583,40.951111,0.0097,spec-56094-kepler05B56094_2_sp12-040.fits.gz 
 5709564, 52412182,293.077208,40.972694,0.0615,spec-56094-kepler05B56094_sp12-182.fits.gz 
 5709667, 52512182,293.107208,40.994139,0.0698,spec-56094-kepler05B56094_2_sp12-182.fits.gz 
 5709667, 52815062,293.107208,40.994139,0.0698,spec-56096-kepler08B56096_1_sp15-062.fits.gz 
 5715911,367710065,294.872310,40.995739,0.0271,spec-57304-KP194918N413456V04_sp10-065.fits.gz 
 5717058,367710215,295.177400,40.997570,0.0226,spec-57304-KP194918N413456V04_sp10-215.fits.gz 
 5717058,579809162,295.177400,40.997570,0.0226,spec-57917-KP193708N401249V02_sp09-162.fits.gz 
 5717541,367710205,295.317200,40.974949,0.0342,spec-57304-KP194918N413456V04_sp10-205.fits.gz 
 5717541,579809045,295.317200,40.974949,0.0342,spec-57917-KP193708N401249V02_sp09-045.fits.gz 
 5721762, 52913168,296.263500,40.928333,0.0352,spec-56096-kepler08B56096_2_sp13-168.fits.gz 
 5721762,162303042,296.263500,40.928333,0.0352,spec-56571-KP194918N413456V02_sp03-042.fits.gz 
 5722826,579813108,296.489470,40.973110,0.0321,spec-57917-KP193708N401249V02_sp13-108.fits.gz 
 5723909,367705069,296.722864,40.966789,3.1080,spec-57304-KP194918N413456V04_sp05-069.fits.gz 
 5723909,373113139,296.722864,40.966789,3.1080,spec-57314-KP193708N401249V01_sp13-139.fits.gz 
 5728401,162305107,297.643250,40.960222,0.0244,spec-56571-KP194918N413456V02_sp05-107.fits.gz 
 5730384,367708173,298.059945,40.938383,1.0983,spec-57304-KP194918N413456V04_sp08-173.fits.gz 
 5737282,367706245,299.435640,40.982990,0.0053,spec-57304-KP194918N413456V04_sp06-245.fits.gz 
 5769244,577801116,283.418984,41.035569,3.8169,spec-57912-KP185031N425443V05_sp01-116.fits.gz 
 5770923,365007240,284.220468,41.020920,1.3840,spec-57300-KP185031N425443V02_sp07-240.fits.gz 
 5774568,576515131,286.013640,41.050880,0.0298,spec-57908-KP190339N395439V03_sp15-131.fits.gz 
 5774953,243115136,286.180301,41.041922,1.3388,spec-56811-KP190339N395439V02_sp15-136.fits.gz 
 5780142,369102126,288.304630,41.047722,0.0264,spec-57307-KP192102N424113V04_sp02-126.fits.gz 
 5781782,369002230,288.898960,41.060001,0.0298,spec-57307-KP192102N424113V03_sp02-230.fits.gz 
 5782127, 52416031,289.020792,41.043111,0.1141,spec-56094-kepler05B56094_sp16-031.fits.gz 
 5782127,159602228,289.020792,41.043111,0.1141,spec-56562-KP192102N424113V02_sp02-228.fits.gz 
 5785620,369001175,290.108370,41.049629,0.0253,spec-57307-KP192102N424113V03_sp01-175.fits.gz 
 5785710,369001172,290.132390,41.066959,0.0304,spec-57307-KP192102N424113V03_sp01-172.fits.gz 
 5785879, 52416139,290.181458,41.063389,0.0348,spec-56094-kepler05B56094_sp16-139.fits.gz 
 5787509,369101144,290.665190,41.024590,0.0075,spec-57307-KP192102N424113V04_sp01-144.fits.gz 
 5787509,580611180,290.665190,41.024590,0.0075,spec-57918-KP192409N391242V04_sp11-180.fits.gz 
 5790744,373114015,291.749730,41.058170,0.0043,spec-57314-KP193708N401249V01_sp14-015.fits.gz 
 5791135,369007059,291.879330,41.081081,0.0043,spec-57307-KP192102N424113V03_sp07-059.fits.gz 
 5791135,580512127,291.879330,41.081081,0.0043,spec-57918-KP192409N391242V03_sp12-127.fits.gz 
 5791844,580612071,292.118847,41.010708,0.0426,spec-57918-KP192409N391242V04_sp12-071.fits.gz 
 5791889,373114136,292.133760,41.082909,0.0092,spec-57314-KP193708N401249V01_sp14-136.fits.gz 
 5791889,579814136,292.133760,41.082909,0.0092,spec-57917-KP193708N401249V02_sp14-136.fits.gz 
 5792421,159607075,292.299537,41.065464,0.3892,spec-56562-KP192102N424113V02_sp07-075.fits.gz 
 5792500,580512038,292.321301,41.064553,4.8607,spec-57918-KP192409N391242V03_sp12-038.fits.gz 
 5792581, 52412053,292.344583,41.056472,0.1821,spec-56094-kepler05B56094_sp12-053.fits.gz 
 5793427,580612033,292.606080,41.092899,0.0250,spec-57918-KP192409N391242V04_sp12-033.fits.gz 
 5793628,369007094,292.670560,41.068439,0.0293,spec-57307-KP192102N424113V03_sp07-094.fits.gz 
 5794100,369812189,292.833160,41.085678,0.0287,spec-57308-KP192409N391242V02_sp12-189.fits.gz 
 5794100,580612185,292.833160,41.085678,0.0287,spec-57918-KP192409N391242V04_sp12-185.fits.gz 
 5795250,373115054,293.162480,41.076279,0.0321,spec-57314-KP193708N401249V01_sp15-054.fits.gz 
 5795475, 52412193,293.240875,41.043028,0.0409,spec-56094-kepler05B56094_sp12-193.fits.gz 
 5795626,579815243,293.285132,41.053616,5.0995,spec-57917-KP193708N401249V02_sp15-243.fits.gz 
 5806522, 52913160,296.119583,41.054833,0.1482,spec-56096-kepler08B56096_2_sp13-160.fits.gz 
 5806522,162203049,296.119583,41.054833,0.1482,spec-56571-KP194918N413456V01_sp03-049.fits.gz 
 5806522,241703049,296.119583,41.054833,0.1482,spec-56800-KP194918N413456V_sp03-049.fits.gz 
 5808398,367903004,296.522340,41.035542,0.0123,spec-57304-KP194918N413456V06_sp03-004.fits.gz 
 5808398,579913125,296.522340,41.035542,0.0123,spec-57917-KP193708N401249V03_sp13-125.fits.gz 
 5808438, 52813106,296.529917,41.063222,5.2059,spec-56096-kepler08B56096_1_sp13-106.fits.gz 
 5810333,373113177,296.960871,41.017581,0.3538,spec-57314-KP193708N401249V01_sp13-177.fits.gz 
 5811766,367804142,297.278563,41.026266,1.9177,spec-57304-KP194918N413456V05_sp04-142.fits.gz 
 5814204,367804079,297.747990,41.062672,0.0097,spec-57304-KP194918N413456V05_sp04-079.fits.gz 
 5816145,162308003,298.194167,41.014583,0.0507,spec-56571-KP194918N413456V02_sp08-003.fits.gz 
 5819905,367908057,298.928860,41.085060,0.0295,spec-57304-KP194918N413456V06_sp08-057.fits.gz 
 5821762,367706085,299.280820,41.053692,0.0337,spec-57304-KP194918N413456V04_sp06-085.fits.gz 
 5822889,367906089,299.492740,41.069729,0.0301,spec-57304-KP194918N413456V06_sp06-089.fits.gz 
 5822936,367706089,299.500610,41.078400,0.0292,spec-57304-KP194918N413456V04_sp06-089.fits.gz 
 5855568,365007043,283.609590,41.144379,0.0278,spec-57300-KP185031N425443V02_sp07-043.fits.gz 
 5855568,576516013,283.609590,41.144379,0.0278,spec-57908-KP190339N395439V03_sp16-013.fits.gz 
 5857618,365007208,284.642300,41.173141,0.0238,spec-57300-KP185031N425443V02_sp07-208.fits.gz 
 5857981,243115160,284.824417,41.198333,0.0589,spec-56811-KP190339N395439V02_sp15-160.fits.gz 
 5858034,243015169,284.851917,41.145667,0.0693,spec-56811-KP190339N395439V01_sp15-169.fits.gz 
 5866737,154002145,288.695792,41.194778,0.0236,spec-56432-KP192102N424113V01_sp02-145.fits.gz 
 5866945,369002241,288.764370,41.198608,0.0337,spec-57307-KP192102N424113V03_sp02-241.fits.gz 
 5871340,580711019,290.183900,41.145309,0.0075,spec-57918-KP192409N391242V05_sp11-019.fits.gz 
 5871792,369005008,290.314670,41.196812,0.0206,spec-57307-KP192102N424113V03_sp05-008.fits.gz 
 5871792,580511017,290.314670,41.196812,0.0206,spec-57918-KP192409N391242V03_sp11-017.fits.gz 
 5872236, 52411009,290.454375,41.150722,0.0328,spec-56094-kepler05B56094_sp11-009.fits.gz 
 5872236,155001134,290.454375,41.150722,0.0328,spec-56436-kepler02_1_sp01-134.fits.gz 
 5872236,159601138,290.454375,41.150722,0.0328,spec-56562-KP192102N424113V02_sp01-138.fits.gz 
 5872509, 52411014,290.535292,41.135333,0.0304,spec-56094-kepler05B56094_sp11-014.fits.gz 
 5872509,154001140,290.535292,41.135333,0.0304,spec-56432-KP192102N424113V01_sp01-140.fits.gz 
 5879728,373115072,292.907780,41.136681,0.0316,spec-57314-KP193708N401249V01_sp15-072.fits.gz 
 5879728,579815065,292.907780,41.136681,0.0316,spec-57917-KP193708N401249V02_sp15-065.fits.gz 
 5881162, 52915243,293.330875,41.121000,0.0416,spec-56096-kepler08B56096_2_sp15-243.fits.gz 
 5881715,373115091,293.503450,41.146992,0.0250,spec-57314-KP193708N401249V01_sp15-091.fits.gz 
 5881715,579815091,293.503450,41.146992,0.0250,spec-57917-KP193708N401249V02_sp15-091.fits.gz 
 5882005,579815234,293.586906,41.104266,4.3920,spec-57917-KP193708N401249V02_sp15-234.fits.gz 
 5891971, 52913154,296.174500,41.197639,0.0379,spec-56096-kepler08B56096_2_sp13-154.fits.gz 
 5891971,162203038,296.174500,41.197639,0.0379,spec-56571-KP194918N413456V01_sp03-038.fits.gz 
 5891982,373113169,296.178410,41.184528,0.0287,spec-57314-KP193708N401249V01_sp13-169.fits.gz 
 5891982,579813169,296.178410,41.184528,0.0287,spec-57917-KP193708N401249V02_sp13-169.fits.gz 
 5893765, 52913110,296.574958,41.154417,0.0304,spec-56096-kepler08B56096_2_sp13-110.fits.gz 
 5893926,367703016,296.612030,41.148041,0.0325,spec-57304-KP194918N413456V04_sp03-016.fits.gz 
 5894271,367803011,296.695890,41.175320,0.0043,spec-57304-KP194918N413456V05_sp03-011.fits.gz 
 5894271,579813119,296.695890,41.175320,0.0043,spec-57917-KP193708N401249V02_sp13-119.fits.gz 
 5896480,367704146,297.193600,41.161388,2.1462,spec-57304-KP194918N413456V04_sp04-146.fits.gz 
 5896480,373113196,297.193600,41.161388,2.1462,spec-57314-KP193708N401249V01_sp13-196.fits.gz 
 5902477,367808245,298.494380,41.112019,0.0316,spec-57304-KP194918N413456V05_sp08-245.fits.gz 
 5903484,162208051,298.698917,41.101833,0.0701,spec-56571-KP194918N413456V01_sp08-051.fits.gz 
 5905457,367708059,299.084900,41.172260,0.0043,spec-57304-KP194918N413456V04_sp08-059.fits.gz 
 5905907,367706090,299.183200,41.125832,0.0230,spec-57304-KP194918N413456V04_sp06-090.fits.gz 
 5940228,163007001,283.930792,41.257917,0.0580,spec-56573-KP185031N425443V01_sp07-001.fits.gz 
 5940228,243016089,283.930792,41.257917,0.0580,spec-56811-KP190339N395439V01_sp16-089.fits.gz 
 5952802,369005207,289.403990,41.284618,0.0275,spec-57307-KP192102N424113V03_sp05-207.fits.gz 
 5952802,580516235,289.403990,41.284618,0.0275,spec-57918-KP192409N391242V03_sp16-235.fits.gz 
 5956977,369108214,290.717830,41.247318,0.0061,spec-57307-KP192102N424113V04_sp08-214.fits.gz 
 5956977,580711192,290.717830,41.247318,0.0061,spec-57918-KP192409N391242V05_sp11-192.fits.gz 
 5959615, 52511110,291.597417,41.258083,0.0316,spec-56094-kepler05B56094_2_sp11-110.fits.gz 
 5959615, 52814001,291.597417,41.258083,0.0316,spec-56096-kepler08B56096_1_sp14-001.fits.gz 
 5959615,154007118,291.597417,41.258083,0.0316,spec-56432-KP192102N424113V01_sp07-118.fits.gz 
 5959615,155007116,291.597417,41.258083,0.0316,spec-56436-kepler02_1_sp07-116.fits.gz 
 5960293,373114002,291.818790,41.287941,0.0304,spec-57314-KP193708N401249V01_sp14-002.fits.gz 
 5960293,579814002,291.818790,41.287941,0.0304,spec-57917-KP193708N401249V02_sp14-002.fits.gz 
 5960693,579914128,291.956090,41.262562,0.0075,spec-57917-KP193708N401249V03_sp14-128.fits.gz 
 5962395,580612047,292.501530,41.223289,0.0204,spec-57918-KP192409N391242V04_sp12-047.fits.gz 
 5962451,369107185,292.518430,41.224178,0.0102,spec-57307-KP192102N424113V04_sp07-185.fits.gz 
 5963894,155007150,292.976054,41.233030,0.0097,spec-56436-kepler02_1_sp07-150.fits.gz 
 5976238,367703031,296.187070,41.271591,0.0325,spec-57304-KP194918N413456V04_sp03-031.fits.gz 
 5976798,367703006,296.303560,41.266499,0.0273,spec-57304-KP194918N413456V04_sp03-006.fits.gz 
 5977341,367703017,296.427280,41.213230,0.0043,spec-57304-KP194918N413456V04_sp03-017.fits.gz 
 5981329,367704083,297.310790,41.239250,0.0075,spec-57304-KP194918N413456V04_sp04-083.fits.gz 
 5981666,367704092,297.379990,41.237613,3.0591,spec-57304-KP194918N413456V04_sp04-092.fits.gz 
 5983299,162204112,297.724384,41.243194,2.3699,spec-56571-KP194918N413456V01_sp04-112.fits.gz 
 5983299,241704112,297.724384,41.243194,2.3699,spec-56800-KP194918N413456V_sp04-112.fits.gz 
 5987871,162308058,298.738375,41.208444,0.0401,spec-56571-KP194918N413456V02_sp08-058.fits.gz 
 6024360,577707061,284.748570,41.351212,0.0316,spec-57912-KP185031N425443V04_sp07-061.fits.gz 
 6026188,576515223,285.650561,41.348019,3.7897,spec-57908-KP190339N395439V03_sp15-223.fits.gz 
 6029474,243112083,287.183625,41.332808,0.5771,spec-56811-KP190339N395439V02_sp12-083.fits.gz 
 6032639,154002029,288.562292,41.312028,0.0538,spec-56432-KP192102N424113V01_sp02-029.fits.gz 
 6032639,159602035,288.562292,41.312028,0.0538,spec-56562-KP192102N424113V02_sp02-035.fits.gz 
 6032639,243012117,288.562292,41.312028,0.0538,spec-56811-KP190339N395439V01_sp12-117.fits.gz 
 6033938,154002229,289.024500,41.301694,0.0593,spec-56432-KP192102N424113V01_sp02-229.fits.gz 
 6033938,159602239,289.024500,41.301694,0.0593,spec-56562-KP192102N424113V02_sp02-239.fits.gz 
 6034166,369005219,289.106810,41.310322,0.0102,spec-57307-KP192102N424113V03_sp05-219.fits.gz 
 6037102,369716244,290.104370,41.383572,0.0264,spec-57308-KP192409N391242V01_sp16-244.fits.gz 
 6037102,580611156,290.104370,41.383572,0.0264,spec-57918-KP192409N391242V04_sp11-156.fits.gz 
 6037660, 52411156,290.261083,41.377083,0.0391,spec-56094-kepler05B56094_sp11-156.fits.gz 
 6037858,369711171,290.313653,41.365217,2.7398,spec-57308-KP192409N391242V01_sp11-171.fits.gz 
 6041223, 52411105,291.429792,41.398028,0.0590,spec-56094-kepler05B56094_sp11-105.fits.gz 
 6041223, 52816004,291.429792,41.398028,0.0590,spec-56096-kepler08B56096_1_sp16-004.fits.gz 
 6041223,155008205,291.429792,41.398028,0.0590,spec-56436-kepler02_1_sp08-205.fits.gz 
 6043187,373116098,292.070530,41.390621,0.0253,spec-57314-KP193708N401249V01_sp16-098.fits.gz 
 6043187,579816098,292.070530,41.390621,0.0253,spec-57917-KP193708N401249V02_sp16-098.fits.gz 
 6044054,369107193,292.348690,41.370918,0.0298,spec-57307-KP192102N424113V04_sp07-193.fits.gz 
 6044054,579916079,292.348690,41.370918,0.0298,spec-57917-KP193708N401249V03_sp16-079.fits.gz 
 6045299,580612028,292.707576,41.317460,4.0168,spec-57918-KP192409N391242V04_sp12-028.fits.gz 
 6046859,373115095,293.197240,41.356220,0.0295,spec-57314-KP193708N401249V01_sp15-095.fits.gz 
 6046859,579815095,293.197240,41.356220,0.0295,spec-57917-KP193708N401249V02_sp15-095.fits.gz 
 6047683,373115097,293.440280,41.390079,0.0253,spec-57314-KP193708N401249V01_sp15-097.fits.gz 
 6057532,367703196,296.056950,41.381699,0.0000,spec-57304-KP194918N413456V04_sp03-196.fits.gz 
 6057532,579812175,296.056950,41.381699,0.0000,spec-57917-KP193708N401249V02_sp12-175.fits.gz 
 6060703,367704195,296.793820,41.335239,0.0313,spec-57304-KP194918N413456V04_sp04-195.fits.gz 
 6060867, 52912225,296.833417,41.379194,0.0318,spec-56096-kepler08B56096_2_sp12-225.fits.gz 
 6061867,367804176,297.041380,41.390808,0.0271,spec-57304-KP194918N413456V05_sp04-176.fits.gz 
 6061867,579912202,297.041380,41.390808,0.0271,spec-57917-KP193708N401249V03_sp12-202.fits.gz 
 6063745,367704119,297.470550,41.325039,0.0000,spec-57304-KP194918N413456V04_sp04-119.fits.gz 
 6067314,367908033,298.338927,41.392272,3.2318,spec-57304-KP194918N413456V06_sp08-033.fits.gz 
 6067987,367708050,298.527944,41.302451,2.4509,spec-57304-KP194918N413456V04_sp08-050.fits.gz 
 6070366,162208084,299.019708,41.373082,1.8815,spec-56571-KP194918N413456V01_sp08-084.fits.gz 
 6070366,241708084,299.019708,41.373082,1.8815,spec-56800-KP194918N413456V_sp08-084.fits.gz 
 6071633,367708085,299.270900,41.387321,0.0230,spec-57304-KP194918N413456V04_sp08-085.fits.gz 
 6099979,577705094,282.317260,41.433079,0.0275,spec-57912-KP185031N425443V04_sp05-094.fits.gz 
 6101471,577805024,282.985985,41.453948,0.1508,spec-57912-KP185031N425443V05_sp05-024.fits.gz 
 6103082,365007112,283.787930,41.486858,0.0335,spec-57300-KP185031N425443V02_sp07-112.fits.gz 
 6103082,576516220,283.787930,41.486858,0.0335,spec-57908-KP190339N395439V03_sp16-220.fits.gz 
 6103934,365007121,284.191908,41.466987,2.9840,spec-57300-KP185031N425443V02_sp07-121.fits.gz 
 6104786,163007074,284.644417,41.474917,0.0390,spec-56573-KP185031N425443V01_sp07-074.fits.gz 
 6104786,243016157,284.644417,41.474917,0.0390,spec-56811-KP190339N395439V01_sp16-157.fits.gz 
 6115575,369005221,289.277674,41.411241,2.4553,spec-57307-KP192102N424113V03_sp05-221.fits.gz 
 6115916,369005217,289.397670,41.407318,0.0253,spec-57307-KP192102N424113V03_sp05-217.fits.gz 
 6117196,369005099,289.796840,41.474892,0.0292,spec-57307-KP192102N424113V03_sp05-099.fits.gz 
 6117196,580516234,289.796840,41.474892,0.0292,spec-57918-KP192409N391242V03_sp16-234.fits.gz 
 6117517, 52416232,289.894208,41.480806,0.1357,spec-56094-kepler05B56094_sp16-232.fits.gz 
 6117517,154005099,289.894208,41.480806,0.1357,spec-56432-KP192102N424113V01_sp05-099.fits.gz 
 6117517,155005083,289.894208,41.480806,0.1357,spec-56436-kepler02_1_sp05-083.fits.gz 
 6117517,159605099,289.894208,41.480806,0.1357,spec-56562-KP192102N424113V02_sp05-099.fits.gz 
 6118479, 52511168,290.184708,41.454389,0.0345,spec-56094-kepler05B56094_2_sp11-168.fits.gz 
 6118479,154005138,290.184708,41.454389,0.0345,spec-56432-KP192102N424113V01_sp05-138.fits.gz 
 6118479,155005138,290.184708,41.454389,0.0345,spec-56436-kepler02_1_sp05-138.fits.gz 
 6118479,159605133,290.184708,41.454389,0.0345,spec-56562-KP192102N424113V02_sp05-133.fits.gz 
 6118670,155005018,290.248750,41.420417,0.0238,spec-56436-kepler02_1_sp05-018.fits.gz 
 6119774,369005144,290.574160,41.489841,0.0278,spec-57307-KP192102N424113V03_sp05-144.fits.gz 
 6119774,580511138,290.574160,41.489841,0.0278,spec-57918-KP192409N391242V03_sp11-138.fits.gz 
 6123202, 52411042,291.714083,41.462278,0.0672,spec-56094-kepler05B56094_sp11-042.fits.gz 
 6123202, 52816020,291.714083,41.462278,0.0672,spec-56096-kepler08B56096_1_sp16-020.fits.gz 
 6126808,369006123,292.845340,41.448811,0.0043,spec-57307-KP192102N424113V03_sp06-123.fits.gz 
 6127825,155007143,293.158408,41.413862,0.0278,spec-56436-kepler02_1_sp07-143.fits.gz 
 6128774, 52815097,293.439792,41.427722,0.0590,spec-56096-kepler08B56096_1_sp15-097.fits.gz 
 6129411, 52915207,293.636333,41.416639,0.0460,spec-56096-kepler08B56096_2_sp15-207.fits.gz 
 6130752,373115006,294.027980,41.439949,0.0316,spec-57314-KP193708N401249V01_sp15-006.fits.gz 
 6130752,579815006,294.027980,41.439949,0.0316,spec-57917-KP193708N401249V02_sp15-006.fits.gz 
 6131884,367810131,294.343480,41.457470,0.0246,spec-57304-KP194918N413456V05_sp10-131.fits.gz 
 6131901,367710131,294.348820,41.442829,0.0257,spec-57304-KP194918N413456V04_sp10-131.fits.gz 
 6131901,579815027,294.348820,41.442829,0.0257,spec-57917-KP193708N401249V02_sp15-027.fits.gz 
 6137774,367703079,295.856110,41.438728,0.0285,spec-57304-KP194918N413456V04_sp03-079.fits.gz 
 6139561,367703197,296.255980,41.466599,0.0204,spec-57304-KP194918N413456V04_sp03-197.fits.gz 
 6139561,579812158,296.255980,41.466599,0.0204,spec-57917-KP193708N401249V02_sp12-158.fits.gz 
 6140947,373112152,296.559880,41.433140,0.0061,spec-57314-KP193708N401249V01_sp12-152.fits.gz 
 6140947,579912168,296.559880,41.433140,0.0061,spec-57917-KP193708N401249V03_sp12-168.fits.gz 
 6141488,373112220,296.685180,41.405941,0.0081,spec-57314-KP193708N401249V01_sp12-220.fits.gz 
 6142229,367704200,296.851620,41.421761,0.0313,spec-57304-KP194918N413456V04_sp04-200.fits.gz 
 6142229,579812216,296.851620,41.421761,0.0313,spec-57917-KP193708N401249V02_sp12-216.fits.gz 
 6142964,367704192,296.993770,41.454800,0.0244,spec-57304-KP194918N413456V04_sp04-192.fits.gz 
 6148227,367708049,298.219670,41.462399,0.0043,spec-57304-KP194918N413456V04_sp08-049.fits.gz 
 6181896,577605002,282.636050,41.598530,0.0224,spec-57912-KP185031N425443V03_sp05-002.fits.gz 
 6185790,365007069,284.488430,41.525639,0.0043,spec-57300-KP185031N425443V02_sp07-069.fits.gz 
 6185790,577607069,284.488430,41.525639,0.0043,spec-57912-KP185031N425443V03_sp07-069.fits.gz 
 6187893,576511093,285.519620,41.550091,0.0215,spec-57908-KP190339N395439V03_sp11-093.fits.gz 
 6188073,243011083,285.608208,41.570278,0.0376,spec-56811-KP190339N395439V01_sp11-083.fits.gz 
 6188269,576511078,285.700650,41.599010,0.0339,spec-57908-KP190339N395439V03_sp11-078.fits.gz 
 6191288,243012140,287.062708,41.582194,0.0932,spec-56811-KP190339N395439V01_sp12-140.fits.gz 
 6191711,362001014,287.239487,41.575801,2.2525,spec-57291-KP190808N440210V02_sp01-014.fits.gz 
 6192431,243112032,287.524557,41.559550,1.2005,spec-56811-KP190339N395439V02_sp12-032.fits.gz 
 6196149,369005237,288.987150,41.545349,0.0339,spec-57307-KP192102N424113V03_sp05-237.fits.gz 
 6196374,369105237,289.058040,41.588970,0.0495,spec-57307-KP192102N424113V04_sp05-237.fits.gz 
 6197448,369105247,289.455200,41.529381,0.0222,spec-57307-KP192102N424113V04_sp05-247.fits.gz 
 6198581,155005033,289.803417,41.542222,0.0748,spec-56436-kepler02_1_sp05-033.fits.gz 
 6198581,159605026,289.803417,41.542222,0.0748,spec-56562-KP192102N424113V02_sp05-026.fits.gz 
 6200178, 52411151,290.266333,41.515722,0.0339,spec-56094-kepler05B56094_sp11-151.fits.gz 
 6200178,159605145,290.266333,41.515722,0.0339,spec-56562-KP192102N424113V02_sp05-145.fits.gz 
 6200565,369105149,290.373230,41.563358,0.0115,spec-57307-KP192102N424113V04_sp05-149.fits.gz 
 6201050,369005135,290.525910,41.511990,0.0061,spec-57307-KP192102N424113V03_sp05-135.fits.gz 
 6201050,580511150,290.525910,41.511990,0.0061,spec-57918-KP192409N391242V03_sp11-150.fits.gz 
 6203503,155008125,291.356333,41.556389,0.0448,spec-56436-kepler02_1_sp08-125.fits.gz 
 6204450,579816009,291.654660,41.500938,0.0061,spec-57917-KP193708N401249V02_sp16-009.fits.gz 
 6205783,369711047,292.097200,41.570190,0.0226,spec-57308-KP192409N391242V01_sp11-047.fits.gz 
 6205783,580512247,292.097200,41.570190,0.0226,spec-57918-KP192409N391242V03_sp12-247.fits.gz 
 6206897,373116082,292.447910,41.592739,0.0293,spec-57314-KP193708N401249V01_sp16-082.fits.gz 
 6206897,579916193,292.447910,41.592739,0.0293,spec-57917-KP193708N401249V03_sp16-193.fits.gz 
 6207670,369006201,292.685460,41.560280,0.0271,spec-57307-KP192102N424113V03_sp06-201.fits.gz 
 6208344,369006112,292.888280,41.547070,0.0316,spec-57307-KP192102N424113V03_sp06-112.fits.gz 
 6208344,579816159,292.888280,41.547070,0.0316,spec-57917-KP193708N401249V02_sp16-159.fits.gz 
 6208617,373116159,292.973970,41.569271,0.0319,spec-57314-KP193708N401249V01_sp16-159.fits.gz 
 6208617,579816151,292.973970,41.569271,0.0319,spec-57917-KP193708N401249V02_sp16-151.fits.gz 
 6209042,155006106,293.105955,41.586382,0.0590,spec-56436-kepler02_1_sp06-106.fits.gz 
 6210900, 52815151,293.682042,41.549861,0.0591,spec-56096-kepler08B56096_1_sp15-151.fits.gz 
 6211362, 52915210,293.809333,41.590750,0.0609,spec-56096-kepler08B56096_2_sp15-210.fits.gz 
 6211965,373115213,293.977570,41.599380,0.0316,spec-57314-KP193708N401249V01_sp15-213.fits.gz 
 6211965,579815213,293.977570,41.599380,0.0316,spec-57917-KP193708N401249V02_sp15-213.fits.gz 
 6212600,373115208,294.148960,41.538490,0.0075,spec-57314-KP193708N401249V01_sp15-208.fits.gz 
 6212600,579815208,294.148960,41.538490,0.0075,spec-57917-KP193708N401249V02_sp15-208.fits.gz 
 6212838,579815049,294.213500,41.559719,0.0337,spec-57917-KP193708N401249V02_sp15-049.fits.gz 
 6221548,367903195,296.396446,41.521117,1.2701,spec-57304-KP194918N413456V06_sp03-195.fits.gz 
 6221641, 52812172,296.417583,41.545833,0.0137,spec-56096-kepler08B56096_1_sp12-172.fits.gz 
 6222355,367704162,296.575100,41.540771,0.0230,spec-57304-KP194918N413456V04_sp04-162.fits.gz 
 6222355,579812174,296.575100,41.540771,0.0230,spec-57917-KP193708N401249V02_sp12-174.fits.gz 
 6222530,162304162,296.617833,41.517222,0.0450,spec-56571-KP194918N413456V02_sp04-162.fits.gz 
 6228590,241704232,298.036000,41.589278,0.0451,spec-56800-KP194918N413456V_sp04-232.fits.gz 
 6263410,163005009,282.897167,41.656556,0.0240,spec-56573-KP185031N425443V01_sp05-009.fits.gz 
 6264398,163008204,283.397000,41.603139,0.0561,spec-56573-KP185031N425443V01_sp08-204.fits.gz 
 6266529,365007182,284.424130,41.614578,0.0102,spec-57300-KP185031N425443V02_sp07-182.fits.gz 
 6266529,576516071,284.424130,41.614578,0.0102,spec-57908-KP190339N395439V03_sp16-071.fits.gz 
 6271732,362001214,286.982693,41.614861,2.6502,spec-57291-KP190808N440210V02_sp01-214.fits.gz 
 6271966,362001001,287.084660,41.697559,0.0301,spec-57291-KP190808N440210V02_sp01-001.fits.gz 
 6271966,576512065,287.084660,41.697559,0.0301,spec-57908-KP190339N395439V03_sp12-065.fits.gz 
 6272933,576512031,287.522788,41.645990,4.9761,spec-57908-KP190339N395439V03_sp12-031.fits.gz 
 6272933,581601023,287.522788,41.645990,4.9761,spec-57920-KP190808N440210V04_sp01-023.fits.gz 
 6273063,362001188,287.591218,41.640110,2.9841,spec-57291-KP190808N440210V02_sp01-188.fits.gz 
 6273063,369010192,287.591218,41.640110,2.9841,spec-57307-KP192102N424113V03_sp10-192.fits.gz 
 6273090,362101005,287.604520,41.613670,0.0246,spec-57291-KP190808N440210V03_sp01-005.fits.gz 
 6273090,369110192,287.604520,41.613670,0.0246,spec-57307-KP192102N424113V04_sp10-192.fits.gz 
 6273090,581801191,287.604520,41.613670,0.0246,spec-57920-KP190808N440210V06_sp01-191.fits.gz 
 6276898,155005242,289.143750,41.675806,0.0179,spec-56436-kepler02_1_sp05-242.fits.gz 
 6276948,154005242,289.160292,41.625444,0.0478,spec-56432-KP192102N424113V01_sp05-242.fits.gz 
 6276948,159605240,289.160292,41.625444,0.0478,spec-56562-KP192102N424113V02_sp05-240.fits.gz 
 6277741,154005241,289.444208,41.699028,0.0780,spec-56432-KP192102N424113V01_sp05-241.fits.gz 
 6277741,155005230,289.444208,41.699028,0.0780,spec-56436-kepler02_1_sp05-230.fits.gz 
 6283995, 52411210,291.455417,41.632250,0.1094,spec-56094-kepler05B56094_sp11-210.fits.gz 
 6283995,159608125,291.455417,41.632250,0.1094,spec-56562-KP192102N424113V02_sp08-125.fits.gz 
 6286633, 52816196,292.326083,41.671750,0.1093,spec-56096-kepler08B56096_1_sp16-196.fits.gz 
 6286633,154006020,292.326083,41.671750,0.1093,spec-56432-KP192102N424113V01_sp06-020.fits.gz 
 6287950,373116155,292.754150,41.620838,0.0226,spec-57314-KP193708N401249V01_sp16-155.fits.gz 
 6287950,579916169,292.754150,41.620838,0.0226,spec-57917-KP193708N401249V03_sp16-169.fits.gz 
 6288543, 52916161,292.944708,41.641028,0.0236,spec-56096-kepler08B56096_2_sp16-161.fits.gz 
 6289002,373116164,293.098050,41.620838,0.0031,spec-57314-KP193708N401249V01_sp16-164.fits.gz 
 6289002,579816164,293.098050,41.620838,0.0031,spec-57917-KP193708N401249V02_sp16-164.fits.gz 
 6290000, 52915154,293.402333,41.613278,0.0137,spec-56096-kepler08B56096_2_sp15-154.fits.gz 
 6290632,373115158,293.595790,41.669170,0.0292,spec-57314-KP193708N401249V01_sp15-158.fits.gz 
 6290632,579815203,293.595790,41.669170,0.0292,spec-57917-KP193708N401249V02_sp15-203.fits.gz 
 6292128, 52915213,294.017458,41.608417,0.0234,spec-56096-kepler08B56096_2_sp15-213.fits.gz 
 6292598,367714030,294.149780,41.643299,0.0043,spec-57304-KP194918N413456V04_sp14-030.fits.gz 
 6295047, 52809079,294.830500,41.673111,0.0396,spec-56096-kepler08B56096_1_sp09-079.fits.gz 
 6302852,579812114,296.716190,41.670181,0.0268,spec-57917-KP193708N401249V02_sp12-114.fits.gz 
 6307537,367804246,297.757080,41.680454,0.0428,spec-57304-KP194918N413456V05_sp04-246.fits.gz 
 6309488,367709014,298.237030,41.610580,0.0043,spec-57304-KP194918N413456V04_sp09-014.fits.gz 
 6312478,367809247,298.875120,41.621342,0.0334,spec-57304-KP194918N413456V05_sp09-247.fits.gz 
 6312503,367709247,298.879300,41.635410,0.0000,spec-57304-KP194918N413456V04_sp09-247.fits.gz 
 6341990,577605134,282.703770,41.733269,0.0000,spec-57912-KP185031N425443V03_sp05-134.fits.gz 
 6344499,576516032,283.963500,41.741459,0.0069,spec-57908-KP190339N395439V03_sp16-032.fits.gz 
 6345474,243016055,284.440000,41.722417,0.1139,spec-56811-KP190339N395439V01_sp16-055.fits.gz 
 6352407,154010031,287.733500,41.767056,0.0182,spec-56432-KP192102N424113V01_sp10-031.fits.gz 
 6352407,159610031,287.733500,41.767056,0.0182,spec-56562-KP192102N424113V02_sp10-031.fits.gz 
 6357879,369005041,289.749970,41.747372,0.0327,spec-57307-KP192102N424113V03_sp05-041.fits.gz 
 6358455,369005031,289.942540,41.744789,0.0292,spec-57307-KP192102N424113V03_sp05-031.fits.gz 
 6359454,155005167,290.258042,41.798778,0.0358,spec-56436-kepler02_1_sp05-167.fits.gz 
 6359890,369105103,290.386110,41.750278,0.0106,spec-57307-KP192102N424113V04_sp05-103.fits.gz 
 6363014,369108140,291.480930,41.788090,0.0043,spec-57307-KP192102N424113V04_sp08-140.fits.gz 
 6363090,154008105,291.508708,41.709972,0.0869,spec-56432-KP192102N424113V01_sp08-105.fits.gz 
 6363090,159608120,291.508708,41.709972,0.0869,spec-56562-KP192102N424113V02_sp08-120.fits.gz 
 6363181,155008124,291.534208,41.713000,0.0342,spec-56436-kepler02_1_sp08-124.fits.gz 
 6363338,369008128,291.584080,41.773300,0.0199,spec-57307-KP192102N424113V03_sp08-128.fits.gz 
 6365511,373116200,292.293370,41.788029,0.0316,spec-57314-KP193708N401249V01_sp16-200.fits.gz 
 6365867, 52916180,292.400583,41.788500,0.0788,spec-56096-kepler08B56096_2_sp16-180.fits.gz 
 6365867,154006017,292.400583,41.788500,0.0788,spec-56432-KP192102N424113V01_sp06-017.fits.gz 
 6367815,373116153,293.046080,41.726189,0.0313,spec-57314-KP193708N401249V01_sp16-153.fits.gz 
 6367815,579816153,293.046080,41.726189,0.0313,spec-57917-KP193708N401249V02_sp16-153.fits.gz 
 6368800,369006103,293.338484,41.709129,1.2221,spec-57307-KP192102N424113V03_sp06-103.fits.gz 
 6368800,373115170,293.338484,41.709129,1.2221,spec-57314-KP193708N401249V01_sp15-170.fits.gz 
 6368959,373116116,293.381770,41.783218,0.0253,spec-57314-KP193708N401249V01_sp16-116.fits.gz 
 6370249,579911086,293.764590,41.717159,0.0081,spec-57917-KP193708N401249V03_sp11-086.fits.gz 
 6371008, 52811080,293.994083,41.749306,0.0296,spec-56096-kepler08B56096_1_sp11-080.fits.gz 
 6371141, 52811085,294.031750,41.783000,0.0398,spec-56096-kepler08B56096_1_sp11-085.fits.gz 
 6371980,579811241,294.276418,41.737607,4.9947,spec-57917-KP193708N401249V02_sp11-241.fits.gz 
 6372268, 52811233,294.356208,41.777222,0.0917,spec-56096-kepler08B56096_1_sp11-233.fits.gz 
 6372328,367814043,294.373230,41.772968,0.0061,spec-57304-KP194918N413456V05_sp14-043.fits.gz 
 6380975,367704012,296.571690,41.766621,0.0275,spec-57304-KP194918N413456V04_sp04-012.fits.gz 
 6380975,579912110,296.571690,41.766621,0.0275,spec-57917-KP193708N401249V03_sp12-110.fits.gz 
 6381328,367804159,296.655060,41.751900,0.0268,spec-57304-KP194918N413456V05_sp04-159.fits.gz 
 6381328,579812118,296.655060,41.751900,0.0268,spec-57917-KP193708N401249V02_sp12-118.fits.gz 
 6385325,367704207,297.562410,41.702246,1.4558,spec-57304-KP194918N413456V04_sp04-207.fits.gz 
 6389421,367709008,298.502290,41.707680,0.0268,spec-57304-KP194918N413456V04_sp09-008.fits.gz 
 6418912,365005226,281.720790,41.872299,0.0292,spec-57300-KP185031N425443V02_sp05-226.fits.gz 
 6418912,577605226,281.720790,41.872299,0.0292,spec-57912-KP185031N425443V03_sp05-226.fits.gz 
 6422994,365008118,283.764340,41.885769,0.0043,spec-57300-KP185031N425443V02_sp08-118.fits.gz 
 6422994,577608118,283.764340,41.885769,0.0043,spec-57912-KP185031N425443V03_sp08-118.fits.gz 
 6423690,243016028,284.122667,41.890306,0.0389,spec-56811-KP190339N395439V01_sp16-028.fits.gz 
 6423690,243116028,284.122667,41.890306,0.0389,spec-56811-KP190339N395439V02_sp16-028.fits.gz 
 6424157,243016038,284.358500,41.894028,0.0379,spec-56811-KP190339N395439V01_sp16-038.fits.gz 
 6425301,576516137,284.942780,41.869480,0.0246,spec-57908-KP190339N395439V03_sp16-137.fits.gz 
 6429457,362101210,286.902933,41.875828,0.2153,spec-57291-KP190808N440210V03_sp01-210.fits.gz 
 6430534,362101107,287.397710,41.894932,0.0295,spec-57291-KP190808N440210V03_sp01-107.fits.gz 
 6430534,576512242,287.397710,41.894932,0.0295,spec-57908-KP190339N395439V03_sp12-242.fits.gz 
 6431673,369010043,287.886017,41.895478,0.5844,spec-57307-KP192102N424113V03_sp10-043.fits.gz 
 6431941,362107161,287.996890,41.893089,0.0043,spec-57291-KP190808N440210V03_sp07-161.fits.gz 
 6431941,581607161,287.996890,41.893089,0.0043,spec-57920-KP190808N440210V04_sp07-161.fits.gz 
 6437547,155005166,290.039833,41.801389,0.0604,spec-56436-kepler02_1_sp05-166.fits.gz 
 6443407,373116219,291.999420,41.858360,0.0043,spec-57314-KP193708N401249V01_sp16-219.fits.gz 
 6443407,579816219,291.999420,41.858360,0.0043,spec-57917-KP193708N401249V02_sp16-219.fits.gz 
 6444595, 52916190,292.405417,41.837028,0.1060,spec-56096-kepler08B56096_2_sp16-190.fits.gz 
 6444595,154006024,292.405417,41.837028,0.1060,spec-56432-KP192102N424113V01_sp06-024.fits.gz 
 6444657,373116190,292.424040,41.844330,0.0061,spec-57314-KP193708N401249V01_sp16-190.fits.gz 
 6444657,579816190,292.424040,41.844330,0.0061,spec-57917-KP193708N401249V02_sp16-190.fits.gz 
 6445497,154006211,292.698242,41.851847,0.7902,spec-56432-KP192102N424113V01_sp06-211.fits.gz 
 6445497,369006188,292.698242,41.851847,0.7902,spec-57307-KP192102N424113V03_sp06-188.fits.gz 
 6446468, 52916068,292.999250,41.883333,0.0538,spec-56096-kepler08B56096_2_sp16-068.fits.gz 
 6447237,373116105,293.243160,41.875160,0.0061,spec-57314-KP193708N401249V01_sp16-105.fits.gz 
 6447817, 52916106,293.422375,41.899667,0.0494,spec-56096-kepler08B56096_2_sp16-106.fits.gz 
 6448010,373116108,293.480410,41.828651,0.0271,spec-57314-KP193708N401249V01_sp16-108.fits.gz 
 6450549,367814033,294.252720,41.853390,0.0248,spec-57304-KP194918N413456V05_sp14-033.fits.gz 
 6450613, 52911098,294.272417,41.822167,0.0337,spec-56096-kepler08B56096_2_sp11-098.fits.gz 
 6451099,367914045,294.414060,41.892712,0.0053,spec-57304-KP194918N413456V06_sp14-045.fits.gz 
 6452312,373111052,294.759220,41.872879,0.0061,spec-57314-KP193708N401249V01_sp11-052.fits.gz 
 6465610,367904059,297.963750,41.880371,0.0230,spec-57304-KP194918N413456V06_sp04-059.fits.gz 
 6467408,367809221,298.361690,41.860981,0.0268,spec-57304-KP194918N413456V05_sp09-221.fits.gz 
 6467788,367809217,298.438050,41.871929,0.0339,spec-57304-KP194918N413456V05_sp09-217.fits.gz 
 6468112,162209017,298.509272,41.863594,2.8384,spec-56571-KP194918N413456V01_sp09-017.fits.gz 
 6468112,241709017,298.509272,41.863594,2.8384,spec-56800-KP194918N413456V_sp09-017.fits.gz 
 6468506,367709016,298.591520,41.893009,0.0087,spec-57304-KP194918N413456V04_sp09-016.fits.gz 
 6500038,365008197,283.101320,41.950279,0.0208,spec-57300-KP185031N425443V02_sp08-197.fits.gz 
 6500038,577608197,283.101320,41.950279,0.0208,spec-57912-KP185031N425443V03_sp08-197.fits.gz 
 6502831,243016034,284.370583,41.987778,0.0330,spec-56811-KP190339N395439V01_sp16-034.fits.gz 
 6505025,243011017,285.409917,41.983917,0.0710,spec-56811-KP190339N395439V01_sp11-017.fits.gz 
 6508328,362001086,286.914760,41.967018,0.0271,spec-57291-KP190808N440210V02_sp01-086.fits.gz 
 6508328,576511044,286.914760,41.967018,0.0271,spec-57908-KP190339N395439V03_sp11-044.fits.gz 
 6508943,581801081,287.180617,41.984820,0.0319,spec-57920-KP190808N440210V06_sp01-081.fits.gz 
 6508967,369110091,287.188720,41.975319,0.0043,spec-57307-KP192102N424113V04_sp10-091.fits.gz 
 6508967,576512238,287.188720,41.975319,0.0043,spec-57908-KP190339N395439V03_sp12-238.fits.gz 
 6510183,155010071,287.723135,41.985556,0.0405,spec-56436-kepler02_1_sp10-071.fits.gz 
 6515614,155005071,289.702333,41.982417,0.0242,spec-56436-kepler02_1_sp05-071.fits.gz 
 6516242,369005161,289.903470,41.939991,0.0259,spec-57307-KP192102N424113V03_sp05-161.fits.gz 
 6516800,159605158,290.071708,41.972194,0.0802,spec-56562-KP192102N424113V02_sp05-158.fits.gz 
 6520965,369008025,291.359950,41.963902,0.0234,spec-57307-KP192102N424113V03_sp08-025.fits.gz 
 6521501,369108147,291.516750,41.943802,0.0069,spec-57307-KP192102N424113V04_sp08-147.fits.gz 
 6521522,369008147,291.522520,41.936359,0.0319,spec-57307-KP192102N424113V03_sp08-147.fits.gz 
 6522553,154008148,291.862208,41.944556,0.0283,spec-56432-KP192102N424113V01_sp08-148.fits.gz 
 6522553,155008146,291.862208,41.944556,0.0283,spec-56436-kepler02_1_sp08-146.fits.gz 
 6522553,159608148,291.862208,41.944556,0.0283,spec-56562-KP192102N424113V02_sp08-148.fits.gz 
 6522973,373116225,291.995060,41.907391,0.0278,spec-57314-KP193708N401249V01_sp16-225.fits.gz 
 6527211, 52916119,293.329708,41.955222,0.0092,spec-56096-kepler08B56096_2_sp16-119.fits.gz 
 6528816,373111096,293.842825,41.938606,0.7426,spec-57314-KP193708N401249V01_sp11-096.fits.gz 
 6528942,373111081,293.875310,41.999432,0.0494,spec-57314-KP193708N401249V01_sp11-081.fits.gz 
 6528942,579811081,293.875310,41.999432,0.0494,spec-57917-KP193708N401249V02_sp11-081.fits.gz 
 6530065, 52911240,294.198042,41.939361,0.0532,spec-56096-kepler08B56096_2_sp11-240.fits.gz 
 6531550, 52811246,294.606083,41.990750,0.0462,spec-56096-kepler08B56096_1_sp11-246.fits.gz 
 6535400,367703121,295.613040,41.957142,0.0119,spec-57304-KP194918N413456V04_sp03-121.fits.gz 
 6535400,579812066,295.613040,41.957142,0.0119,spec-57917-KP193708N401249V02_sp12-066.fits.gz 
 6535641, 52912075,295.668208,41.991861,0.0213,spec-56096-kepler08B56096_2_sp12-075.fits.gz 
 6543282,162204207,297.448130,41.903167,1.3413,spec-56571-KP194918N413456V01_sp04-207.fits.gz 
 6545726,162309202,297.963458,41.954389,0.0213,spec-56571-KP194918N413456V02_sp09-202.fits.gz 
 6546685,367709206,298.169490,41.956242,0.0503,spec-57304-KP194918N413456V04_sp09-206.fits.gz 
 6550823,367709145,299.022627,41.975258,0.9992,spec-57304-KP194918N413456V04_sp09-145.fits.gz 
 6579495,365005180,281.497250,42.047668,0.0053,spec-57300-KP185031N425443V02_sp05-180.fits.gz 
 6579647,577605197,281.580121,42.032396,3.9972,spec-57912-KP185031N425443V03_sp05-197.fits.gz 
 6579998,577705074,281.767150,42.090511,0.0222,spec-57912-KP185031N425443V04_sp05-074.fits.gz 
 6580435,577705070,281.998570,42.031570,0.0043,spec-57912-KP185031N425443V04_sp05-070.fits.gz 
 6580479,365005070,282.020750,42.027248,0.0075,spec-57300-KP185031N425443V02_sp05-070.fits.gz 
 6586554,163006017,284.743583,42.086222,0.1085,spec-56573-KP185031N425443V01_sp06-017.fits.gz 
 6586554,243016247,284.743583,42.086222,0.1085,spec-56811-KP190339N395439V01_sp16-247.fits.gz 
 6590195,576511112,286.377350,42.056210,0.0043,spec-57908-KP190339N395439V03_sp11-112.fits.gz 
 6590363,362101074,286.453220,42.083569,0.0244,spec-57291-KP190808N440210V03_sp01-074.fits.gz 
 6590363,581601074,286.453220,42.083569,0.0244,spec-57920-KP190808N440210V04_sp01-074.fits.gz 
 6590381,161401074,286.461583,42.081833,0.0462,spec-56570-KP190808N440210V01_sp01-074.fits.gz 
 6590381,243011105,286.461583,42.081833,0.0462,spec-56811-KP190339N395439V01_sp11-105.fits.gz 
 6591027,362001045,286.741460,42.008629,0.0273,spec-57291-KP190808N440210V02_sp01-045.fits.gz 
 6591027,581701045,286.741460,42.008629,0.0273,spec-57920-KP190808N440210V05_sp01-045.fits.gz 
 6591336,362001077,286.864440,42.069592,0.0290,spec-57291-KP190808N440210V02_sp01-077.fits.gz 
 6593240,581601102,287.637835,42.054171,3.7951,spec-57920-KP190808N440210V04_sp01-102.fits.gz 
 6593623,362101118,287.776760,42.001869,0.0043,spec-57291-KP190808N440210V03_sp01-118.fits.gz 
 6593627,362101114,287.778720,42.081322,0.0097,spec-57291-KP190808N440210V03_sp01-114.fits.gz 
 6593627,581601114,287.778720,42.081322,0.0097,spec-57920-KP190808N440210V04_sp01-114.fits.gz 
 6594505,362007164,288.113860,42.041790,0.0292,spec-57291-KP190808N440210V02_sp07-164.fits.gz 
 6594505,581607164,288.113860,42.041790,0.0292,spec-57920-KP190808N440210V04_sp07-164.fits.gz 
 6595263,581707236,288.395720,42.013111,0.0202,spec-57920-KP190808N440210V05_sp07-236.fits.gz 
 6599955,154004140,289.910083,42.086194,0.0578,spec-56432-KP192102N424113V01_sp04-140.fits.gz 
 6599955,159604140,289.910083,42.086194,0.0578,spec-56562-KP192102N424113V02_sp04-140.fits.gz 
 6604616,369008019,291.350650,42.009392,0.0115,spec-57307-KP192102N424113V03_sp08-019.fits.gz 
 6606106,155008133,291.820000,42.033333,0.0307,spec-56436-kepler02_1_sp08-133.fits.gz 
 6606106,159608142,291.820000,42.033333,0.0307,spec-56562-KP192102N424113V02_sp08-142.fits.gz 
 6606904,369008068,292.062470,42.087761,0.0246,spec-57307-KP192102N424113V03_sp08-068.fits.gz 
 6607484,373116031,292.237700,42.054741,0.0234,spec-57314-KP193708N401249V01_sp16-031.fits.gz 
 6607484,579816031,292.237700,42.054741,0.0234,spec-57917-KP193708N401249V02_sp16-031.fits.gz 
 6610188,373116143,293.016170,42.072750,0.0031,spec-57314-KP193708N401249V01_sp16-143.fits.gz 
 6610188,579816143,293.016170,42.072750,0.0031,spec-57917-KP193708N401249V02_sp16-143.fits.gz 
 6610354,155006171,293.065140,42.049521,0.1557,spec-56436-kepler02_1_sp06-171.fits.gz 
 6610828, 52916074,293.199208,42.027861,0.1280,spec-56096-kepler08B56096_2_sp16-074.fits.gz 
 6612293,373116101,293.610230,42.041592,0.0115,spec-57314-KP193708N401249V01_sp16-101.fits.gz 
 6614588, 52811198,294.238292,42.090750,0.1216,spec-56096-kepler08B56096_1_sp11-198.fits.gz 
 6615504,367814240,294.486210,42.094372,0.0106,spec-57304-KP194918N413456V05_sp14-240.fits.gz 
 6615504,579911250,294.486210,42.094372,0.0106,spec-57917-KP193708N401249V03_sp11-250.fits.gz 
 6619177, 52912073,295.430000,42.099611,0.0634,spec-56096-kepler08B56096_2_sp12-073.fits.gz 
 6619631,367803118,295.535950,42.041031,0.0224,spec-57304-KP194918N413456V05_sp03-118.fits.gz 
 6620367,367703108,295.708530,42.033718,0.0061,spec-57304-KP194918N413456V04_sp03-108.fits.gz 
 6620507,367803110,295.738530,42.093960,0.0246,spec-57304-KP194918N413456V05_sp03-110.fits.gz 
 6627543,241704037,297.303458,42.028778,0.0234,spec-56800-KP194918N413456V_sp04-037.fits.gz 
 6628766,367704224,297.586520,42.020962,0.0246,spec-57304-KP194918N413456V04_sp04-224.fits.gz 
 6629177,367804220,297.675110,42.085098,0.0298,spec-57304-KP194918N413456V05_sp04-220.fits.gz 
 6629205,367704225,297.681981,42.071609,3.3879,spec-57304-KP194918N413456V04_sp04-225.fits.gz 
 6664431,577705198,281.304810,42.148458,4.1688,spec-57912-KP185031N425443V04_sp05-198.fits.gz 
 6664950,365005194,281.585240,42.133160,0.0268,spec-57300-KP185031N425443V02_sp05-194.fits.gz 
 6664950,577605194,281.585240,42.133160,0.0268,spec-57912-KP185031N425443V03_sp05-194.fits.gz 
 6665058,365005064,281.645780,42.139809,0.0087,spec-57300-KP185031N425443V02_sp05-064.fits.gz 
 6665058,577605064,281.645780,42.139809,0.0087,spec-57912-KP185031N425443V03_sp05-064.fits.gz 
 6665526,577805073,281.906920,42.101501,0.0246,spec-57912-KP185031N425443V05_sp05-073.fits.gz 
 6666011,577605062,282.175899,42.101921,4.8277,spec-57912-KP185031N425443V03_sp05-062.fits.gz 
 6676083,362101159,286.666930,42.188499,0.0043,spec-57291-KP190808N440210V03_sp01-159.fits.gz 
 6676083,576511040,286.666930,42.188499,0.0043,spec-57908-KP190339N395439V03_sp11-040.fits.gz 
 6676125,362001159,286.685820,42.163311,0.0043,spec-57291-KP190808N440210V02_sp01-159.fits.gz 
 6676788,362001169,286.952940,42.182381,0.0043,spec-57291-KP190808N440210V02_sp01-169.fits.gz 
 6676788,576511046,286.952940,42.182381,0.0043,spec-57908-KP190339N395439V03_sp11-046.fits.gz 
 6676885,362001087,286.990630,42.126091,0.0087,spec-57291-KP190808N440210V02_sp01-087.fits.gz 
 6677387,362101093,287.197330,42.115719,0.0244,spec-57291-KP190808N440210V03_sp01-093.fits.gz 
 6677387,581601093,287.197330,42.115719,0.0244,spec-57920-KP190808N440210V04_sp01-093.fits.gz 
 6677653,362001088,287.305900,42.155830,1.0127,spec-57291-KP190808N440210V02_sp01-088.fits.gz 
 6677653,369010077,287.305900,42.155830,1.0127,spec-57307-KP192102N424113V03_sp10-077.fits.gz 
 6678328,161401110,287.585667,42.150944,0.0316,spec-56570-KP190808N440210V01_sp01-110.fits.gz 
 6678432,154010072,287.625958,42.129389,0.0342,spec-56432-KP192102N424113V01_sp10-072.fits.gz 
 6678472,362001121,287.646820,42.188671,0.0250,spec-57291-KP190808N440210V02_sp01-121.fits.gz 
 6678472,581601121,287.646820,42.188671,0.0250,spec-57920-KP190808N440210V04_sp01-121.fits.gz 
 6679278,362107007,287.942200,42.199780,0.0222,spec-57291-KP190808N440210V03_sp07-007.fits.gz 
 6680386,362007229,288.331300,42.148960,0.0043,spec-57291-KP190808N440210V02_sp07-229.fits.gz 
 6681414,362007221,288.706570,42.159882,0.0316,spec-57291-KP190808N440210V02_sp07-221.fits.gz 
 6681465,161407221,288.724000,42.187528,0.0450,spec-56570-KP190808N440210V01_sp07-221.fits.gz 
 6681565,362007210,288.754790,42.176319,0.0268,spec-57291-KP190808N440210V02_sp07-210.fits.gz 
 6681565,581607210,288.754790,42.176319,0.0268,spec-57920-KP190808N440210V04_sp07-210.fits.gz 
 6688318,155008170,290.841958,42.183139,0.0304,spec-56436-kepler02_1_sp08-170.fits.gz 
 6688580,159608167,290.921583,42.102361,0.0321,spec-56562-KP192102N424113V02_sp08-167.fits.gz 
 6690139,154008007,291.413292,42.187056,0.0594,spec-56432-KP192102N424113V01_sp08-007.fits.gz 
 6690139,159608007,291.413292,42.187056,0.0594,spec-56562-KP192102N424113V02_sp08-007.fits.gz 
 6690934,155008052,291.643542,42.142472,0.0460,spec-56436-kepler02_1_sp08-052.fits.gz 
 6690934,159608127,291.643542,42.142472,0.0460,spec-56562-KP192102N424113V02_sp08-127.fits.gz 
 6694150,159606078,292.621958,42.193333,0.0298,spec-56562-KP192102N424113V02_sp06-078.fits.gz 
 6696436, 52816134,293.251917,42.166667,0.0833,spec-56096-kepler08B56096_1_sp16-134.fits.gz 
 6700106,367714236,294.199920,42.178211,0.0000,spec-57304-KP194918N413456V04_sp14-236.fits.gz 
 6700106,579811189,294.199920,42.178211,0.0000,spec-57917-KP193708N401249V02_sp11-189.fits.gz 
 6700113, 52811178,294.201792,42.156472,0.0586,spec-56096-kepler08B56096_1_sp11-178.fits.gz 
 6701041,367714113,294.437010,42.187012,0.0043,spec-57304-KP194918N413456V04_sp14-113.fits.gz 
 6701041,579811190,294.437010,42.187012,0.0043,spec-57917-KP193708N401249V02_sp11-190.fits.gz 
 6701238,367814237,294.487340,42.167110,0.0513,spec-57304-KP194918N413456V05_sp14-237.fits.gz 
 6705642,162203118,295.545292,42.120972,0.0445,spec-56571-KP194918N413456V01_sp03-118.fits.gz 
 6705642,241703118,295.545292,42.120972,0.0445,spec-56800-KP194918N413456V_sp03-118.fits.gz 
 6706980,367803116,295.832400,42.112900,0.0222,spec-57304-KP194918N413456V05_sp03-116.fits.gz 
 6706980,579812049,295.832400,42.112900,0.0222,spec-57917-KP193708N401249V02_sp12-049.fits.gz 
 6707691, 52912048,295.997667,42.174417,0.0335,spec-56096-kepler08B56096_2_sp12-048.fits.gz 
 6707805, 52812048,296.024625,42.151389,0.0596,spec-56096-kepler08B56096_1_sp12-048.fits.gz 
 6717417,162309154,298.123000,42.177750,0.0556,spec-56571-KP194918N413456V02_sp09-154.fits.gz 
 6751876,577805060,281.832370,42.218410,0.0248,spec-57912-KP185031N425443V05_sp05-060.fits.gz 
 6752140,365005068,281.966310,42.246120,0.0043,spec-57300-KP185031N425443V02_sp05-068.fits.gz 
 6752140,577605068,281.966310,42.246120,0.0043,spec-57912-KP185031N425443V03_sp05-068.fits.gz 
 6755907,577708017,283.748260,42.244350,0.0264,spec-57912-KP185031N425443V04_sp08-017.fits.gz 
 6756648,163008141,284.080551,42.220917,2.5349,spec-56573-KP185031N425443V01_sp08-141.fits.gz 
 6757928,163006236,284.617264,42.242073,2.9923,spec-56573-KP185031N425443V01_sp06-236.fits.gz 
 6761651,362102075,286.302800,42.237099,0.0226,spec-57291-KP190808N440210V03_sp02-075.fits.gz 
 6761651,576511215,286.302800,42.237099,0.0226,spec-57908-KP190339N395439V03_sp11-215.fits.gz 
 6762022,362101065,286.477510,42.259689,0.0075,spec-57291-KP190808N440210V03_sp01-065.fits.gz 
 6764026,161401143,287.289167,42.236917,0.0134,spec-56570-KP190808N440210V01_sp01-143.fits.gz 
 6764229,369010112,287.377690,42.223679,0.0271,spec-57307-KP192102N424113V03_sp10-112.fits.gz 
 6764685,369010072,287.566220,42.254910,0.0246,spec-57307-KP192102N424113V03_sp10-072.fits.gz 
 6764685,581601126,287.566220,42.254910,0.0246,spec-57920-KP190808N440210V04_sp01-126.fits.gz 
 6766118,159610235,288.117208,42.273389,0.1574,spec-56562-KP192102N424113V02_sp10-235.fits.gz 
 6767489,362007212,288.641330,42.282001,0.0246,spec-57291-KP190808N440210V02_sp07-212.fits.gz 
 6768319,362007222,288.934110,42.233921,0.0075,spec-57291-KP190808N440210V02_sp07-222.fits.gz 
 6768355,362007066,288.948240,42.289680,0.0053,spec-57291-KP190808N440210V02_sp07-066.fits.gz 
 6768355,581607066,288.948240,42.289680,0.0053,spec-57920-KP190808N440210V04_sp07-066.fits.gz 
 6768654,362107070,289.062770,42.285530,0.0000,spec-57291-KP190808N440210V03_sp07-070.fits.gz 
 6768654,581707070,289.062770,42.285530,0.0000,spec-57920-KP190808N440210V05_sp07-070.fits.gz 
 6775098,369008228,291.104340,42.269161,0.0288,spec-57307-KP192102N424113V03_sp08-228.fits.gz 
 6777888,155008064,291.973375,42.200444,0.0494,spec-56436-kepler02_1_sp08-064.fits.gz 
 6778789,369106087,292.244350,42.219601,0.0226,spec-57307-KP192102N424113V04_sp06-087.fits.gz 
 6779009,369006091,292.310460,42.225471,0.0292,spec-57307-KP192102N424113V03_sp06-091.fits.gz 
 6779699,155006097,292.523583,42.275750,0.0414,spec-56436-kepler02_1_sp06-097.fits.gz 
 6783217,360101207,293.532750,42.272572,0.0345,spec-57287-KP193637N444141V05_sp01-207.fits.gz 
 6783485,360001212,293.597560,42.296631,0.0266,spec-57287-KP193637N444141V04_sp01-212.fits.gz 
 6785523,367714121,294.154058,42.288631,1.3315,spec-57304-KP194918N413456V04_sp14-121.fits.gz 
 6785523,373111185,294.154058,42.288631,1.3315,spec-57314-KP193708N401249V01_sp11-185.fits.gz 
 6786075,367714120,294.293430,42.204529,0.0061,spec-57304-KP194918N413456V04_sp14-120.fits.gz 
 6786398, 52911187,294.381292,42.274472,0.0445,spec-56096-kepler08B56096_2_sp11-187.fits.gz 
 6790382,367914168,295.393217,42.284928,1.2695,spec-57304-KP194918N413456V06_sp14-168.fits.gz 
 6791033, 52912249,295.537417,42.251750,0.0460,spec-56096-kepler08B56096_2_sp12-249.fits.gz 
 6791309,367914085,295.602330,42.236561,0.0244,spec-57304-KP194918N413456V06_sp14-085.fits.gz 
 6791445,367703101,295.637150,42.207230,0.0226,spec-57304-KP194918N413456V04_sp03-101.fits.gz 
 6791445,579812057,295.637150,42.207230,0.0226,spec-57917-KP193708N401249V02_sp12-057.fits.gz 
 6793235, 52812050,296.039309,42.276026,0.7945,spec-56096-kepler08B56096_1_sp12-050.fits.gz 
 6793235, 52912050,296.039309,42.276026,0.7945,spec-56096-kepler08B56096_2_sp12-050.fits.gz 
 6805631,367809035,298.691250,42.255619,0.0334,spec-57304-KP194918N413456V05_sp09-035.fits.gz 
 6836321,365003248,281.162990,42.390739,0.0288,spec-57300-KP185031N425443V02_sp03-248.fits.gz 
 6837256,163003013,281.679500,42.387361,0.1176,spec-56573-KP185031N425443V01_sp03-013.fits.gz 
 6838375,577604140,282.273380,42.342339,0.0310,spec-57912-KP185031N425443V03_sp04-140.fits.gz 
 6838420,577604147,282.293490,42.389019,0.0288,spec-57912-KP185031N425443V03_sp04-147.fits.gz 
 6838665,365004126,282.420930,42.364399,0.0043,spec-57300-KP185031N425443V02_sp04-126.fits.gz 
 6838665,577704126,282.420930,42.364399,0.0043,spec-57912-KP185031N425443V04_sp04-126.fits.gz 
 6838707,577604126,282.445075,42.373539,3.8131,spec-57912-KP185031N425443V03_sp04-126.fits.gz 
 6841449,365008011,283.703830,42.346729,0.0208,spec-57300-KP185031N425443V02_sp08-011.fits.gz 
 6843557,362002092,284.678860,42.348381,0.0290,spec-57291-KP190808N440210V02_sp02-092.fits.gz 
 6849167,159610138,287.185792,42.330083,0.1103,spec-56562-KP192102N424113V02_sp10-138.fits.gz 
 6850177,362001144,287.568080,42.365082,0.0316,spec-57291-KP190808N440210V02_sp01-144.fits.gz 
 6850177,581601144,287.568080,42.365082,0.0316,spec-57920-KP190808N440210V04_sp01-144.fits.gz 
 6850417,155010025,287.660707,42.313181,0.0325,spec-56436-kepler02_1_sp10-025.fits.gz 
 6850464,362007033,287.681014,42.309607,0.4296,spec-57291-KP190808N440210V02_sp07-033.fits.gz 
 6850464,369010061,287.681014,42.309607,0.4296,spec-57307-KP192102N424113V03_sp10-061.fits.gz 
 6850665,362007050,287.766270,42.322720,0.0313,spec-57291-KP190808N440210V02_sp07-050.fits.gz 
 6850665,581607050,287.766270,42.322720,0.0313,spec-57920-KP190808N440210V04_sp07-050.fits.gz 
 6851401,161407011,288.058793,42.356224,1.1861,spec-56570-KP190808N440210V01_sp07-011.fits.gz 
 6851499,154010247,288.094000,42.397167,0.1112,spec-56432-KP192102N424113V01_sp10-247.fits.gz 
 6851499,159610229,288.094000,42.397167,0.1112,spec-56562-KP192102N424113V02_sp10-229.fits.gz 
 6853127,362107068,288.712100,42.383389,0.0222,spec-57291-KP190808N440210V03_sp07-068.fits.gz 
 6853127,581707068,288.712100,42.383389,0.0222,spec-57920-KP190808N440210V05_sp07-068.fits.gz 
 6853266,362007068,288.761380,42.380421,0.0069,spec-57291-KP190808N440210V02_sp07-068.fits.gz 
 6853266,581607068,288.761380,42.380421,0.0069,spec-57920-KP190808N440210V04_sp07-068.fits.gz 
 6853465,154003032,288.835500,42.307111,0.0303,spec-56432-KP192102N424113V01_sp03-032.fits.gz 
 6854095,362107075,289.049800,42.343399,0.0230,spec-57291-KP190808N440210V03_sp07-075.fits.gz 
 6854095,581707075,289.049800,42.343399,0.0230,spec-57920-KP190808N440210V05_sp07-075.fits.gz 
 6854391,362107092,289.146240,42.336369,0.0043,spec-57291-KP190808N440210V03_sp07-092.fits.gz 
 6854391,581707092,289.146240,42.336369,0.0043,spec-57920-KP190808N440210V05_sp07-092.fits.gz 
 6854423,362007092,289.156620,42.350079,0.0061,spec-57291-KP190808N440210V02_sp07-092.fits.gz 
 6854423,581607092,289.156620,42.350079,0.0061,spec-57920-KP190808N440210V04_sp07-092.fits.gz 
 6860004,369104105,290.873292,42.397231,0.8185,spec-57307-KP192102N424113V04_sp04-105.fits.gz 
 6860127,369108239,290.911560,42.309891,0.0087,spec-57307-KP192102N424113V04_sp08-239.fits.gz 
 6861403,369008234,291.314880,42.390610,0.0313,spec-57307-KP192102N424113V03_sp08-234.fits.gz 
 6863017,155008060,291.808250,42.337889,0.0219,spec-56436-kepler02_1_sp08-060.fits.gz 
 6863899,369108100,292.076020,42.328758,0.0330,spec-57307-KP192102N424113V04_sp08-100.fits.gz 
 6864897,369006086,292.360810,42.303188,0.0290,spec-57307-KP192102N424113V03_sp06-086.fits.gz 
 6864995,155006086,292.391083,42.337889,0.0322,spec-56436-kepler02_1_sp06-086.fits.gz 
 6866002,369006033,292.676084,42.397484,1.7236,spec-57307-KP192102N424113V03_sp06-033.fits.gz 
 6866396,373116240,292.794830,42.365189,0.0310,spec-57314-KP193708N401249V01_sp16-240.fits.gz 
 6866587,369006049,292.848723,42.346186,0.6937,spec-57307-KP192102N424113V03_sp06-049.fits.gz 
 6866587,373116239,292.848723,42.346186,0.6937,spec-57314-KP193708N401249V01_sp16-239.fits.gz 
 6867485,579816248,293.106510,42.377720,0.0288,spec-57917-KP193708N401249V02_sp16-248.fits.gz 
 6870779,579911196,294.053740,42.394829,0.0075,spec-57917-KP193708N401249V03_sp11-196.fits.gz 
 6871057, 52811185,294.134625,42.328389,0.0538,spec-56096-kepler08B56096_1_sp11-185.fits.gz 
 6871472,360001018,294.250850,42.377579,0.0053,spec-57287-KP193637N444141V04_sp01-018.fits.gz 
 6875989,162314089,295.380500,42.337750,0.0458,spec-56571-KP194918N413456V02_sp14-089.fits.gz 
 6876260,367914091,295.438450,42.313808,0.0250,spec-57304-KP194918N413456V06_sp14-091.fits.gz 
 6878041, 52912232,295.847458,42.373361,0.0000,spec-56096-kepler08B56096_2_sp12-232.fits.gz 
 6878403,367815058,295.932400,42.389790,0.0043,spec-57304-KP194918N413456V05_sp15-058.fits.gz 
 6878800,367815055,296.024480,42.359539,0.0310,spec-57304-KP194918N413456V05_sp15-055.fits.gz 
 6878959,162315055,296.057333,42.336667,0.0313,spec-56571-KP194918N413456V02_sp15-055.fits.gz 
 6887430,367809159,297.953250,42.305031,0.0334,spec-57304-KP194918N413456V05_sp09-159.fits.gz 
 6923677,365004131,282.083626,42.433490,3.2595,spec-57300-KP185031N425443V02_sp04-131.fits.gz 
 6925082,577604080,282.730088,42.412880,4.8301,spec-57912-KP185031N425443V03_sp04-080.fits.gz 
 6925158,365004080,282.763460,42.425980,0.0288,spec-57300-KP185031N425443V02_sp04-080.fits.gz 
 6925158,577704080,282.763460,42.425980,0.0288,spec-57912-KP185031N425443V04_sp04-080.fits.gz 
 6928997,362002098,284.494380,42.458778,0.0097,spec-57291-KP190808N440210V02_sp02-098.fits.gz 
 6929729,365006089,284.874020,42.455742,0.0270,spec-57300-KP185031N425443V02_sp06-089.fits.gz 
 6934780,369110149,287.075321,42.490039,0.5415,spec-57307-KP192102N424113V04_sp10-149.fits.gz 
 6936796,362107035,287.876740,42.477661,0.0268,spec-57291-KP190808N440210V03_sp07-035.fits.gz 
 6936796,581707035,287.876740,42.477661,0.0268,spec-57920-KP190808N440210V05_sp07-035.fits.gz 
 6936990,362107028,287.956910,42.456951,0.0270,spec-57291-KP190808N440210V03_sp07-028.fits.gz 
 6936990,581807028,287.956910,42.456951,0.0270,spec-57920-KP190808N440210V06_sp07-028.fits.gz 
 6939158,362007058,288.781370,42.418228,0.0261,spec-57291-KP190808N440210V02_sp07-058.fits.gz 
 6940048,155003186,289.091542,42.432972,0.0331,spec-56436-kepler02_1_sp03-186.fits.gz 
 6940816,362007096,289.353287,42.468473,3.1303,spec-57291-KP190808N440210V02_sp07-096.fits.gz 
 6940816,369003192,289.353287,42.468473,3.1303,spec-57307-KP192102N424113V03_sp03-192.fits.gz 
 6945941,369004104,290.935300,42.402950,0.0000,spec-57307-KP192102N424113V03_sp04-104.fits.gz 
 6946910,369108039,291.268920,42.495178,0.0261,spec-57307-KP192102N424113V04_sp08-039.fits.gz 
 6948001,369008037,291.622160,42.410271,0.0295,spec-57307-KP192102N424113V03_sp08-037.fits.gz 
 6949816,154008087,292.201917,42.431083,0.1573,spec-56432-KP192102N424113V01_sp08-087.fits.gz 
 6949816,159608098,292.201917,42.431083,0.1573,spec-56562-KP192102N424113V02_sp08-098.fits.gz 
 6951289,369106033,292.661560,42.422070,0.0061,spec-57307-KP192102N424113V04_sp06-033.fits.gz 
 6951925,360102124,292.868260,42.433998,0.0277,spec-57287-KP193637N444141V05_sp02-124.fits.gz 
 6952430,360101249,293.019900,42.479530,0.0224,spec-57287-KP193637N444141V05_sp01-249.fits.gz 
 6953271,359901248,293.265780,42.420151,0.0043,spec-57287-KP193637N444141V03_sp01-248.fits.gz 
 6957157, 52201018,294.343708,42.407667,0.0087,spec-56083-IF04_B56083_sp01-018.fits.gz 
 6960601, 52911043,295.231375,42.434056,0.0396,spec-56096-kepler08B56096_2_sp11-043.fits.gz 
 6960978,359907248,295.323567,42.498428,1.6606,spec-57287-KP193637N444141V03_sp07-248.fits.gz 
 6960978,367714099,295.323567,42.498428,1.6606,spec-57304-KP194918N413456V04_sp14-099.fits.gz 
 6961071,359907232,295.341610,42.409840,0.0081,spec-57287-KP193637N444141V03_sp07-232.fits.gz 
 6964342,367715067,296.090302,42.437538,2.7715,spec-57304-KP194918N413456V04_sp15-067.fits.gz 
 6976451,367809032,298.666840,42.445621,0.0271,spec-57304-KP194918N413456V05_sp09-032.fits.gz 
 7006979,365003083,280.913370,42.591541,2.8903,spec-57300-KP185031N425443V02_sp03-083.fits.gz 
 7009245,365004198,282.151670,42.560299,0.0204,spec-57300-KP185031N425443V02_sp04-198.fits.gz 
 7009245,577604198,282.151670,42.560299,0.0204,spec-57912-KP185031N425443V03_sp04-198.fits.gz 
 7014958,362002033,284.802520,42.576649,0.0312,spec-57291-KP190808N440210V02_sp02-033.fits.gz 
 7017044,365006130,285.829002,42.504592,1.6005,spec-57300-KP185031N425443V02_sp06-130.fits.gz 
 7018252,362005225,286.370572,42.577461,1.0811,spec-57291-KP190808N440210V02_sp05-225.fits.gz 
 7018515,362001071,286.491060,42.514229,0.0075,spec-57291-KP190808N440210V02_sp01-071.fits.gz 
 7019580,362001153,286.984470,42.551121,0.0061,spec-57291-KP190808N440210V02_sp01-153.fits.gz 
 7019580,581601153,286.984470,42.551121,0.0061,spec-57920-KP190808N440210V04_sp01-153.fits.gz 
 7019953,369110146,287.153050,42.536491,0.0234,spec-57307-KP192102N424113V04_sp10-146.fits.gz 
 7020392,161405024,287.328208,42.581442,0.3238,spec-56570-KP190808N440210V01_sp05-024.fits.gz 
 7020392,369110129,287.328208,42.581442,0.3238,spec-57307-KP192102N424113V04_sp10-129.fits.gz 
 7024018,155003079,288.749708,42.580917,0.0907,spec-56436-kepler02_1_sp03-079.fits.gz 
 7024018,159603078,288.749708,42.580917,0.0907,spec-56562-KP192102N424113V02_sp03-078.fits.gz 
 7025721,161407091,289.317635,42.596153,0.7662,spec-56570-KP190808N440210V01_sp07-091.fits.gz 
 7031016,369104241,290.947020,42.551819,0.0031,spec-57307-KP192102N424113V04_sp04-241.fits.gz 
 7031714,155008049,291.183542,42.533556,0.0484,spec-56436-kepler02_1_sp08-049.fits.gz 
 7032312,369008038,291.381810,42.580311,0.0266,spec-57307-KP192102N424113V03_sp08-038.fits.gz 
 7033467,155008036,291.755458,42.596611,0.0396,spec-56436-kepler02_1_sp08-036.fits.gz 
 7033846,369008088,291.875407,42.538245,0.5124,spec-57307-KP192102N424113V03_sp08-088.fits.gz 
 7034957,369109237,292.225620,42.580238,0.0242,spec-57307-KP192102N424113V04_sp09-237.fits.gz 
 7035184,369008099,292.295990,42.553810,0.0290,spec-57307-KP192102N424113V03_sp08-099.fits.gz 
 7036099,154006036,292.582083,42.544389,0.0106,spec-56432-KP192102N424113V01_sp06-036.fits.gz 
 7036104,369106027,292.583340,42.522148,0.0087,spec-57307-KP192102N424113V04_sp06-027.fits.gz 
 7036151,360002114,292.600100,42.560589,0.0222,spec-57287-KP193637N444141V04_sp02-114.fits.gz 
 7037405,359902104,292.976230,42.547680,0.0242,spec-57287-KP193637N444141V03_sp02-104.fits.gz 
 7039075,247601030,293.464190,42.583852,0.5424,spec-56914-KP193637N444141V01_sp01-030.fits.gz 
 7040879,360101210,293.955140,42.547279,0.0271,spec-57287-KP193637N444141V05_sp01-210.fits.gz 
 7040879,579811141,293.955140,42.547279,0.0271,spec-57917-KP193708N401249V02_sp11-141.fits.gz 
 7041602,247701084,294.157667,42.572667,0.0234,spec-56914-KP193637N444141V02_sp01-084.fits.gz 
 7041744,360001083,294.198390,42.592239,0.0043,spec-57287-KP193637N444141V04_sp01-083.fits.gz 
 7041834,360101097,294.224000,42.530418,0.0226,spec-57287-KP193637N444141V05_sp01-097.fits.gz 
 7042040,359901097,294.284760,42.533859,0.0298,spec-57287-KP193637N444141V03_sp01-097.fits.gz 
 7042040,579811211,294.284760,42.533859,0.0298,spec-57917-KP193708N401249V02_sp11-211.fits.gz 
 7044886, 52811027,295.059792,42.588167,0.0441,spec-56096-kepler08B56096_1_sp11-027.fits.gz 
 7044886,162214138,295.059792,42.588167,0.0441,spec-56571-KP194918N413456V01_sp14-138.fits.gz 
 7044886,241714138,295.059792,42.588167,0.0441,spec-56800-KP194918N413456V_sp14-138.fits.gz 
 7044886,247607161,295.059792,42.588167,0.0441,spec-56914-KP193637N444141V01_sp07-161.fits.gz 
 7048889,162215089,295.990292,42.599083,0.0744,spec-56571-KP194918N413456V01_sp15-089.fits.gz 
 7048889,247607219,295.990292,42.599083,0.0744,spec-56914-KP193637N444141V01_sp07-219.fits.gz 
 7049467,367715064,296.118500,42.510578,0.0238,spec-57304-KP194918N413456V04_sp15-064.fits.gz 
 7049756,367715052,296.185390,42.549568,0.0292,spec-57304-KP194918N413456V04_sp15-052.fits.gz 
 7052311,162315025,296.777508,42.547219,1.3348,spec-56571-KP194918N413456V02_sp15-025.fits.gz 
 7060732,367909056,298.636660,42.579811,0.0075,spec-57304-KP194918N413456V06_sp09-056.fits.gz 
 7090906,365003088,281.011290,42.675060,0.0266,spec-57300-KP185031N425443V02_sp03-088.fits.gz 
 7090906,577603088,281.011290,42.675060,0.0266,spec-57912-KP185031N425443V03_sp03-088.fits.gz 
 7092067,365003185,281.680510,42.628651,0.0268,spec-57300-KP185031N425443V02_sp03-185.fits.gz 
 7092067,577603185,281.680510,42.628651,0.0268,spec-57912-KP185031N425443V03_sp03-185.fits.gz 
 7092127,365003192,281.713470,42.630669,0.0043,spec-57300-KP185031N425443V02_sp03-192.fits.gz 
 7092127,577603192,281.713470,42.630669,0.0043,spec-57912-KP185031N425443V03_sp03-192.fits.gz 
 7093179,163004185,282.236232,42.608205,1.1728,spec-56573-KP185031N425443V01_sp04-185.fits.gz 
 7094142,365004092,282.710967,42.601849,2.8264,spec-57300-KP185031N425443V02_sp04-092.fits.gz 
 7098252,161402174,284.609500,42.622389,0.0000,spec-56570-KP190808N440210V01_sp02-174.fits.gz 
 7098276,581702174,284.623736,42.692730,0.0348,spec-57920-KP190808N440210V05_sp02-174.fits.gz 
 7098510,581602043,284.744284,42.632895,5.0932,spec-57920-KP190808N440210V04_sp02-043.fits.gz 
 7100768,362102229,285.766720,42.610790,0.0310,spec-57291-KP190808N440210V03_sp02-229.fits.gz 
 7100888,362102227,285.823240,42.697639,0.0285,spec-57291-KP190808N440210V03_sp02-227.fits.gz 
 7100888,581602227,285.823240,42.697639,0.0285,spec-57920-KP190808N440210V04_sp02-227.fits.gz 
 7103297,362005090,286.844300,42.665508,0.0246,spec-57291-KP190808N440210V02_sp05-090.fits.gz 
 7103666,369010136,286.986970,42.611568,0.0313,spec-57307-KP192102N424113V03_sp10-136.fits.gz 
 7103666,581605004,286.986970,42.611568,0.0313,spec-57920-KP190808N440210V04_sp05-004.fits.gz 
 7103951,581605022,287.102052,42.636813,4.9287,spec-57920-KP190808N440210V04_sp05-022.fits.gz 
 7108501,159603171,288.848542,42.653000,0.0523,spec-56562-KP192102N424113V02_sp03-171.fits.gz 
 7108536,362007069,288.861110,42.629810,0.0061,spec-57291-KP190808N440210V02_sp07-069.fits.gz 
 7108536,581607069,288.861110,42.629810,0.0061,spec-57920-KP190808N440210V04_sp07-069.fits.gz 
 7108646,369003178,288.895290,42.664688,0.0288,spec-57307-KP192102N424113V03_sp03-178.fits.gz 
 7108646,581607187,288.895290,42.664688,0.0288,spec-57920-KP190808N440210V04_sp07-187.fits.gz 
 7109064,362107195,289.048400,42.657761,0.0219,spec-57291-KP190808N440210V03_sp07-195.fits.gz 
 7109120,155003179,289.069917,42.654694,0.1568,spec-56436-kepler02_1_sp03-179.fits.gz 
 7109120,159603173,289.069917,42.654694,0.1568,spec-56562-KP192102N424113V02_sp03-173.fits.gz 
 7116264,155008028,291.321333,42.617111,0.0543,spec-56436-kepler02_1_sp08-028.fits.gz 
 7117050,369009024,291.557190,42.694649,0.0290,spec-57307-KP192102N424113V03_sp09-024.fits.gz 
 7118412,369009228,291.981750,42.610191,0.0339,spec-57307-KP192102N424113V03_sp09-228.fits.gz 
 7118721,159608076,292.093708,42.679556,0.0573,spec-56562-KP192102N424113V02_sp08-076.fits.gz 
 7119181,369009237,292.235780,42.603649,0.0310,spec-57307-KP192102N424113V03_sp09-237.fits.gz 
 7119934,159606047,292.454292,42.669222,0.0232,spec-56562-KP192102N424113V02_sp06-047.fits.gz 
 7119934,247602215,292.454292,42.669222,0.0232,spec-56914-KP193637N444141V01_sp02-215.fits.gz 
 7121674,159606070,292.962892,42.620956,0.1213,spec-56562-KP192102N424113V02_sp06-070.fits.gz 
 7121801,154006055,293.002158,42.620289,1.1843,spec-56432-KP192102N424113V01_sp06-055.fits.gz 
 7122640,359901026,293.261380,42.677109,0.0213,spec-57287-KP193637N444141V03_sp01-026.fits.gz 
 7124081,247701046,293.688375,42.654111,0.0111,spec-56914-KP193637N444141V02_sp01-046.fits.gz 
 7124573,359901094,293.822850,42.697449,0.0552,spec-57287-KP193637N444141V03_sp01-094.fits.gz 
 7129930, 52207168,295.247792,42.622322,1.8613,spec-56083-IF04_B56083_sp07-168.fits.gz 
 7131794,247707226,295.700167,42.655361,0.0325,spec-56914-KP193637N444141V02_sp07-226.fits.gz 
 7138406,367715149,297.286590,42.650871,0.0292,spec-57304-KP194918N413456V04_sp15-149.fits.gz 
 7139187,367715129,297.472600,42.690540,0.0031,spec-57304-KP194918N413456V04_sp15-129.fits.gz 
 7178170,365004241,283.324280,42.784199,0.0043,spec-57300-KP185031N425443V02_sp04-241.fits.gz 
 7183922,362105214,285.948233,42.741656,0.4655,spec-57291-KP190808N440210V03_sp05-214.fits.gz 
 7186274,362005001,286.956090,42.770538,0.0509,spec-57291-KP190808N440210V02_sp05-001.fits.gz 
 7186542,362105018,287.072170,42.793831,0.0310,spec-57291-KP190808N440210V03_sp05-018.fits.gz 
 7186677,362005021,287.128940,42.772511,0.0069,spec-57291-KP190808N440210V02_sp05-021.fits.gz 
 7186677,581605021,287.128940,42.772511,0.0069,spec-57920-KP190808N440210V04_sp05-021.fits.gz 
 7187059,362105141,287.287050,42.780380,0.0031,spec-57291-KP190808N440210V03_sp05-141.fits.gz 
 7187063,362005141,287.287660,42.786560,0.0290,spec-57291-KP190808N440210V02_sp05-141.fits.gz 
 7188504,362008207,287.891140,42.711028,2.5267,spec-57291-KP190808N440210V02_sp08-207.fits.gz 
 7188662,369014062,287.962620,42.764481,0.0031,spec-57307-KP192102N424113V03_sp14-062.fits.gz 
 7189610,154003074,288.333958,42.782417,0.0531,spec-56432-KP192102N424113V01_sp03-074.fits.gz 
 7190047,369003096,288.495730,42.704868,0.0246,spec-57307-KP192102N424113V03_sp03-096.fits.gz 
 7191496,159603161,289.031875,42.775556,0.0242,spec-56562-KP192102N424113V02_sp03-161.fits.gz 
 7191673,369003165,289.096249,42.758992,1.4225,spec-57307-KP192102N424113V03_sp03-165.fits.gz 
 7191945,362007192,289.195070,42.706959,0.0213,spec-57291-KP190808N440210V02_sp07-192.fits.gz 
 7200133,369109246,291.720430,42.752190,0.0244,spec-57307-KP192102N424113V04_sp09-246.fits.gz 
 7202701,360002205,292.535610,42.703362,0.0288,spec-57287-KP193637N444141V04_sp02-205.fits.gz 
 7203663,360002010,292.839970,42.749512,0.0310,spec-57287-KP193637N444141V04_sp02-010.fits.gz 
 7204026,360002008,292.943910,42.767288,0.0043,spec-57287-KP193637N444141V04_sp02-008.fits.gz 
 7204652,359902012,293.127840,42.728458,0.0307,spec-57287-KP193637N444141V03_sp02-012.fits.gz 
 7204851,359902007,293.183440,42.780640,0.0268,spec-57287-KP193637N444141V03_sp02-007.fits.gz 
 7205067,154013066,293.246775,42.745322,0.3782,spec-56432-KP192102N424113V01_sp13-066.fits.gz 
 7205313,359901028,293.323390,42.709980,0.0288,spec-57287-KP193637N444141V03_sp01-028.fits.gz 
 7206422,360101048,293.641820,42.736019,0.0242,spec-57287-KP193637N444141V05_sp01-048.fits.gz 
 7206531,247601048,293.669292,42.736194,0.0402,spec-56914-KP193637N444141V01_sp01-048.fits.gz 
 7207251, 52201094,293.880500,42.729222,0.0631,spec-56083-IF04_B56083_sp01-094.fits.gz 
 7211802,162316080,295.141667,42.791889,0.0442,spec-56571-KP194918N413456V02_sp16-080.fits.gz 
 7212057,360007008,295.208830,42.771332,0.0246,spec-57287-KP193637N444141V04_sp07-008.fits.gz 
 7214916,360007207,295.884770,42.741112,0.0043,spec-57287-KP193637N444141V04_sp07-207.fits.gz 
 7215396, 52207209,295.996000,42.777472,0.0087,spec-56083-IF04_B56083_sp07-209.fits.gz 
 7215409,359907203,295.999270,42.735840,0.0053,spec-57287-KP193637N444141V03_sp07-203.fits.gz 
 7217486,367815093,296.491074,42.715671,2.9700,spec-57304-KP194918N413456V05_sp15-093.fits.gz 
 7259653,577704234,283.120940,42.830158,0.0287,spec-57912-KP185031N425443V04_sp04-234.fits.gz 
 7265189,365006065,285.742130,42.861992,0.0266,spec-57300-KP185031N425443V02_sp06-065.fits.gz 
 7266176,362105216,286.199130,42.833408,0.0328,spec-57291-KP190808N440210V03_sp05-216.fits.gz 
 7266176,581705216,286.199130,42.833408,0.0328,spec-57920-KP190808N440210V05_sp05-216.fits.gz 
 7266674,362005042,286.417510,42.873810,0.0268,spec-57291-KP190808N440210V02_sp05-042.fits.gz 
 7266674,581605042,286.417510,42.873810,0.0268,spec-57920-KP190808N440210V04_sp05-042.fits.gz 
 7267370,362005050,286.715820,42.881168,0.0250,spec-57291-KP190808N440210V02_sp05-050.fits.gz 
 7267370,581605050,286.715820,42.881168,0.0250,spec-57920-KP190808N440210V04_sp05-050.fits.gz 
 7270142,369014066,287.845150,42.830250,0.0222,spec-57307-KP192102N424113V03_sp14-066.fits.gz 
 7270142,581808195,287.845150,42.830250,0.0222,spec-57920-KP190808N440210V06_sp08-195.fits.gz 
 7272257,154003066,288.681417,42.812389,0.1045,spec-56432-KP192102N424113V01_sp03-066.fits.gz 
 7272257,155003066,288.681417,42.812389,0.1045,spec-56436-kepler02_1_sp03-066.fits.gz 
 7273176,362007178,289.005430,42.884991,0.0253,spec-57291-KP190808N440210V02_sp07-178.fits.gz 
 7273176,581607178,289.005430,42.884991,0.0253,spec-57920-KP190808N440210V04_sp07-178.fits.gz 
 7273426,369003175,289.096470,42.899029,0.0250,spec-57307-KP192102N424113V03_sp03-175.fits.gz 
 7281777,159609227,291.709000,42.823694,0.0792,spec-56562-KP192102N424113V02_sp09-227.fits.gz 
 7284968,360002009,292.716370,42.843441,0.0316,spec-57287-KP193637N444141V04_sp02-009.fits.gz 
 7286741,369113037,293.266240,42.817310,0.0288,spec-57307-KP192102N424113V04_sp13-037.fits.gz 
 7286856, 52201063,293.305250,42.808111,0.0678,spec-56083-IF04_B56083_sp01-063.fits.gz 
 7287493,369013030,293.492399,42.807562,2.0723,spec-57307-KP192102N424113V03_sp13-030.fits.gz 
 7288301,360001159,293.726320,42.838310,0.0310,spec-57287-KP193637N444141V04_sp01-159.fits.gz 
 7288529,360001167,293.790990,42.870850,0.0285,spec-57287-KP193637N444141V04_sp01-167.fits.gz 
 7289277,359901155,293.997040,42.812908,0.0287,spec-57287-KP193637N444141V03_sp01-155.fits.gz 
 7293054,360007004,295.039790,42.879459,0.0275,spec-57287-KP193637N444141V04_sp07-004.fits.gz 
 7293609,360107021,295.174770,42.835209,0.0319,spec-57287-KP193637N444141V05_sp07-021.fits.gz 
 7294715,162216099,295.444792,42.811778,0.0230,spec-56571-KP194918N413456V01_sp16-099.fits.gz 
 7294715,241716099,295.444792,42.811778,0.0230,spec-56800-KP194918N413456V_sp16-099.fits.gz 
 7294715,247607010,295.444792,42.811778,0.0230,spec-56914-KP193637N444141V01_sp07-010.fits.gz 
 7295725,359907212,295.696470,42.857601,0.0053,spec-57287-KP193637N444141V03_sp07-212.fits.gz 
 7296975,359907066,296.001280,42.898941,0.0087,spec-57287-KP193637N444141V03_sp07-066.fits.gz 
 7297940,360107087,296.237610,42.806011,0.0043,spec-57287-KP193637N444141V05_sp07-087.fits.gz 
 7302117,367715042,297.215450,42.846439,0.0219,spec-57304-KP194918N413456V04_sp15-042.fits.gz 
 7303187,162215030,297.446917,42.882722,0.1073,spec-56571-KP194918N413456V01_sp15-030.fits.gz 
 7337994,365004164,282.146688,42.931049,0.8352,spec-57300-KP185031N425443V02_sp04-164.fits.gz 
 7340568,577704232,283.296663,42.963600,0.6275,spec-57912-KP185031N425443V04_sp04-232.fits.gz 
 7345200,365013068,285.436411,42.990944,1.2767,spec-57300-KP185031N425443V02_sp13-068.fits.gz 
 7345204,577813065,285.438600,42.994068,0.0226,spec-57912-KP185031N425443V05_sp13-065.fits.gz 
 7346365,161405248,285.969917,42.926111,0.1217,spec-56570-KP190808N440210V01_sp05-248.fits.gz 
 7346442,362005226,286.008790,42.998341,0.0275,spec-57291-KP190808N440210V02_sp05-226.fits.gz 
 7346442,577613067,286.008790,42.998341,0.0275,spec-57912-KP185031N425443V03_sp13-067.fits.gz 
 7347189,362105045,286.336992,42.910458,0.4043,spec-57291-KP190808N440210V03_sp05-045.fits.gz 
 7348314,362105044,286.826630,42.976810,0.0310,spec-57291-KP190808N440210V03_sp05-044.fits.gz 
 7348314,581705044,286.826630,42.976810,0.0310,spec-57920-KP190808N440210V05_sp05-044.fits.gz 
 7349386,161405149,287.258208,42.919222,0.4797,spec-56570-KP190808N440210V01_sp05-149.fits.gz 
 7350769,155014184,287.806417,42.935556,0.0685,spec-56436-kepler02_1_sp14-184.fits.gz 
 7350769,159614191,287.806417,42.935556,0.0685,spec-56562-KP192102N424113V02_sp14-191.fits.gz 
 7351098,362008104,287.938320,42.921188,0.0246,spec-57291-KP190808N440210V02_sp08-104.fits.gz 
 7351098,581608104,287.938320,42.921188,0.0246,spec-57920-KP190808N440210V04_sp08-104.fits.gz 
 7363357,360102080,291.962010,42.954842,0.0123,spec-57287-KP193637N444141V05_sp02-080.fits.gz 
 7364232,369109128,292.254150,42.901630,0.0031,spec-57307-KP192102N424113V04_sp09-128.fits.gz 
 7365701,154013203,292.696208,42.946472,0.0230,spec-56432-KP192102N424113V01_sp13-203.fits.gz 
 7365701,155013210,292.696208,42.946472,0.0230,spec-56436-kepler02_1_sp13-210.fits.gz 
 7366321,359902021,292.892060,42.923470,0.0264,spec-57287-KP193637N444141V03_sp02-021.fits.gz 
 7366820,247602074,293.046917,42.981833,0.0456,spec-56914-KP193637N444141V01_sp02-074.fits.gz 
 7367400,360102072,293.211267,42.989971,1.5567,spec-57287-KP193637N444141V05_sp02-072.fits.gz 
 7368013,154013038,293.385312,42.925800,0.1275,spec-56432-KP192102N424113V01_sp13-038.fits.gz 
 7368013,360101059,293.385312,42.925800,0.1275,spec-57287-KP193637N444141V05_sp01-059.fits.gz 
 7368584,359901054,293.562280,42.941245,1.3312,spec-57287-KP193637N444141V03_sp01-054.fits.gz 
 7368584,369013047,293.562280,42.941245,1.3312,spec-57307-KP192102N424113V03_sp13-047.fits.gz 
 7374005,360007039,295.060850,42.948372,0.0238,spec-57287-KP193637N444141V04_sp07-039.fits.gz 
 7374869,360007012,295.289060,42.978378,0.0278,spec-57287-KP193637N444141V04_sp07-012.fits.gz 
 7375177,360107025,295.358520,42.901100,0.0307,spec-57287-KP193637N444141V05_sp07-025.fits.gz 
 7376659,247707019,295.737958,42.993639,0.0396,spec-56914-KP193637N444141V02_sp07-019.fits.gz 
 7384523,162215048,297.546500,42.976972,0.1101,spec-56571-KP194918N413456V01_sp15-048.fits.gz 
 7384523,241715048,297.546500,42.976972,0.1101,spec-56800-KP194918N413456V_sp15-048.fits.gz 
 7385745,367709093,297.794280,42.965012,0.0000,spec-57304-KP194918N413456V04_sp09-093.fits.gz 
 7387188,367709087,298.092350,42.956299,0.0031,spec-57304-KP194918N413456V04_sp09-087.fits.gz 
 7387808,367809097,298.233460,42.994690,0.0288,spec-57304-KP194918N413456V05_sp09-097.fits.gz 
 7422349,577704238,283.378050,43.004341,0.0075,spec-57912-KP185031N425443V04_sp04-238.fits.gz 
 7428418,577713067,286.023123,43.029296,4.5744,spec-57912-KP185031N425443V04_sp13-067.fits.gz 
 7428418,581605226,286.023123,43.029296,4.5744,spec-57920-KP190808N440210V04_sp05-226.fits.gz 
 7428931,362105230,286.258917,43.034322,0.8718,spec-57291-KP190808N440210V03_sp05-230.fits.gz 
 7428931,581705230,286.258917,43.034322,0.8718,spec-57920-KP190808N440210V05_sp05-230.fits.gz 
 7429055,161405236,286.304500,43.036639,0.0863,spec-56570-KP190808N440210V01_sp05-236.fits.gz 
 7430868,154014246,287.075167,43.004000,0.0512,spec-56432-KP192102N424113V01_sp14-246.fits.gz 
 7431665,159614249,287.376625,43.009500,0.0415,spec-56562-KP192102N424113V02_sp14-249.fits.gz 
 7435143,154003125,288.743708,43.095861,0.1788,spec-56432-KP192102N424113V01_sp03-125.fits.gz 
 7439931,369104036,290.292510,43.058128,0.0301,spec-57307-KP192102N424113V04_sp04-036.fits.gz 
 7440390,369104209,290.419400,43.092239,0.0217,spec-57307-KP192102N424113V04_sp04-209.fits.gz 
 7440490,154004207,290.442792,43.026917,0.0230,spec-56432-KP192102N424113V01_sp04-207.fits.gz 
 7445698,359902078,292.037930,43.001099,0.0307,spec-57287-KP193637N444141V03_sp02-078.fits.gz 
 7446296,159609128,292.219458,43.056389,0.0522,spec-56562-KP192102N424113V02_sp09-128.fits.gz 
 7446296,247602126,292.219458,43.056389,0.0522,spec-56914-KP193637N444141V01_sp02-126.fits.gz 
 7447703,154013211,292.654250,43.077111,0.0625,spec-56432-KP192102N424113V01_sp13-211.fits.gz 
 7447703,155013218,292.654250,43.077111,0.0625,spec-56436-kepler02_1_sp13-218.fits.gz 
 7448051,360102228,292.764430,43.094131,0.0527,spec-57287-KP193637N444141V05_sp02-228.fits.gz 
 7449159,369113041,293.086317,43.036411,1.3659,spec-57307-KP192102N424113V04_sp13-041.fits.gz 
 7450059,359902064,293.343810,43.017479,0.0075,spec-57287-KP193637N444141V03_sp02-064.fits.gz 
 7457184,359907106,295.278380,43.051559,0.0253,spec-57287-KP193637N444141V03_sp07-106.fits.gz 
 7462845,247707082,296.557583,43.084722,0.0248,spec-56914-KP193637N444141V02_sp07-082.fits.gz 
 7463281, 52207080,296.660292,43.085917,0.0531,spec-56083-IF04_B56083_sp07-080.fits.gz 
 7465221,367915221,297.064850,43.080830,0.0219,spec-57304-KP194918N413456V06_sp15-221.fits.gz 
 7466616,367715032,297.350710,43.000809,0.0295,spec-57304-KP194918N413456V04_sp15-032.fits.gz 
 7468404,367715043,297.711788,43.033480,1.8175,spec-57304-KP194918N413456V04_sp15-043.fits.gz 
 7468893,162309093,297.806083,43.020111,0.0097,spec-56571-KP194918N413456V02_sp09-093.fits.gz 
 7499677,163014064,280.506375,43.137361,0.0111,spec-56573-KP185031N425443V01_sp14-064.fits.gz 
 7500388,365003054,280.901340,43.137699,0.0264,spec-57300-KP185031N425443V02_sp03-054.fits.gz 
 7500388,577603054,280.901340,43.137699,0.0264,spec-57912-KP185031N425443V03_sp03-054.fits.gz 
 7501722,365003208,281.642060,43.133518,0.0290,spec-57300-KP185031N425443V02_sp03-208.fits.gz 
 7502070,365003140,281.816040,43.159039,0.0053,spec-57300-KP185031N425443V02_sp03-140.fits.gz 
 7502070,577603140,281.816040,43.159039,0.0053,spec-57912-KP185031N425443V03_sp03-140.fits.gz 
 7504619,163004073,283.034125,43.108444,0.0244,spec-56573-KP185031N425443V01_sp04-073.fits.gz 
 7510604,581705182,285.743942,43.120275,0.3548,spec-57920-KP190808N440210V05_sp05-182.fits.gz 
 7513379,161405166,286.907083,43.155500,0.1212,spec-56570-KP190808N440210V01_sp05-166.fits.gz 
 7515137,369114204,287.596733,43.199194,1.1745,spec-57307-KP192102N424113V04_sp14-204.fits.gz 
 7515137,581808151,287.596733,43.199194,1.1745,spec-57920-KP190808N440210V06_sp08-151.fits.gz 
 7515516,154014201,287.743792,43.162750,0.0208,spec-56432-KP192102N424113V01_sp14-201.fits.gz 
 7516354,369114060,288.065520,43.124908,0.0115,spec-57307-KP192102N424113V04_sp14-060.fits.gz 
 7516354,581808103,288.065520,43.124908,0.0115,spec-57920-KP190808N440210V06_sp08-103.fits.gz 
 7522297,362106119,290.137020,43.168079,0.0061,spec-57291-KP190808N440210V03_sp06-119.fits.gz 
 7522297,581806119,290.137020,43.168079,0.0061,spec-57920-KP190808N440210V06_sp06-119.fits.gz 
 7523875,369004220,290.635500,43.191368,0.0334,spec-57307-KP192102N424113V03_sp04-220.fits.gz 
 7529215,155013234,292.269000,43.120611,0.0546,spec-56436-kepler02_1_sp13-234.fits.gz 
 7529215,159613228,292.269000,43.120611,0.0546,spec-56562-KP192102N424113V02_sp13-228.fits.gz 
 7529215,247602142,292.269000,43.120611,0.0546,spec-56914-KP193637N444141V01_sp02-142.fits.gz 
 7530451,359902231,292.647925,43.160531,1.2614,spec-57287-KP193637N444141V03_sp02-231.fits.gz 
 7530496,359902233,292.661590,43.184139,0.0285,spec-57287-KP193637N444141V03_sp02-233.fits.gz 
 7533496,359901069,293.498350,43.100800,0.0222,spec-57287-KP193637N444141V03_sp01-069.fits.gz 
 7533804,155013014,293.581216,43.196197,0.0144,spec-56436-kepler02_1_sp13-014.fits.gz 
 7533995, 52201055,293.638875,43.105639,0.0534,spec-56083-IF04_B56083_sp01-055.fits.gz 
 7538896,360007035,294.917110,43.132778,0.0278,spec-57287-KP193637N444141V04_sp07-035.fits.gz 
 7543102,367916167,295.957235,43.167509,1.4293,spec-57304-KP194918N413456V06_sp16-167.fits.gz 
 7547646,162311077,296.967943,43.104577,0.2272,spec-56571-KP194918N413456V02_sp11-077.fits.gz 
 7547964,367711080,297.039790,43.133049,0.0288,spec-57304-KP194918N413456V04_sp11-080.fits.gz 
 7550056,367811226,297.479400,43.108662,0.0043,spec-57304-KP194918N413456V05_sp11-226.fits.gz 
 7550955,367711247,297.672090,43.102650,0.0043,spec-57304-KP194918N413456V04_sp11-247.fits.gz 
 7581399,163014163,280.262417,43.264056,0.0369,spec-56573-KP185031N425443V01_sp14-163.fits.gz 
 7581822,365014161,280.535250,43.252560,0.0331,spec-57300-KP185031N425443V02_sp14-161.fits.gz 
 7581822,577614161,280.535250,43.252560,0.0331,spec-57912-KP185031N425443V03_sp14-161.fits.gz 
 7584900,577804049,282.389310,43.281792,0.0123,spec-57912-KP185031N425443V05_sp04-049.fits.gz 
 7585122,365004029,282.517253,43.268051,3.2856,spec-57300-KP185031N425443V02_sp04-029.fits.gz 
 7585523,163004218,282.722000,43.274583,0.0986,spec-56573-KP185031N425443V01_sp04-218.fits.gz 
 7585696,577604062,282.816971,43.242793,4.8022,spec-57912-KP185031N425443V03_sp04-062.fits.gz 
 7587353,365009223,283.637080,43.277382,0.0527,spec-57300-KP185031N425443V02_sp09-223.fits.gz 
 7587763,362110088,283.829715,43.220893,0.8581,spec-57291-KP190808N440210V03_sp10-088.fits.gz 
 7587763,365009017,283.829715,43.220893,0.8581,spec-57300-KP185031N425443V02_sp09-017.fits.gz 
 7591642,362105196,285.701350,43.208279,0.0226,spec-57291-KP190808N440210V03_sp05-196.fits.gz 
 7591642,577613038,285.701350,43.208279,0.0226,spec-57912-KP185031N425443V03_sp13-038.fits.gz 
 7592356,362005064,286.045990,43.258308,0.0283,spec-57291-KP190808N440210V02_sp05-064.fits.gz 
 7592356,581605064,286.045990,43.258308,0.0283,spec-57920-KP190808N440210V04_sp05-064.fits.gz 
 7593843,581805151,286.752410,43.234402,0.0292,spec-57920-KP190808N440210V06_sp05-151.fits.gz 
 7594337,369114227,286.956090,43.240040,0.0061,spec-57307-KP192102N424113V04_sp14-227.fits.gz 
 7595155,362005106,287.294490,43.271938,0.0043,spec-57291-KP190808N440210V02_sp05-106.fits.gz 
 7595155,581705106,287.294490,43.271938,0.0043,spec-57920-KP190808N440210V05_sp05-106.fits.gz 
 7595285,161405106,287.351776,43.250566,1.3461,spec-56570-KP190808N440210V01_sp05-106.fits.gz 
 7595285,369014240,287.351776,43.250566,1.3461,spec-57307-KP192102N424113V03_sp14-240.fits.gz 
 7595572,155014205,287.470018,43.267334,0.0184,spec-56436-kepler02_1_sp14-205.fits.gz 
 7596350,159614224,287.811667,43.252472,0.0242,spec-56562-KP192102N424113V02_sp14-224.fits.gz 
 7596701,369114172,287.961271,43.241489,0.1672,spec-57307-KP192102N424113V04_sp14-172.fits.gz 
 7597230,581808023,288.183590,43.244339,0.0264,spec-57920-KP190808N440210V06_sp08-023.fits.gz 
 7597390,155014166,288.246500,43.207083,0.0553,spec-56436-kepler02_1_sp14-166.fits.gz 
 7601618,362006156,289.868260,43.256210,0.0266,spec-57291-KP190808N440210V02_sp06-156.fits.gz 
 7601618,581606156,289.868260,43.256210,0.0266,spec-57920-KP190808N440210V04_sp06-156.fits.gz 
 7601720,161406104,289.910039,43.246248,0.4426,spec-56570-KP190808N440210V01_sp06-104.fits.gz 
 7609378,247702141,292.387667,43.216000,0.0321,spec-56914-KP193637N444141V02_sp02-141.fits.gz 
 7610417,369013146,292.706214,43.267152,1.0878,spec-57307-KP192102N424113V03_sp13-146.fits.gz 
 7611069,369013129,292.913940,43.231628,0.0278,spec-57307-KP192102N424113V03_sp13-129.fits.gz 
 7612115,360105204,293.229060,43.273701,0.0061,spec-57287-KP193637N444141V05_sp05-204.fits.gz 
 7612341,359905208,293.311310,43.220451,0.0287,spec-57287-KP193637N444141V03_sp05-208.fits.gz 
 7612547,360005208,293.370090,43.252010,0.0061,spec-57287-KP193637N444141V04_sp05-208.fits.gz 
 7613227,360005081,293.565430,43.290520,0.0238,spec-57287-KP193637N444141V04_sp05-081.fits.gz 
 7616823,360005023,294.546570,43.255932,0.0310,spec-57287-KP193637N444141V04_sp05-023.fits.gz 
 7616829,359905005,294.548950,43.241291,0.0230,spec-57287-KP193637N444141V03_sp05-005.fits.gz 
 7618122,360108206,294.903660,43.220612,0.0264,spec-57287-KP193637N444141V05_sp08-206.fits.gz 
 7619034,360008224,295.146420,43.294109,0.0075,spec-57287-KP193637N444141V04_sp08-224.fits.gz 
 7619745,360107107,295.326900,43.235359,0.0337,spec-57287-KP193637N444141V05_sp07-107.fits.gz 
 7620272,359907116,295.463130,43.239891,0.0087,spec-57287-KP193637N444141V03_sp07-116.fits.gz 
 7621561,241716075,295.791833,43.267194,0.0238,spec-56800-KP194918N413456V_sp16-075.fits.gz 
 7621593,359907060,295.798490,43.265369,0.0264,spec-57287-KP193637N444141V03_sp07-060.fits.gz 
 7622273,360007057,295.971220,43.202469,0.0306,spec-57287-KP193637N444141V04_sp07-057.fits.gz 
 7623046,247707195,296.166943,43.260704,0.5292,spec-56914-KP193637N444141V02_sp07-195.fits.gz 
 7626457,367711083,296.972110,43.226669,0.0285,spec-57304-KP194918N413456V04_sp11-083.fits.gz 
 7630302,162311052,297.841083,43.214556,0.0369,spec-56571-KP194918N413456V02_sp11-052.fits.gz 
 7635173,367812036,298.958370,43.269588,0.0242,spec-57304-KP194918N413456V05_sp12-036.fits.gz 
 7661609,577704045,282.467770,43.345211,0.0304,spec-57912-KP185031N425443V04_sp04-045.fits.gz 
 7661720,577704037,282.545951,43.314902,4.4845,spec-57912-KP185031N425443V04_sp04-037.fits.gz 
 7662025,577804209,282.709067,43.352989,0.8438,spec-57912-KP185031N425443V05_sp04-209.fits.gz 
 7663241,163009208,283.390000,43.394028,0.1133,spec-56573-KP185031N425443V01_sp09-208.fits.gz 
 7664191,362010096,283.880938,43.388442,3.2430,spec-57291-KP190808N440210V02_sp10-096.fits.gz 
 7664191,365009205,283.880938,43.388442,3.2430,spec-57300-KP185031N425443V02_sp09-205.fits.gz 
 7667124,581705176,285.474846,43.333211,0.8351,spec-57920-KP190808N440210V05_sp05-176.fits.gz 
 7667657,577713042,285.756260,43.305431,0.0031,spec-57912-KP185031N425443V04_sp13-042.fits.gz 
 7669105,362005055,286.506500,43.363190,0.0222,spec-57291-KP190808N440210V02_sp05-055.fits.gz 
 7669105,581605055,286.506500,43.363190,0.0222,spec-57920-KP190808N440210V04_sp05-055.fits.gz 
 7670419,362005113,287.096010,43.377110,0.0061,spec-57291-KP190808N440210V02_sp05-113.fits.gz 
 7670489,362105113,287.131350,43.365082,0.0053,spec-57291-KP190808N440210V03_sp05-113.fits.gz 
 7670875,159614104,287.313792,43.319333,0.0650,spec-56562-KP192102N424113V02_sp14-104.fits.gz 
 7671029,581605120,287.379910,43.322720,0.0264,spec-57920-KP190808N440210V04_sp05-120.fits.gz 
 7671562,154014220,287.622583,43.319444,0.0208,spec-56432-KP192102N424113V01_sp14-220.fits.gz 
 7672292,362008021,287.978940,43.300270,0.0263,spec-57291-KP190808N440210V02_sp08-021.fits.gz 
 7672292,581608008,287.978940,43.300270,0.0263,spec-57920-KP190808N440210V04_sp08-008.fits.gz 
 7672969,581708147,288.267805,43.332132,3.9706,spec-57920-KP190808N440210V05_sp08-147.fits.gz 
 7673019,362008147,288.295290,43.336411,0.0043,spec-57291-KP190808N440210V02_sp08-147.fits.gz 
 7673019,369014165,288.295290,43.336411,0.0043,spec-57307-KP192102N424113V03_sp14-165.fits.gz 
 7673019,581608147,288.295290,43.336411,0.0043,spec-57920-KP190808N440210V04_sp08-147.fits.gz 
 7674224,362006238,288.823820,43.397171,0.0310,spec-57291-KP190808N440210V02_sp06-238.fits.gz 
 7674224,369115075,288.823820,43.397171,0.0310,spec-57307-KP192102N424113V04_sp15-075.fits.gz 
 7677194,154015180,289.983792,43.339583,0.1318,spec-56432-KP192102N424113V01_sp15-180.fits.gz 
 7677194,155015180,289.983792,43.339583,0.1318,spec-56436-kepler02_1_sp15-180.fits.gz 
 7677317,581806172,290.032440,43.379490,0.0061,spec-57920-KP190808N440210V06_sp06-172.fits.gz 
 7679799,369109153,290.869420,43.327271,0.0061,spec-57307-KP192102N424113V04_sp09-153.fits.gz 
 7680159,154009154,291.008625,43.322333,0.0141,spec-56432-KP192102N424113V01_sp09-154.fits.gz 
 7685316,360102239,292.751040,43.370960,0.0288,spec-57287-KP193637N444141V05_sp02-239.fits.gz 
 7685724,360002232,292.884920,43.347229,0.0204,spec-57287-KP193637N444141V04_sp02-232.fits.gz 
 7687390,154013015,293.428412,43.383075,0.1635,spec-56432-KP192102N424113V01_sp13-015.fits.gz 
 7687755,359905081,293.550110,43.320480,0.0283,spec-57287-KP193637N444141V03_sp05-081.fits.gz 
 7690692,359905025,294.487370,43.373920,0.0043,spec-57287-KP193637N444141V03_sp05-025.fits.gz 
 7691148,247605006,294.616625,43.357056,0.0217,spec-56914-KP193637N444141V01_sp05-006.fits.gz 
 7691614,247708204,294.759792,43.380889,0.0304,spec-56914-KP193637N444141V02_sp08-204.fits.gz 
 7692850, 52208219,295.131342,43.335400,2.1298,spec-56083-IF04_B56083_sp08-219.fits.gz 
 7693833,367716048,295.425200,43.364300,0.0217,spec-57304-KP194918N413456V04_sp16-048.fits.gz 
 7693845,360107102,295.431180,43.310692,0.0115,spec-57287-KP193637N444141V05_sp07-102.fits.gz 
 7695624,359907187,295.958740,43.306480,0.0069,spec-57287-KP193637N444141V03_sp07-187.fits.gz 
 7698511,247707139,296.771500,43.399361,0.0000,spec-56914-KP193637N444141V02_sp07-139.fits.gz 
 7698688,359907136,296.816380,43.377930,0.0240,spec-57287-KP193637N444141V03_sp07-136.fits.gz 
 7698929,162211096,296.881500,43.324917,0.0553,spec-56571-KP194918N413456V01_sp11-096.fits.gz 
 7698929,241711096,296.881500,43.324917,0.0553,spec-56800-KP194918N413456V_sp11-096.fits.gz 
 7698929,247607131,296.881500,43.324917,0.0553,spec-56914-KP193637N444141V01_sp07-131.fits.gz 
 7701048,162211230,297.362208,43.379667,0.1749,spec-56571-KP194918N413456V01_sp11-230.fits.gz 
 7701048,241711230,297.362208,43.379667,0.1749,spec-56800-KP194918N413456V_sp11-230.fits.gz 
 7702822,367811074,297.761350,43.345570,0.0217,spec-57304-KP194918N413456V05_sp11-074.fits.gz 
 7703954,367711073,298.023661,43.390636,3.2430,spec-57304-KP194918N413456V04_sp11-073.fits.gz 
 7708320,367712036,299.024900,43.312901,0.0222,spec-57304-KP194918N413456V04_sp12-036.fits.gz 
 7708681,158901233,299.103608,43.367406,0.7178,spec-56561-KP195920N454621V02_sp01-233.fits.gz 
 7728958,577614206,280.048550,43.412071,0.0061,spec-57912-KP185031N425443V03_sp14-206.fits.gz 
 7732255,365004046,282.233101,43.488428,2.0889,spec-57300-KP185031N425443V02_sp04-046.fits.gz 
 7732335,163004046,282.284583,43.444972,0.0404,spec-56573-KP185031N425443V01_sp04-046.fits.gz 
 7732836,365004201,282.577120,43.422329,0.0310,spec-57300-KP185031N425443V02_sp04-201.fits.gz 
 7732836,577604201,282.577120,43.422329,0.0310,spec-57912-KP185031N425443V03_sp04-201.fits.gz 
 7734065,365009161,283.301850,43.489571,0.0053,spec-57300-KP185031N425443V02_sp09-161.fits.gz 
 7741179,362105114,287.085360,43.426800,0.0264,spec-57291-KP190808N440210V03_sp05-114.fits.gz 
 7741179,581805114,287.085360,43.426800,0.0264,spec-57920-KP190808N440210V06_sp05-114.fits.gz 
 7741472,155014103,287.215768,43.441043,0.0437,spec-56436-kepler02_1_sp14-103.fits.gz 
 7742049,362004085,287.491420,43.424229,0.0061,spec-57291-KP190808N440210V02_sp04-085.fits.gz 
 7742049,581604085,287.491420,43.424229,0.0061,spec-57920-KP190808N440210V04_sp04-085.fits.gz 
 7743176,362008020,288.011170,43.461979,0.0312,spec-57291-KP190808N440210V02_sp08-020.fits.gz 
 7743176,581608020,288.011170,43.461979,0.0312,spec-57920-KP190808N440210V04_sp08-020.fits.gz 
 7743539,581608019,288.182460,43.415767,4.3785,spec-57920-KP190808N440210V04_sp08-019.fits.gz 
 7743728,154014091,288.281583,43.416083,0.0538,spec-56432-KP192102N424113V01_sp14-091.fits.gz 
 7744204,362008139,288.503570,43.474339,0.0031,spec-57291-KP190808N440210V02_sp08-139.fits.gz 
 7744204,581608139,288.503570,43.474339,0.0031,spec-57920-KP190808N440210V04_sp08-139.fits.gz 
 7747886,161406172,290.037375,43.408056,0.0217,spec-56570-KP190808N440210V01_sp06-172.fits.gz 
 7749249,369015108,290.473140,43.432571,0.0075,spec-57307-KP192102N424113V03_sp15-108.fits.gz 
 7761336,360005126,294.572080,43.485619,0.0031,spec-57287-KP193637N444141V04_sp05-126.fits.gz 
 7762794,247708216,295.013583,43.411167,0.0725,spec-56914-KP193637N444141V02_sp08-216.fits.gz 
 7764361,162316035,295.474200,43.488533,1.1272,spec-56571-KP194918N413456V02_sp16-035.fits.gz 
 7766507, 52207188,296.110917,43.423889,0.0102,spec-56083-IF04_B56083_sp07-188.fits.gz 
 7767409,359906214,296.361240,43.432060,0.0285,spec-57287-KP193637N444141V03_sp06-214.fits.gz 
 7769544,359906108,296.957240,43.422112,0.0263,spec-57287-KP193637N444141V03_sp06-108.fits.gz 
 7771530,367811244,297.427060,43.432301,0.0285,spec-57304-KP194918N413456V05_sp11-244.fits.gz 
 7771603,367811200,297.445010,43.482540,0.0053,spec-57304-KP194918N413456V05_sp11-200.fits.gz 
 7779217,158801238,299.283000,43.404389,0.0512,spec-56561-KP195920N454621V01_sp01-238.fits.gz 
 7799782,365015053,281.340550,43.577141,0.0230,spec-57300-KP185031N425443V02_sp15-053.fits.gz 
 7799904,365015070,281.414860,43.583939,0.0282,spec-57300-KP185031N425443V02_sp15-070.fits.gz 
 7801424,365015184,282.367920,43.537380,0.0304,spec-57300-KP185031N425443V02_sp15-184.fits.gz 
 7802549,365015102,283.036560,43.597069,0.0043,spec-57300-KP185031N425443V02_sp15-102.fits.gz 
 7807614,362003050,285.767210,43.518608,0.0285,spec-57291-KP190808N440210V02_sp03-050.fits.gz 
 7808227,362003010,286.092740,43.501530,0.0261,spec-57291-KP190808N440210V02_sp03-010.fits.gz 
 7808930,362004131,286.445430,43.577099,0.0242,spec-57291-KP190808N440210V02_sp04-131.fits.gz 
 7811522,369114140,287.711367,43.584525,0.1632,spec-57307-KP192102N424113V04_sp14-140.fits.gz 
 7819927,369009116,290.961895,43.586350,1.8271,spec-57307-KP192102N424113V03_sp09-116.fits.gz 
 7820169,155009122,291.046000,43.568444,0.0283,spec-56436-kepler02_1_sp09-122.fits.gz 
 7821234,154009047,291.396583,43.505083,0.0799,spec-56432-KP192102N424113V01_sp09-047.fits.gz 
 7826833,359905045,293.352110,43.528599,0.0287,spec-57287-KP193637N444141V03_sp05-045.fits.gz 
 7831348,247608193,294.770583,43.559611,0.0321,spec-56914-KP193637N444141V01_sp08-193.fits.gz 
 7832012,247708191,294.987375,43.579333,0.0238,spec-56914-KP193637N444141V02_sp08-191.fits.gz 
 7833657,367716045,295.475340,43.584881,0.0053,spec-57304-KP194918N413456V04_sp16-045.fits.gz 
 7834159,162216038,295.632792,43.552889,0.0779,spec-56571-KP194918N413456V01_sp16-038.fits.gz 
 7834159,241716038,295.632792,43.552889,0.0779,spec-56800-KP194918N413456V_sp16-038.fits.gz 
 7835220,367716249,295.941620,43.556740,0.0061,spec-57304-KP194918N413456V04_sp16-249.fits.gz 
 7835989,367716148,296.161320,43.579708,0.0115,spec-57304-KP194918N413456V04_sp16-148.fits.gz 
 7838873,247706108,296.973917,43.501944,0.0217,spec-56914-KP193637N444141V02_sp06-108.fits.gz 
 7839372,367711191,297.105657,43.586787,1.5781,spec-57304-KP194918N413456V04_sp11-191.fits.gz 
 7841977,367811120,297.737520,43.543362,0.0031,spec-57304-KP194918N413456V05_sp11-120.fits.gz 
 7847454,367712047,299.026550,43.536400,0.0217,spec-57304-KP194918N413456V04_sp12-047.fits.gz 
 7847644,158901234,299.069958,43.543250,0.0452,spec-56561-KP195920N454621V02_sp01-234.fits.gz 
 7866696,365014110,279.695445,43.629491,2.1041,spec-57300-KP185031N425443V02_sp14-110.fits.gz 
 7867854,365014089,280.550540,43.628391,0.0271,spec-57300-KP185031N425443V02_sp14-089.fits.gz 
 7867854,577714089,280.550540,43.628391,0.0271,spec-57912-KP185031N425443V04_sp14-089.fits.gz 
 7868532,163015066,281.055083,43.615639,0.0538,spec-56573-KP185031N425443V01_sp15-066.fits.gz 
 7869334,163015240,281.598047,43.617806,3.3263,spec-56573-KP185031N425443V01_sp15-240.fits.gz 
 7869590,163015231,281.776554,43.676222,0.9235,spec-56573-KP185031N425443V01_sp15-231.fits.gz 
 7869659,365015246,281.817750,43.688950,0.0000,spec-57300-KP185031N425443V02_sp15-246.fits.gz 
 7870980,365015107,282.580600,43.688129,0.0224,spec-57300-KP185031N425443V02_sp15-107.fits.gz 
 7872519,163009175,283.428500,43.637500,0.0217,spec-56573-KP185031N425443V01_sp09-175.fits.gz 
 7878388,362004132,286.583190,43.611141,0.0087,spec-57291-KP190808N440210V02_sp04-132.fits.gz 
 7880417,159614002,287.630375,43.624139,0.0588,spec-56562-KP192102N424113V02_sp14-002.fits.gz 
 7880893,362008242,287.866460,43.615200,0.0285,spec-57291-KP190808N440210V02_sp08-242.fits.gz 
 7880893,581608242,287.866460,43.615200,0.0285,spec-57920-KP190808N440210V04_sp08-242.fits.gz 
 7887467,369015141,290.592470,43.668140,0.0053,spec-57307-KP192102N424113V03_sp15-141.fits.gz 
 7888403,159609110,290.919417,43.603583,0.0234,spec-56562-KP192102N424113V02_sp09-110.fits.gz 
 7897890,359905142,294.182280,43.688789,0.0043,spec-57287-KP193637N444141V03_sp05-142.fits.gz 
 7898413,247605146,294.334458,43.654056,0.0463,spec-56914-KP193637N444141V01_sp05-146.fits.gz 
 7899023,359905132,294.524170,43.689491,0.0313,spec-57287-KP193637N444141V03_sp05-132.fits.gz 
 7899428,247608180,294.649500,43.692083,0.1390,spec-56914-KP193637N444141V01_sp08-180.fits.gz 
 7900733,359908194,295.049740,43.618912,0.0283,spec-57287-KP193637N444141V03_sp08-194.fits.gz 
 7901207,360008118,295.197170,43.669071,0.0061,spec-57287-KP193637N444141V04_sp08-118.fits.gz 
 7902578,367716034,295.625670,43.616379,0.0069,spec-57304-KP194918N413456V04_sp16-034.fits.gz 
 7903173,367916227,295.799470,43.655682,0.0307,spec-57304-KP194918N413456V06_sp16-227.fits.gz 
 7904910,162216150,296.284917,43.664361,0.0319,spec-56571-KP194918N413456V01_sp16-150.fits.gz 
 7904910,241716150,296.284917,43.664361,0.0319,spec-56800-KP194918N413456V_sp16-150.fits.gz 
 7904910,247606020,296.284917,43.664361,0.0319,spec-56914-KP193637N444141V01_sp06-020.fits.gz 
 7905047,359906003,296.321731,43.642421,1.0441,spec-57287-KP193637N444141V03_sp06-003.fits.gz 
 7905047,367716146,296.321731,43.642421,1.0441,spec-57304-KP194918N413456V04_sp16-146.fits.gz 
 7905696,162211013,296.507417,43.627444,0.0381,spec-56571-KP194918N413456V01_sp11-013.fits.gz 
 7905696,241711013,296.507417,43.627444,0.0381,spec-56800-KP194918N413456V_sp11-013.fits.gz 
 7905696,247606005,296.507417,43.627444,0.0381,spec-56914-KP193637N444141V01_sp06-005.fits.gz 
 7906607,359906218,296.764590,43.624340,0.0061,spec-57287-KP193637N444141V03_sp06-218.fits.gz 
 7907664,359906105,297.046660,43.617729,0.0268,spec-57287-KP193637N444141V03_sp06-105.fits.gz 
 7909320,367711193,297.455260,43.676201,0.0263,spec-57304-KP194918N413456V04_sp11-193.fits.gz 
 7917803,364201036,299.507480,43.643082,0.0246,spec-57299-KP195920N454621V04_sp01-036.fits.gz 
 7919558,364201084,299.914060,43.666130,0.0261,spec-57299-KP195920N454621V04_sp01-084.fits.gz 
 7935931,577714150,280.164370,43.757809,0.0250,spec-57912-KP185031N425443V04_sp14-150.fits.gz 
 7938029,365015226,281.655980,43.773289,0.0306,spec-57300-KP185031N425443V02_sp15-226.fits.gz 
 7941728,365009039,283.620420,43.756088,0.0238,spec-57300-KP185031N425443V02_sp09-039.fits.gz 
 7944193,362010239,284.892730,43.738079,0.0242,spec-57291-KP190808N440210V02_sp10-239.fits.gz 
 7944193,577613108,284.892730,43.738079,0.0242,spec-57912-KP185031N425443V03_sp13-108.fits.gz 
 7944193,581810239,284.892730,43.738079,0.0242,spec-57920-KP190808N440210V06_sp10-239.fits.gz 
 7946762,581604189,286.305961,43.705767,3.8433,spec-57920-KP190808N440210V04_sp04-189.fits.gz 
 7948086,362004057,287.002560,43.786510,0.0285,spec-57291-KP190808N440210V02_sp04-057.fits.gz 
 7948086,581604057,287.002560,43.786510,0.0285,spec-57920-KP190808N440210V04_sp04-057.fits.gz 
 7949258,362004105,287.600400,43.768559,0.0332,spec-57291-KP190808N440210V02_sp04-105.fits.gz 
 7949258,369114011,287.600400,43.768559,0.0332,spec-57307-KP192102N424113V04_sp14-011.fits.gz 
 7949258,581604105,287.600400,43.768559,0.0332,spec-57920-KP190808N440210V04_sp04-105.fits.gz 
 7949585,161404114,287.768917,43.713278,0.0504,spec-56570-KP190808N440210V01_sp04-114.fits.gz 
 7949599,362104104,287.775700,43.771889,0.0217,spec-57291-KP190808N440210V03_sp04-104.fits.gz 
 7949599,581704104,287.775700,43.771889,0.0217,spec-57920-KP190808N440210V05_sp04-104.fits.gz 
 7950550,369014142,288.209720,43.742561,0.0043,spec-57307-KP192102N424113V03_sp14-142.fits.gz 
 7950550,581808244,288.209720,43.742561,0.0043,spec-57920-KP190808N440210V06_sp08-244.fits.gz 
 7954197,362006138,289.792750,43.766134,1.5650,spec-57291-KP190808N440210V02_sp06-138.fits.gz 
 7954197,369015017,289.792750,43.766134,1.5650,spec-57307-KP192102N424113V03_sp15-017.fits.gz 
 7955392,369115024,290.218750,43.733559,0.0069,spec-57307-KP192102N424113V04_sp15-024.fits.gz 
 7957166,369015127,290.805630,43.740440,0.0053,spec-57307-KP192102N424113V03_sp15-127.fits.gz 
 7957377,369009107,290.888730,43.772442,0.0115,spec-57307-KP192102N424113V03_sp09-107.fits.gz 
 7957918,159609064,291.069375,43.732583,0.0482,spec-56562-KP192102N424113V02_sp09-064.fits.gz 
 7957918,247710197,291.069375,43.732583,0.0482,spec-56914-KP193637N444141V02_sp10-197.fits.gz 
 7967534,247605110,294.423917,43.724222,0.1557,spec-56914-KP193637N444141V01_sp05-110.fits.gz 
 7969754,359908103,295.129390,43.754822,0.0296,spec-57287-KP193637N444141V03_sp08-103.fits.gz 
 7970014,359908109,295.214420,43.715710,0.0242,spec-57287-KP193637N444141V03_sp08-109.fits.gz 
 7971070,360008124,295.544770,43.702042,0.0324,spec-57287-KP193637N444141V04_sp08-124.fits.gz 
 7975276,367811128,296.779346,43.741036,0.5539,spec-57304-KP194918N413456V05_sp11-128.fits.gz 
 7975647,247706209,296.876292,43.740972,0.0525,spec-56914-KP193637N444141V02_sp06-209.fits.gz 
 7975969,359906104,296.969910,43.768230,0.0043,spec-57287-KP193637N444141V03_sp06-104.fits.gz 
 7979316,367711105,297.758591,43.747230,0.8378,spec-57304-KP194918N413456V04_sp11-105.fits.gz 
 7983221,364302106,298.702390,43.718201,0.0061,spec-57299-KP195920N454621V05_sp02-106.fits.gz 
 7983221,367912234,298.702390,43.718201,0.0061,spec-57304-KP194918N413456V06_sp12-234.fits.gz 
 7985438,364201031,299.266248,43.789059,1.9664,spec-57299-KP195920N454621V04_sp01-031.fits.gz 
 8004637,577714145,280.082030,43.810581,0.0301,spec-57912-KP185031N425443V04_sp14-145.fits.gz 
 8005116,163014142,280.426583,43.840444,0.0313,spec-56573-KP185031N425443V01_sp14-142.fits.gz 
 8007217,365015099,281.854761,43.890979,2.9261,spec-57300-KP185031N425443V02_sp15-099.fits.gz 
 8009339,365009104,283.123582,43.869639,3.1014,spec-57300-KP185031N425443V02_sp09-104.fits.gz 
 8013399,362003084,285.153290,43.819321,0.0268,spec-57291-KP190808N440210V02_sp03-084.fits.gz 
 8013399,577813115,285.153290,43.819321,0.0268,spec-57912-KP185031N425443V05_sp13-115.fits.gz 
 8016118,362004200,286.638610,43.850040,0.0285,spec-57291-KP190808N440210V02_sp04-200.fits.gz 
 8016118,581604176,286.638610,43.850040,0.0285,spec-57920-KP190808N440210V04_sp04-176.fits.gz 
 8017459,369014017,287.323520,43.813862,0.0197,spec-57307-KP192102N424113V03_sp14-017.fits.gz 
 8019232,362008027,288.180015,43.866329,1.7463,spec-57291-KP190808N440210V02_sp08-027.fits.gz 
 8019232,369016083,288.180015,43.866329,1.7463,spec-57307-KP192102N424113V03_sp16-083.fits.gz 
 8024699,369115144,290.404170,43.851898,0.0250,spec-57307-KP192102N424113V04_sp15-144.fits.gz 
 8026963,359910196,291.157530,43.847511,0.0197,spec-57287-KP193637N444141V03_sp10-196.fits.gz 
 8026963,360110196,291.157530,43.847511,0.0197,spec-57287-KP193637N444141V05_sp10-196.fits.gz 
 8026963,369109102,291.157530,43.847511,0.0197,spec-57307-KP192102N424113V04_sp09-102.fits.gz 
 8042126,360106228,296.216130,43.898739,0.0238,spec-57287-KP193637N444141V05_sp06-228.fits.gz 
 8042598,359906012,296.346860,43.852501,0.0053,spec-57287-KP193637N444141V03_sp06-012.fits.gz 
 8042834,360006012,296.409300,43.839218,0.0328,spec-57287-KP193637N444141V04_sp06-012.fits.gz 
 8045883,360006162,297.232600,43.861420,0.0217,spec-57287-KP193637N444141V04_sp06-162.fits.gz 
 8046439,359906163,297.358700,43.872509,0.0228,spec-57287-KP193637N444141V03_sp06-163.fits.gz 
 8053949,364301057,299.169650,43.861858,0.0242,spec-57299-KP195920N454621V05_sp01-057.fits.gz 
 8054055,364201074,299.198240,43.850811,0.0261,spec-57299-KP195920N454621V04_sp01-074.fits.gz 
 8054233,364301031,299.243590,43.814362,0.0261,spec-57299-KP195920N454621V05_sp01-031.fits.gz 
 8056874,158801079,299.875208,43.840556,0.0575,spec-56561-KP195920N454621V01_sp01-079.fits.gz 
 8078554,365009123,283.160630,43.931069,0.8578,spec-57300-KP185031N425443V02_sp09-123.fits.gz 
 8081278,365012161,284.553100,43.992111,0.0215,spec-57300-KP185031N425443V02_sp12-161.fits.gz 
 8081535,577613159,284.692050,43.923111,0.0322,spec-57912-KP185031N425443V03_sp13-159.fits.gz 
 8082494,362103099,285.239840,43.977409,0.0106,spec-57291-KP190808N440210V03_sp03-099.fits.gz 
 8082494,577613116,285.239840,43.977409,0.0106,spec-57912-KP185031N425443V03_sp13-116.fits.gz 
 8084971,362004192,286.631500,43.937569,0.0217,spec-57291-KP190808N440210V02_sp04-192.fits.gz 
 8084971,581604192,286.631500,43.937569,0.0217,spec-57920-KP190808N440210V04_sp04-192.fits.gz 
 8087067,369116010,287.683320,43.912380,0.0304,spec-57307-KP192102N424113V04_sp16-010.fits.gz 
 8088198,369116084,288.258300,43.906090,0.0043,spec-57307-KP192102N424113V04_sp16-084.fits.gz 
 8094602,159609108,290.722083,43.923083,0.1750,spec-56562-KP192102N424113V02_sp09-108.fits.gz 
 8097755,359910029,291.858460,43.908939,0.0282,spec-57287-KP193637N444141V03_sp10-029.fits.gz 
 8097831,359910208,291.883755,43.996922,2.6793,spec-57287-KP193637N444141V03_sp10-208.fits.gz 
 8097831,369012076,291.883755,43.996922,2.6793,spec-57307-KP192102N424113V03_sp12-076.fits.gz 
 8099073,359910154,292.346010,43.919991,0.0292,spec-57287-KP193637N444141V03_sp10-154.fits.gz 
 8099102,360110163,292.354370,43.994740,0.0242,spec-57287-KP193637N444141V05_sp10-163.fits.gz 
 8104771,359905121,294.311580,43.925541,0.0252,spec-57287-KP193637N444141V03_sp05-121.fits.gz 
 8105002,360005121,294.378915,43.911659,0.5782,spec-57287-KP193637N444141V04_sp05-121.fits.gz 
 8105575,247605125,294.555542,43.938861,0.0448,spec-56914-KP193637N444141V01_sp05-125.fits.gz 
 8107079,247608021,295.054417,43.934694,0.0208,spec-56914-KP193637N444141V01_sp08-021.fits.gz 
 8107227,360108008,295.111020,43.932598,0.0075,spec-57287-KP193637N444141V05_sp08-008.fits.gz 
 8107831,360008025,295.306210,43.999451,0.0282,spec-57287-KP193637N444141V04_sp08-025.fits.gz 
 8108336,359908143,295.460750,43.975529,0.0224,spec-57287-KP193637N444141V03_sp08-143.fits.gz 
 8112523,162311167,296.706250,43.930250,0.0000,spec-56571-KP194918N413456V02_sp11-167.fits.gz 
 8123843,158901058,299.454000,43.968917,0.0899,spec-56561-KP195920N454621V02_sp01-058.fits.gz 
 8124622,364201156,299.650307,43.960202,1.0942,spec-57299-KP195920N454621V04_sp01-156.fits.gz 
 8126282,364201088,300.090683,43.904367,1.5333,spec-57299-KP195920N454621V04_sp01-088.fits.gz 
 8144529,163015209,281.994708,44.080056,0.0475,spec-56573-KP185031N425443V01_sp15-209.fits.gz 
 8145176,365015004,282.387910,44.055569,0.0282,spec-57300-KP185031N425443V02_sp15-004.fits.gz 
 8145590,365015144,282.634251,44.048859,2.8283,spec-57300-KP185031N425443V02_sp15-144.fits.gz 
 8145677,163015144,282.682792,44.054000,0.1041,spec-56573-KP185031N425443V01_sp15-144.fits.gz 
 8148719,581614183,284.272130,44.083408,0.0571,spec-57920-KP190808N440210V04_sp14-183.fits.gz 
 8148993,362014187,284.423650,44.094990,0.0217,spec-57291-KP190808N440210V02_sp14-187.fits.gz 
 8148993,581814187,284.423650,44.094990,0.0217,spec-57920-KP190808N440210V06_sp14-187.fits.gz 
 8153309,362004157,286.758540,44.030602,0.0087,spec-57291-KP190808N440210V02_sp04-157.fits.gz 
 8153309,581604157,286.758540,44.030602,0.0087,spec-57920-KP190808N440210V04_sp04-157.fits.gz 
 8154541,369016015,287.399780,44.013340,0.0304,spec-57307-KP192102N424113V03_sp16-015.fits.gz 
 8154817,362004246,287.534910,44.088341,0.0271,spec-57291-KP190808N440210V02_sp04-246.fits.gz 
 8154817,581604246,287.534910,44.088341,0.0271,spec-57920-KP190808N440210V04_sp04-246.fits.gz 
 8158382,362113099,289.212250,44.082489,0.0031,spec-57291-KP190808N440210V03_sp13-099.fits.gz 
 8158382,581613099,289.212250,44.082489,0.0031,spec-57920-KP190808N440210V04_sp13-099.fits.gz 
 8160074,154015220,289.860083,44.002806,0.0290,spec-56432-KP192102N424113V01_sp15-220.fits.gz 
 8160175,581613068,289.892048,44.024273,3.7530,spec-57920-KP190808N440210V04_sp13-068.fits.gz 
 8160419,154015216,289.971250,44.052917,0.0488,spec-56432-KP192102N424113V01_sp15-216.fits.gz 
 8160428,369115220,289.973450,44.063759,0.0230,spec-57307-KP192102N424113V04_sp15-220.fits.gz 
 8160428,581813051,289.973450,44.063759,0.0230,spec-57920-KP190808N440210V06_sp13-051.fits.gz 
 8160590,362113063,290.024600,44.095871,0.0043,spec-57291-KP190808N440210V03_sp13-063.fits.gz 
 8160637,369115213,290.042540,44.059212,0.0075,spec-57307-KP192102N424113V04_sp15-213.fits.gz 
 8163439,154009082,290.939292,44.022389,0.0770,spec-56432-KP192102N424113V01_sp09-082.fits.gz 
 8163439,155009082,290.939292,44.022389,0.0770,spec-56436-kepler02_1_sp09-082.fits.gz 
 8164977,360010071,291.513430,44.024940,0.0043,spec-57287-KP193637N444141V04_sp10-071.fits.gz 
 8165444,369112095,291.682656,44.061485,1.0545,spec-57307-KP192102N424113V04_sp12-095.fits.gz 
 8166918,155012005,292.240000,44.031750,0.0455,spec-56436-kepler02_1_sp12-005.fits.gz 
 8167286,369012017,292.384030,44.018570,0.0236,spec-57307-KP192102N424113V03_sp12-017.fits.gz 
 8167335,359903238,292.400910,44.087090,0.0282,spec-57287-KP193637N444141V03_sp03-238.fits.gz 
 8172720,359905117,294.230160,44.022610,0.0061,spec-57287-KP193637N444141V03_sp05-117.fits.gz 
 8172843,360004077,294.273350,44.091068,0.0222,spec-57287-KP193637N444141V04_sp04-077.fits.gz 
 8173148,247605101,294.365583,44.065056,0.1214,spec-56914-KP193637N444141V01_sp05-101.fits.gz 
 8173725,359904085,294.552487,44.076224,1.2959,spec-57287-KP193637N444141V03_sp04-085.fits.gz 
 8173921,359908164,294.617370,44.033298,0.0246,spec-57287-KP193637N444141V03_sp08-164.fits.gz 
 8174364,359908167,294.756930,44.032070,0.0304,spec-57287-KP193637N444141V03_sp08-167.fits.gz 
 8175027,247608163,294.975708,44.021583,0.0430,spec-56914-KP193637N444141V01_sp08-163.fits.gz 
 8176503,360108144,295.415800,44.037151,0.0217,spec-57287-KP193637N444141V05_sp08-144.fits.gz 
 8176777, 52208127,295.511417,44.073917,0.1212,spec-56083-IF04_B56083_sp08-127.fits.gz 
 8176893,360108150,295.551510,44.029469,0.0282,spec-57287-KP193637N444141V05_sp08-150.fits.gz 
 8176916,247608127,295.556667,44.094639,0.0534,spec-56914-KP193637N444141V01_sp08-127.fits.gz 
 8179214,247706242,296.252667,44.083444,0.0238,spec-56914-KP193637N444141V02_sp06-242.fits.gz 
 8181700,360106189,296.965000,44.013351,0.0217,spec-57287-KP193637N444141V05_sp06-189.fits.gz 
 8189460,364202070,298.844510,44.019440,0.0282,spec-57299-KP195920N454621V04_sp02-070.fits.gz 
 8192753,364201175,299.685390,44.088921,0.0287,spec-57299-KP195920N454621V04_sp01-175.fits.gz 
 8195153,364201135,300.351290,44.039761,0.0261,spec-57299-KP195920N454621V04_sp01-135.fits.gz 
 8195595,364307033,300.488620,44.051590,0.0238,spec-57299-KP195920N454621V05_sp07-033.fits.gz 
 8196436,158907040,300.702292,44.066833,0.1375,spec-56561-KP195920N454621V02_sp07-040.fits.gz 
 8197210,170507005,300.894045,44.041595,3.3624,spec-56591-KP195920N454621V3_sp07-005.fits.gz 
 8210370,163016184,280.772125,44.188750,0.0513,spec-56573-KP185031N425443V01_sp16-184.fits.gz 
 8212479,163015217,282.117125,44.157278,0.0144,spec-56573-KP185031N425443V01_sp15-217.fits.gz 
 8212786,365015006,282.301060,44.128712,0.0261,spec-57300-KP185031N425443V02_sp15-006.fits.gz 
 8219000,161403055,285.517958,44.138778,0.0513,spec-56570-KP190808N440210V01_sp03-055.fits.gz 
 8219022,362103055,285.532320,44.162251,0.0053,spec-57291-KP190808N440210V03_sp03-055.fits.gz 
 8219022,577712202,285.532320,44.162251,0.0053,spec-57912-KP185031N425443V04_sp12-202.fits.gz 
 8219268,581803163,285.672880,44.116730,0.0236,spec-57920-KP190808N440210V06_sp03-163.fits.gz 
 8222691,159616018,287.535208,44.110083,0.0734,spec-56562-KP192102N424113V02_sp16-018.fits.gz 
 8230578,369115034,290.811950,44.104118,0.0222,spec-57307-KP192102N424113V04_sp15-034.fits.gz 
 8230626,360010092,290.830510,44.167702,0.0097,spec-57287-KP193637N444141V04_sp10-092.fits.gz 
 8232851,359910075,291.621830,44.131779,0.0306,spec-57287-KP193637N444141V03_sp10-075.fits.gz 
 8233775,359910219,291.963780,44.109871,0.0242,spec-57287-KP193637N444141V03_sp10-219.fits.gz 
 8233917,360010205,292.018830,44.146000,0.0000,spec-57287-KP193637N444141V04_sp10-205.fits.gz 
 8234900,159612113,292.391583,44.179400,0.5633,spec-56562-KP192102N424113V02_sp12-113.fits.gz 
 8235013,360103231,292.431300,44.116501,0.0322,spec-57287-KP193637N444141V05_sp03-231.fits.gz 
 8235448,369112122,292.599430,44.100731,0.0238,spec-57307-KP192102N424113V04_sp12-122.fits.gz 
 8235991,360103050,292.797850,44.193562,0.0217,spec-57287-KP193637N444141V05_sp03-050.fits.gz 
 8241402,359904087,294.641170,44.151569,0.0301,spec-57287-KP193637N444141V03_sp04-087.fits.gz 
 8243725, 52208002,295.362917,44.152722,0.0403,spec-56083-IF04_B56083_sp08-002.fits.gz 
 8246635,360006082,296.271957,44.110528,1.1396,spec-57287-KP193637N444141V04_sp06-082.fits.gz 
 8247851,359906176,296.630980,44.112980,0.0194,spec-57287-KP193637N444141V03_sp06-176.fits.gz 
 8248351,360106100,296.767030,44.189781,0.0236,spec-57287-KP193637N444141V05_sp06-100.fits.gz 
 8250489,364202093,297.321870,44.137650,0.0043,spec-57299-KP195920N454621V04_sp02-093.fits.gz 
 8258311,158901052,299.259083,44.142417,0.1490,spec-56561-KP195920N454621V02_sp01-052.fits.gz 
 8258630,158901055,299.371250,44.193194,0.0283,spec-56561-KP195920N454621V02_sp01-055.fits.gz 
 8259226,364201162,299.534360,44.128120,0.0280,spec-57299-KP195920N454621V04_sp01-162.fits.gz 
 8260453,170501136,299.845417,44.141778,0.0982,spec-56591-KP195920N454621V3_sp01-136.fits.gz 
 8264549,364207024,300.979860,44.140060,0.0061,spec-57299-KP195920N454621V04_sp07-024.fits.gz 
 8265278,364307124,301.162230,44.150249,0.0043,spec-57299-KP195920N454621V05_sp07-124.fits.gz 
 8276880,365016193,280.683990,44.257111,0.0031,spec-57300-KP185031N425443V02_sp16-193.fits.gz 
 8276880,577616193,280.683990,44.257111,0.0031,spec-57912-KP185031N425443V03_sp16-193.fits.gz 
 8278906,365015201,282.094640,44.236710,0.0282,spec-57300-KP185031N425443V02_sp15-201.fits.gz 
 8283356,362014191,284.488340,44.290871,0.0087,spec-57291-KP190808N440210V02_sp14-191.fits.gz 
 8283646,365012154,284.639708,44.200072,0.3826,spec-57300-KP185031N425443V02_sp12-154.fits.gz 
 8283646,577612158,284.639708,44.200072,0.3826,spec-57912-KP185031N425443V03_sp12-158.fits.gz 
 8283958,163012169,284.829937,44.266611,2.1052,spec-56573-KP185031N425443V01_sp12-169.fits.gz 
 8284032,362014051,284.874210,44.256409,0.0292,spec-57291-KP190808N440210V02_sp14-051.fits.gz 
 8284032,577712152,284.874210,44.256409,0.0292,spec-57912-KP185031N425443V04_sp12-152.fits.gz 
 8284510,362003069,285.162845,44.209492,1.8477,spec-57291-KP190808N440210V02_sp03-069.fits.gz 
 8284510,365012218,285.162845,44.209492,1.8477,spec-57300-KP185031N425443V02_sp12-218.fits.gz 
 8285510,362003159,285.702117,44.271229,2.3858,spec-57291-KP190808N440210V02_sp03-159.fits.gz 
 8288164,362004066,287.103850,44.218430,0.0000,spec-57291-KP190808N440210V02_sp04-066.fits.gz 
 8288164,581604066,287.103850,44.218430,0.0000,spec-57920-KP190808N440210V04_sp04-066.fits.gz 
 8292681,155016111,289.284250,44.217083,0.0234,spec-56436-kepler02_1_sp16-111.fits.gz 
 8292681,159616108,289.284250,44.217083,0.0234,spec-56562-KP192102N424113V02_sp16-108.fits.gz 
 8293158,369016116,289.468320,44.261509,0.0075,spec-57307-KP192102N424113V03_sp16-116.fits.gz 
 8299922,159612077,291.877625,44.204028,0.0141,spec-56562-KP192102N424113V02_sp12-077.fits.gz 
 8307149,247604100,294.518667,44.225528,0.0613,spec-56914-KP193637N444141V01_sp04-100.fits.gz 
 8307548, 52204096,294.637917,44.276194,0.0364,spec-56083-IF04_B56083_sp04-096.fits.gz 
 8309890,359908246,295.384983,44.255249,0.9438,spec-57287-KP193637N444141V03_sp08-246.fits.gz 
 8310792,359908062,295.665770,44.272060,0.0242,spec-57287-KP193637N444141V03_sp08-062.fits.gz 
 8312388, 52208065,296.167917,44.298528,0.0439,spec-56083-IF04_B56083_sp08-065.fits.gz 
 8314240,359906088,296.712710,44.200352,0.0087,spec-57287-KP193637N444141V03_sp06-088.fits.gz 
 8314514,359906094,296.797270,44.230289,0.0301,spec-57287-KP193637N444141V03_sp06-094.fits.gz 
 8315762,364202098,297.117950,44.218090,0.0217,spec-57299-KP195920N454621V04_sp02-098.fits.gz 
 8316412,170502082,297.275828,44.227403,2.3351,spec-56591-KP195920N454621V3_sp02-082.fits.gz 
 8324636,364201071,299.308200,44.276649,0.0325,spec-57299-KP195920N454621V04_sp01-071.fits.gz 
 8328014,158805020,300.246208,44.296361,0.1005,spec-56561-KP195920N454621V01_sp05-020.fits.gz 
 8329095,158907035,300.639375,44.268528,0.0582,spec-56561-KP195920N454621V02_sp07-035.fits.gz 
 8329894,158808201,300.845083,44.263972,0.0980,spec-56561-KP195920N454621V01_sp08-201.fits.gz 
 8343654,365016163,281.044860,44.369690,0.0282,spec-57300-KP185031N425443V02_sp16-163.fits.gz 
 8343854,365016161,281.182130,44.343102,0.0310,spec-57300-KP185031N425443V02_sp16-161.fits.gz 
 8343854,577616161,281.182130,44.343102,0.0310,spec-57912-KP185031N425443V03_sp16-161.fits.gz 
 8346238,365015037,282.637360,44.343800,0.0069,spec-57300-KP185031N425443V02_sp15-037.fits.gz 
 8349350,365012003,284.358471,44.329277,2.5164,spec-57300-KP185031N425443V02_sp12-003.fits.gz 
 8350443,163012103,284.940142,44.371417,0.6159,spec-56573-KP185031N425443V01_sp12-103.fits.gz 
 8350645,163012155,285.048021,44.311572,0.5446,spec-56573-KP185031N425443V01_sp12-155.fits.gz 
 8354896,362104053,287.381380,44.362579,0.0199,spec-57291-KP190808N440210V03_sp04-053.fits.gz 
 8354896,581704053,287.381380,44.362579,0.0199,spec-57920-KP190808N440210V05_sp04-053.fits.gz 
 8359169,369016108,289.468990,44.332352,0.0288,spec-57307-KP192102N424113V03_sp16-108.fits.gz 
 8359180,362013219,289.474820,44.382519,0.0238,spec-57291-KP190808N440210V02_sp13-219.fits.gz 
 8360297,362013044,289.908600,44.390598,0.0075,spec-57291-KP190808N440210V02_sp13-044.fits.gz 
 8360334,159611099,289.923125,44.353389,0.0410,spec-56562-KP192102N424113V02_sp11-099.fits.gz 
 8363272,154012141,290.972917,44.313333,0.0536,spec-56432-KP192102N424113V01_sp12-141.fits.gz 
 8363443,159612130,291.028875,44.389528,0.0528,spec-56562-KP192102N424113V02_sp12-130.fits.gz 
 8363613,359910102,291.093380,44.380791,0.0310,spec-57287-KP193637N444141V03_sp10-102.fits.gz 
 8364363,369012126,291.361270,44.373638,0.0304,spec-57307-KP192102N424113V03_sp12-126.fits.gz 
 8364786,155012058,291.526458,44.386750,0.0519,spec-56436-kepler02_1_sp12-058.fits.gz 
 8365018,360010074,291.615361,44.333678,2.8233,spec-57287-KP193637N444141V04_sp10-074.fits.gz 
 8365018,369012069,291.615361,44.333678,2.8233,spec-57307-KP192102N424113V03_sp12-069.fits.gz 
 8365522,360010066,291.800840,44.381390,0.0075,spec-57287-KP193637N444141V04_sp10-066.fits.gz 
 8365782,159612024,291.903792,44.386806,0.0300,spec-56562-KP192102N424113V02_sp12-024.fits.gz 
 8365908,247610221,291.960458,44.345222,0.0151,spec-56914-KP193637N444141V01_sp10-221.fits.gz 
 8366239,360110212,292.079530,44.321861,0.0194,spec-57287-KP193637N444141V05_sp10-212.fits.gz 
 8366486,247703249,292.176167,44.308278,0.0134,spec-56914-KP193637N444141V02_sp03-249.fits.gz 
 8366758,360103226,292.274440,44.396198,0.0288,spec-57287-KP193637N444141V05_sp03-226.fits.gz 
 8367834,369012199,292.684192,44.344009,1.6751,spec-57307-KP192102N424113V03_sp12-199.fits.gz 
 8374104,247608239,294.865250,44.320417,0.0534,spec-56914-KP193637N444141V01_sp08-239.fits.gz 
 8375240, 52208243,295.228708,44.338639,0.0450,spec-56083-IF04_B56083_sp08-243.fits.gz 
 8377116,247608056,295.832583,44.346194,0.1738,spec-56914-KP193637N444141V01_sp08-056.fits.gz 
 8378462,247706087,296.242500,44.318083,0.0757,spec-56914-KP193637N444141V02_sp06-087.fits.gz 
 8378481,359908087,296.249270,44.350979,0.0199,spec-57287-KP193637N444141V03_sp08-087.fits.gz 
 8378653,360106048,296.296450,44.380260,0.0043,spec-57287-KP193637N444141V05_sp06-048.fits.gz 
 8379490,360006035,296.544220,44.341709,0.0310,spec-57287-KP193637N444141V04_sp06-035.fits.gz 
 8380242,359906049,296.767240,44.341640,0.0282,spec-57287-KP193637N444141V03_sp06-049.fits.gz 
 8381246,364202154,297.029630,44.354542,0.0322,spec-57299-KP195920N454621V04_sp02-154.fits.gz 
 8386537,158902248,298.340125,44.376861,0.0322,spec-56561-KP195920N454621V02_sp02-248.fits.gz 
 8386921,158802229,298.439500,44.348361,0.1043,spec-56561-KP195920N454621V01_sp02-229.fits.gz 
 8388399,158905223,298.809042,44.312778,0.0430,spec-56561-KP195920N454621V02_sp05-223.fits.gz 
 8389200,364205207,299.017646,44.398054,0.7661,spec-57299-KP195920N454621V04_sp05-207.fits.gz 
 8390612,158805094,299.409000,44.305444,0.0568,spec-56561-KP195920N454621V01_sp05-094.fits.gz 
 8393914,364205023,300.259670,44.378769,0.0238,spec-57299-KP195920N454621V04_sp05-023.fits.gz 
 8394035,158805005,300.295083,44.305833,0.1514,spec-56561-KP195920N454621V01_sp05-005.fits.gz 
 8394497,158808220,300.433292,44.310833,0.0553,spec-56561-KP195920N454621V01_sp08-220.fits.gz 
 8394780,158908220,300.539208,44.301944,0.0458,spec-56561-KP195920N454621V02_sp08-220.fits.gz 
 8395153,364208221,300.667570,44.334011,0.0301,spec-57299-KP195920N454621V04_sp08-221.fits.gz 
 8395903,364208215,300.942960,44.381279,0.0283,spec-57299-KP195920N454621V04_sp08-215.fits.gz 
 8396782,158907110,301.184292,44.331750,0.0401,spec-56561-KP195920N454621V02_sp07-110.fits.gz 
 8397081,165907116,301.272417,44.387528,0.0502,spec-56583-KP195920N454621V03_sp07-116.fits.gz 
 8397081,170507116,301.272417,44.387528,0.0502,spec-56591-KP195920N454621V3_sp07-116.fits.gz 
 8410006,365801242,281.784150,44.442299,0.0043,spec-57302-KP185111N464417V04_sp01-242.fits.gz 
 8410529,365801250,282.102260,44.402241,0.0288,spec-57302-KP185111N464417V04_sp01-250.fits.gz 
 8410818,365011085,282.254855,44.472488,2.3243,spec-57300-KP185031N425443V02_sp11-085.fits.gz 
 8410818,365801027,282.254855,44.472488,2.3243,spec-57302-KP185111N464417V04_sp01-027.fits.gz 
 8411053,242701205,282.387792,44.416028,0.0087,spec-56807-KP185111N464417V03_sp01-205.fits.gz 
 8411792,577611232,282.795448,44.441948,4.4413,spec-57912-KP185031N425443V03_sp11-232.fits.gz 
 8414512,362014204,284.321290,44.439011,0.0257,spec-57291-KP190808N440210V02_sp14-204.fits.gz 
 8414512,581614204,284.321290,44.439011,0.0257,spec-57920-KP190808N440210V04_sp14-204.fits.gz 
 8415501,161414169,284.859208,44.472889,0.0577,spec-56570-KP190808N440210V01_sp14-169.fits.gz 
 8416447,362003117,285.370480,44.427040,0.0061,spec-57291-KP190808N440210V02_sp03-117.fits.gz 
 8416447,581603117,285.370480,44.427040,0.0061,spec-57920-KP190808N440210V04_sp03-117.fits.gz 
 8418437,362004034,286.431120,44.436111,0.0238,spec-57291-KP190808N440210V02_sp04-034.fits.gz 
 8418437,581604030,286.431120,44.436111,0.0238,spec-57920-KP190808N440210V04_sp04-030.fits.gz 
 8420916,362109202,287.749146,44.426947,0.5558,spec-57291-KP190808N440210V03_sp09-202.fits.gz 
 8423171,362009127,288.882420,44.410728,0.0313,spec-57291-KP190808N440210V02_sp09-127.fits.gz 
 8423171,581609127,288.882420,44.410728,0.0313,spec-57920-KP190808N440210V04_sp09-127.fits.gz 
 8424298,155016104,289.383708,44.499389,0.0577,spec-56436-kepler02_1_sp16-104.fits.gz 
 8426672,362113039,290.284090,44.415791,0.0288,spec-57291-KP190808N440210V03_sp13-039.fits.gz 
 8426743,155011230,290.311250,44.470250,0.0213,spec-56436-kepler02_1_sp11-230.fits.gz 
 8431695,360103081,292.151670,44.449379,0.0306,spec-57287-KP193637N444141V05_sp03-081.fits.gz 
 8432239,360103083,292.389650,44.455990,0.0031,spec-57287-KP193637N444141V05_sp03-083.fits.gz 
 8440248,247608033,295.262625,44.489222,0.0527,spec-56914-KP193637N444141V01_sp08-033.fits.gz 
 8440367,360008234,295.302370,44.401009,0.0081,spec-57287-KP193637N444141V04_sp08-234.fits.gz 
 8440983,359908048,295.491609,44.492071,0.8915,spec-57287-KP193637N444141V03_sp08-048.fits.gz 
 8445814,247706062,296.964567,44.447189,0.4170,spec-56914-KP193637N444141V02_sp06-062.fits.gz 
 8458124,364205009,300.069670,44.477989,0.0234,spec-57299-KP195920N454621V04_sp05-009.fits.gz 
 8458519,158805017,300.172917,44.492028,0.1538,spec-56561-KP195920N454621V01_sp05-017.fits.gz 
 8460634,165908217,300.783083,44.489278,0.0379,spec-56583-KP195920N454621V03_sp08-217.fits.gz 
 8460634,170508217,300.783083,44.489278,0.0379,spec-56591-KP195920N454621V3_sp08-217.fits.gz 
 8461449,364208205,301.076600,44.497532,0.0219,spec-57299-KP195920N454621V04_sp08-205.fits.gz 
 8474990,365016124,281.816620,44.513031,0.0031,spec-57300-KP185031N425443V02_sp16-124.fits.gz 
 8475025,163016115,281.837792,44.575389,0.0799,spec-56573-KP185031N425443V01_sp16-115.fits.gz 
 8475511,365011083,282.149870,44.555859,0.0206,spec-57300-KP185031N425443V02_sp11-083.fits.gz 
 8475844,163011099,282.336542,44.569278,0.0520,spec-56573-KP185031N425443V01_sp11-099.fits.gz 
 8475844,238001029,282.336542,44.569278,0.0520,spec-56780-KP185111N464417V01_sp01-029.fits.gz 
 8475872,365011076,282.353028,44.539982,1.5905,spec-57300-KP185031N425443V02_sp11-076.fits.gz 
 8475872,365801029,282.353028,44.539982,1.5905,spec-57302-KP185111N464417V04_sp01-029.fits.gz 
 8476554,238001208,282.720250,44.543417,0.0211,spec-56780-KP185111N464417V01_sp01-208.fits.gz 
 8479301,362014205,284.230100,44.552311,0.0215,spec-57291-KP190808N440210V02_sp14-205.fits.gz 
 8479383,362014217,284.277494,44.570225,2.2674,spec-57291-KP190808N440210V02_sp14-217.fits.gz 
 8479383,365012081,284.277494,44.570225,2.2674,spec-57300-KP185031N425443V02_sp12-081.fits.gz 
 8479383,365807231,284.277494,44.570225,2.2674,spec-57302-KP185111N464417V04_sp07-231.fits.gz 
 8479780,581614208,284.493162,44.543361,0.0234,spec-57920-KP190808N440210V04_sp14-208.fits.gz 
 8480097,161414225,284.680208,44.598889,0.0206,spec-56570-KP190808N440210V01_sp14-225.fits.gz 
 8480097,163012011,284.680208,44.598889,0.0206,spec-56573-KP185031N425443V01_sp12-011.fits.gz 
 8482522,362103145,286.118040,44.559471,0.0069,spec-57291-KP190808N440210V03_sp03-145.fits.gz 
 8482522,581703145,286.118040,44.559471,0.0069,spec-57920-KP190808N440210V05_sp03-145.fits.gz 
 8482769,161403126,286.274667,44.591611,0.0658,spec-56570-KP190808N440210V01_sp03-126.fits.gz 
 8489832,155011014,289.798833,44.592389,0.0527,spec-56436-kepler02_1_sp11-014.fits.gz 
 8490583,362013008,290.106320,44.554890,0.0197,spec-57291-KP190808N440210V02_sp13-008.fits.gz 
 8490583,581713008,290.106320,44.554890,0.0197,spec-57920-KP190808N440210V05_sp13-008.fits.gz 
 8491147,154011229,290.314500,44.546667,0.0541,spec-56432-KP192102N424113V01_sp11-229.fits.gz 
 8491283,362013014,290.361080,44.564850,0.0303,spec-57291-KP190808N440210V02_sp13-014.fits.gz 
 8493827,369112060,291.271898,44.554997,1.6006,spec-57307-KP192102N424113V04_sp12-060.fits.gz 
 8493969,154012055,291.319083,44.521611,0.0531,spec-56432-KP192102N424113V01_sp12-055.fits.gz 
 8494160,369112072,291.400390,44.575611,0.0255,spec-57307-KP192102N424113V04_sp12-072.fits.gz 
 8496042,359903086,292.144620,44.527512,0.0234,spec-57287-KP193637N444141V03_sp03-086.fits.gz 
 8496527,360003089,292.356930,44.583351,0.0043,spec-57287-KP193637N444141V04_sp03-089.fits.gz 
 8499557,359904163,293.528320,44.546612,0.0043,spec-57287-KP193637N444141V03_sp04-163.fits.gz 
 8500704,247604175,293.943792,44.582333,0.0900,spec-56914-KP193637N444141V01_sp04-175.fits.gz 
 8505072, 52208038,295.390979,44.591656,1.6085,spec-56083-IF04_B56083_sp08-038.fits.gz 
 8505345,360008045,295.477510,44.564732,0.0081,spec-57287-KP193637N444141V04_sp08-045.fits.gz 
 8505515, 52208047,295.530779,44.578581,0.5770,spec-56083-IF04_B56083_sp08-047.fits.gz 
 8506295, 52208088,295.781583,44.561306,0.0288,spec-56083-IF04_B56083_sp08-088.fits.gz 
 8506788,360108093,295.949550,44.539440,0.0324,spec-57287-KP193637N444141V05_sp08-093.fits.gz 
 8507295,360008076,296.102020,44.550129,0.0304,spec-57287-KP193637N444141V04_sp08-076.fits.gz 
 8510560,247606053,297.041896,44.511250,0.0509,spec-56914-KP193637N444141V01_sp06-053.fits.gz 
 8517303,158905212,298.750000,44.572528,0.0391,spec-56561-KP195920N454621V02_sp05-212.fits.gz 
 8518198,158805247,298.997917,44.592417,0.0536,spec-56561-KP195920N454621V01_sp05-247.fits.gz 
 8522040,364305150,300.005040,44.550949,0.0259,spec-57299-KP195920N454621V05_sp05-150.fits.gz 
 8522050,165905150,300.007292,44.579917,0.0488,spec-56583-KP195920N454621V03_sp05-150.fits.gz 
 8522050,170505150,300.007292,44.579917,0.0488,spec-56591-KP195920N454621V3_sp05-150.fits.gz 
 8522971,165905126,300.255625,44.582667,0.0648,spec-56583-KP195920N454621V03_sp05-126.fits.gz 
 8522971,170505126,300.255625,44.582667,0.0648,spec-56591-KP195920N454621V3_sp05-126.fits.gz 
 8524633,364208217,300.698940,44.503368,0.0061,spec-57299-KP195920N454621V04_sp08-217.fits.gz 
 8525293,158908114,300.903125,44.565833,0.0238,spec-56561-KP195920N454621V02_sp08-114.fits.gz 
 8525359,364208114,300.928130,44.544689,0.0300,spec-57299-KP195920N454621V04_sp08-114.fits.gz 
 8539201,365016117,281.674837,44.685131,3.4759,spec-57300-KP185031N425443V02_sp16-117.fits.gz 
 8539201,365802121,281.674837,44.685131,3.4759,spec-57302-KP185111N464417V04_sp02-121.fits.gz 
 8540034,577611090,282.177890,44.666592,0.0298,spec-57912-KP185031N425443V03_sp11-090.fits.gz 
 8540384,163011087,282.379750,44.679639,0.0532,spec-56573-KP185031N425443V01_sp11-087.fits.gz 
 8540384,242601038,282.379750,44.679639,0.0532,spec-56807-KP185111N464417V02_sp01-038.fits.gz 
 8540615,365011230,282.522400,44.698811,0.0213,spec-57300-KP185031N425443V02_sp11-230.fits.gz 
 8540767,163011245,282.592583,44.601472,0.0639,spec-56573-KP185031N425443V01_sp11-245.fits.gz 
 8540767,242601036,282.592583,44.601472,0.0639,spec-56807-KP185111N464417V02_sp01-036.fits.gz 
 8543200,577612066,283.898779,44.672630,4.9590,spec-57912-KP185031N425443V03_sp12-066.fits.gz 
 8543200,581614124,283.898779,44.672630,4.9590,spec-57920-KP190808N440210V04_sp14-124.fits.gz 
 8543569,365012032,284.101260,44.634239,0.0257,spec-57300-KP185031N425443V02_sp12-032.fits.gz 
 8543569,365807167,284.101260,44.634239,0.0257,spec-57302-KP185111N464417V04_sp07-167.fits.gz 
 8543569,577712032,284.101260,44.634239,0.0257,spec-57912-KP185031N425443V04_sp12-032.fits.gz 
 8544483,365012198,284.562770,44.697060,0.0238,spec-57300-KP185031N425443V02_sp12-198.fits.gz 
 8544483,577712198,284.562770,44.697060,0.0238,spec-57912-KP185031N425443V04_sp12-198.fits.gz 
 8545291,365011032,284.999933,44.603119,0.5820,spec-57300-KP185031N425443V02_sp11-032.fits.gz 
 8545291,577711032,284.999933,44.603119,0.5820,spec-57912-KP185031N425443V04_sp11-032.fits.gz 
 8545504,362014096,285.131770,44.682400,0.0555,spec-57291-KP190808N440210V02_sp14-096.fits.gz 
 8545504,581614096,285.131770,44.682400,0.0555,spec-57920-KP190808N440210V04_sp14-096.fits.gz 
 8545861,362103111,285.368462,44.604858,2.6462,spec-57291-KP190808N440210V03_sp03-111.fits.gz 
 8547122,362015244,286.067380,44.637581,0.0194,spec-57291-KP190808N440210V02_sp15-244.fits.gz 
 8547122,581615244,286.067380,44.637581,0.0194,spec-57920-KP190808N440210V04_sp15-244.fits.gz 
 8547469,161415238,286.246000,44.642444,0.0770,spec-56570-KP190808N440210V01_sp15-238.fits.gz 
 8552581,155016249,288.908542,44.669639,0.0412,spec-56436-kepler02_1_sp16-249.fits.gz 
 8552947,362113227,289.079130,44.662979,0.0242,spec-57291-KP190808N440210V03_sp13-227.fits.gz 
 8555599,154011189,290.167833,44.653917,0.0232,spec-56432-KP192102N424113V01_sp11-189.fits.gz 
 8555599,155011195,290.167833,44.653917,0.0232,spec-56436-kepler02_1_sp11-195.fits.gz 
 8555914,362013013,290.284197,44.624271,2.6506,spec-57291-KP190808N440210V02_sp13-013.fits.gz 
 8555914,369011178,290.284197,44.624271,2.6506,spec-57307-KP192102N424113V03_sp11-178.fits.gz 
 8561238,360103099,292.296020,44.685692,0.0257,spec-57287-KP193637N444141V05_sp03-099.fits.gz 
 8564559,359904156,293.629640,44.699730,0.0075,spec-57287-KP193637N444141V03_sp04-156.fits.gz 
 8564966,360104172,293.770134,44.637402,3.5828,spec-57287-KP193637N444141V05_sp04-172.fits.gz 
 8565016,360004172,293.793283,44.639161,0.4794,spec-57287-KP193637N444141V04_sp04-172.fits.gz 
 8570254,359908036,295.607450,44.611118,0.0222,spec-57287-KP193637N444141V03_sp08-036.fits.gz 
 8570577, 52209231,295.701167,44.672306,0.0240,spec-56083-IF04_B56083_sp09-231.fits.gz 
 8570823,247608080,295.780208,44.626333,0.0295,spec-56914-KP193637N444141V01_sp08-080.fits.gz 
 8573846,364210200,296.702940,44.658798,0.0087,spec-57299-KP195920N454621V04_sp10-200.fits.gz 
 8583586,158805042,299.189000,44.639972,0.0662,spec-56561-KP195920N454621V01_sp05-042.fits.gz 
 8587948,170508185,300.322659,44.662556,0.8973,spec-56591-KP195920N454621V3_sp08-185.fits.gz 
 8607581,577612065,283.648720,44.712055,4.0043,spec-57912-KP185031N425443V03_sp12-065.fits.gz 
 8607720,242601120,283.736567,44.713650,1.2760,spec-56807-KP185111N464417V02_sp01-120.fits.gz 
 8607720,577712071,283.736567,44.713650,1.2760,spec-57912-KP185031N425443V04_sp12-071.fits.gz 
 8611114,362115073,285.645397,44.735719,0.6677,spec-57291-KP190808N440210V03_sp15-073.fits.gz 
 8611394,362115062,285.783020,44.763020,0.0234,spec-57291-KP190808N440210V03_sp15-062.fits.gz 
 8611394,581715062,285.783020,44.763020,0.0234,spec-57920-KP190808N440210V05_sp15-062.fits.gz 
 8611833,362015240,286.026180,44.773331,0.0000,spec-57291-KP190808N440210V02_sp15-240.fits.gz 
 8612520,362115239,286.401310,44.706959,0.0270,spec-57291-KP190808N440210V03_sp15-239.fits.gz 
 8612520,581715239,286.401310,44.706959,0.0270,spec-57920-KP190808N440210V05_sp15-239.fits.gz 
 8612811,581815190,286.552842,44.790328,0.1309,spec-57920-KP190808N440210V06_sp15-190.fits.gz 
 8613105,362015194,286.728572,44.751988,0.7141,spec-57291-KP190808N440210V02_sp15-194.fits.gz 
 8613120,161415194,286.735000,44.712278,0.0374,spec-56570-KP190808N440210V01_sp15-194.fits.gz 
 8613617,581815107,287.015110,44.763432,0.0261,spec-57920-KP190808N440210V06_sp15-107.fits.gz 
 8616844,581609178,288.682040,44.739510,0.0280,spec-57920-KP190808N440210V04_sp09-178.fits.gz 
 8617169,369016243,288.858592,44.721006,2.5944,spec-57307-KP192102N424113V03_sp16-243.fits.gz 
 8618560,581713141,289.472380,44.700180,0.0234,spec-57920-KP190808N440210V05_sp13-141.fits.gz 
 8619322,362013126,289.787913,44.778511,2.7691,spec-57291-KP190808N440210V02_sp13-126.fits.gz 
 8620449,362013017,290.231200,44.728142,0.0238,spec-57291-KP190808N440210V02_sp13-017.fits.gz 
 8620449,581613017,290.231200,44.728142,0.0238,spec-57920-KP190808N440210V04_sp13-017.fits.gz 
 8622860,155011107,291.081125,44.778528,0.0141,spec-56436-kepler02_1_sp11-107.fits.gz 
 8622860,159611108,291.081125,44.778528,0.0141,spec-56562-KP192102N424113V02_sp11-108.fits.gz 
 8623829,359910017,291.452000,44.706699,0.0217,spec-57287-KP193637N444141V03_sp10-017.fits.gz 
 8623850,360110017,291.459870,44.751831,0.0043,spec-57287-KP193637N444141V05_sp10-017.fits.gz 
 8623850,581101191,291.459870,44.751831,0.0043,spec-57919-KP192314N471144V04_sp01-191.fits.gz 
 8624155,360010022,291.563540,44.700562,0.0257,spec-57287-KP193637N444141V04_sp10-022.fits.gz 
 8630006,359904157,293.829380,44.728611,0.0298,spec-57287-KP193637N444141V03_sp04-157.fits.gz 
 8631442, 52204065,294.365250,44.782750,0.0532,spec-56083-IF04_B56083_sp04-065.fits.gz 
 8635520,359909233,295.695280,44.713741,0.0246,spec-57287-KP193637N444141V03_sp09-233.fits.gz 
 8635922,360009247,295.819950,44.725189,0.0000,spec-57287-KP193637N444141V04_sp09-247.fits.gz 
 8636174, 52209230,295.896750,44.714806,0.0563,spec-56083-IF04_B56083_sp09-230.fits.gz 
 8648671,158905038,299.215042,44.775972,0.0331,spec-56561-KP195920N454621V02_sp05-038.fits.gz 
 8652718,364205139,300.324580,44.704189,0.0236,spec-57299-KP195920N454621V04_sp05-139.fits.gz 
 8654400,364308194,300.765630,44.755692,0.0261,spec-57299-KP195920N454621V05_sp08-194.fits.gz 
 8669014,365011009,281.851131,44.809596,3.0131,spec-57300-KP185031N425443V02_sp11-009.fits.gz 
 8669014,365802020,281.851131,44.809596,3.0131,spec-57302-KP185111N464417V04_sp02-020.fits.gz 
 8669282,365801063,282.023220,44.814171,0.0240,spec-57302-KP185111N464417V04_sp01-063.fits.gz 
 8669282,577811014,282.023220,44.814171,0.0240,spec-57912-KP185031N425443V05_sp11-014.fits.gz 
 8671819,238001101,283.407042,44.893222,0.0518,spec-56780-KP185111N464417V01_sp01-101.fits.gz 
 8671819,242601115,283.407042,44.893222,0.0518,spec-56807-KP185111N464417V02_sp01-115.fits.gz 
 8673221,242607163,284.150804,44.842542,2.8644,spec-56807-KP185111N464417V02_sp07-163.fits.gz 
 8674581,581614093,284.893689,44.846446,3.7680,spec-57920-KP190808N440210V04_sp14-093.fits.gz 
 8675106,362014076,285.197877,44.883289,1.5986,spec-57291-KP190808N440210V02_sp14-076.fits.gz 
 8675106,365807202,285.197877,44.883289,1.5986,spec-57302-KP185111N464417V04_sp07-202.fits.gz 
 8676094,581715067,285.771940,44.820820,0.0277,spec-57920-KP190808N440210V05_sp15-067.fits.gz 
 8676738,362015231,286.133390,44.808029,0.0282,spec-57291-KP190808N440210V02_sp15-231.fits.gz 
 8676738,581615231,286.133390,44.808029,0.0282,spec-57920-KP190808N440210V04_sp15-231.fits.gz 
 8676927,581715246,286.235435,44.858040,4.4483,spec-57920-KP190808N440210V05_sp15-246.fits.gz 
 8677342,362015177,286.477260,44.849430,0.0043,spec-57291-KP190808N440210V02_sp15-177.fits.gz 
 8677342,581615177,286.477260,44.849430,0.0043,spec-57920-KP190808N440210V04_sp15-177.fits.gz 
 8677701,362015197,286.686190,44.864182,0.0061,spec-57291-KP190808N440210V02_sp15-197.fits.gz 
 8677701,581615197,286.686190,44.864182,0.0061,spec-57920-KP190808N440210V04_sp15-197.fits.gz 
 8684542,154011185,290.056375,44.831083,0.0643,spec-56432-KP192102N424113V01_sp11-185.fits.gz 
 8684542,155011199,290.056375,44.831083,0.0643,spec-56436-kepler02_1_sp11-199.fits.gz 
 8684860,155011186,290.165500,44.855472,0.0309,spec-56436-kepler02_1_sp11-186.fits.gz 
 8684860,159611205,290.165500,44.855472,0.0309,spec-56562-KP192102N424113V02_sp11-205.fits.gz 
 8686058,154011218,290.607292,44.897139,0.0605,spec-56432-KP192102N424113V01_sp11-218.fits.gz 
 8690009,363407241,292.114380,44.887371,0.0238,spec-57298-KP192314N471144V02_sp07-241.fits.gz 
 8693004,359903160,293.322649,44.895366,0.9930,spec-57287-KP193637N444141V03_sp03-160.fits.gz 
 8693018,359904151,293.328400,44.832691,0.0226,spec-57287-KP193637N444141V03_sp04-151.fits.gz 
 8696035,359904070,294.416080,44.846260,0.0234,spec-57287-KP193637N444141V03_sp04-070.fits.gz 
 8703041,364310176,296.697570,44.862598,0.0307,spec-57299-KP195920N454621V05_sp10-176.fits.gz 
 8707667,158810162,297.895083,44.889361,0.0895,spec-56561-KP195920N454621V01_sp10-162.fits.gz 
 8708650,170510155,298.128620,44.872048,1.9188,spec-56591-KP195920N454621V3_sp10-155.fits.gz 
 8718273,364208013,300.768590,44.830146,1.7032,spec-57299-KP195920N454621V04_sp08-013.fits.gz 
 8718745,158808109,300.914583,44.817944,0.0863,spec-56561-KP195920N454621V01_sp08-109.fits.gz 
 8720055,158808132,301.366625,44.855222,0.0749,spec-56561-KP195920N454621V01_sp08-132.fits.gz 
 8733649,577711016,282.095460,44.906189,0.0278,spec-57912-KP185031N425443V04_sp11-016.fits.gz 
 8736415,163012236,283.538500,44.948222,0.1004,spec-56573-KP185031N425443V01_sp12-236.fits.gz 
 8736415,242601103,283.538500,44.948222,0.1004,spec-56807-KP185111N464417V02_sp01-103.fits.gz 
 8737032,362014005,283.863162,44.984777,2.3133,spec-57291-KP190808N440210V02_sp14-005.fits.gz 
 8737032,365012249,283.863162,44.984777,2.3133,spec-57300-KP185031N425443V02_sp12-249.fits.gz 
 8737047,242607004,283.872042,44.989583,0.0222,spec-56807-KP185111N464417V02_sp07-004.fits.gz 
 8738834,242607065,284.812342,44.993428,0.3666,spec-56807-KP185111N464417V02_sp07-065.fits.gz 
 8738834,581814142,284.812342,44.993428,0.3666,spec-57920-KP190808N440210V06_sp14-142.fits.gz 
 8742013,581715008,286.657129,44.985450,0.2637,spec-57920-KP190808N440210V05_sp15-008.fits.gz 
 8742545,161415112,286.941083,44.909028,0.0500,spec-56570-KP190808N440210V01_sp15-112.fits.gz 
 8742912,362115111,287.153590,44.924629,0.0282,spec-57291-KP190808N440210V03_sp15-111.fits.gz 
 8746146,581613162,288.805210,44.959141,0.0268,spec-57920-KP190808N440210V04_sp13-162.fits.gz 
 8747415,362013110,289.414640,44.968048,0.0285,spec-57291-KP190808N440210V02_sp13-110.fits.gz 
 8747415,369011164,289.414640,44.968048,0.0285,spec-57307-KP192102N424113V03_sp11-164.fits.gz 
 8747415,581202108,289.414640,44.968048,0.0285,spec-57919-KP192314N471144V05_sp02-108.fits.gz 
 8747415,581813110,289.414640,44.968048,0.0285,spec-57920-KP190808N440210V06_sp13-110.fits.gz 
 8747880,363402105,289.615940,44.968761,0.0277,spec-57298-KP192314N471144V02_sp02-105.fits.gz 
 8748278,363501236,289.793820,44.996639,0.0031,spec-57298-KP192314N471144V03_sp01-236.fits.gz 
 8748436,161413189,289.868875,44.916389,0.0106,spec-56570-KP190808N440210V01_sp13-189.fits.gz 
 8749284,154011140,290.197958,44.925000,0.0115,spec-56432-KP192102N424113V01_sp11-140.fits.gz 
 8752893,359914184,291.575810,44.995468,0.0069,spec-57287-KP193637N444141V03_sp14-184.fits.gz 
 8753234,159612248,291.695000,44.910250,0.0744,spec-56562-KP192102N424113V02_sp12-248.fits.gz 
 8754075, 52214053,292.035417,44.920028,0.0322,spec-56083-IF04_B56083_sp14-053.fits.gz 
 8757215,359903150,293.272090,44.982460,0.0282,spec-57287-KP193637N444141V03_sp03-150.fits.gz 
 8759811,247704064,294.258708,44.973056,0.0376,spec-56914-KP193637N444141V02_sp04-064.fits.gz 
 8765681,360109128,296.200810,44.938728,0.0271,spec-57287-KP193637N444141V05_sp09-128.fits.gz 
 8766538,364310088,296.513150,44.985409,0.0222,spec-57299-KP195920N454621V05_sp10-088.fits.gz 
 8767392,364310184,296.777530,44.934441,0.0204,spec-57299-KP195920N454621V05_sp10-184.fits.gz 
 8771414,158810172,297.808708,44.936667,0.0971,spec-56561-KP195920N454621V01_sp10-172.fits.gz 
 8782196,158808004,300.662000,44.926333,0.0532,spec-56561-KP195920N454621V01_sp08-004.fits.gz 
 8798584,238002064,282.122875,45.086472,0.0141,spec-56780-KP185111N464417V01_sp02-064.fits.gz 
 8802374,362114010,284.000496,45.091950,0.6867,spec-57291-KP190808N440210V03_sp14-010.fits.gz 
 8803432,161414128,284.565083,45.045611,0.0376,spec-56570-KP190808N440210V01_sp14-128.fits.gz 
 8803432,238007064,284.565083,45.045611,0.0376,spec-56780-KP185111N464417V01_sp07-064.fits.gz 
 8804395,365807083,285.102910,45.019661,0.0061,spec-57302-KP185111N464417V04_sp07-083.fits.gz 
 8805353,362015065,285.660280,45.001862,0.0000,spec-57291-KP190808N440210V02_sp15-065.fits.gz 
 8805353,581615089,285.660280,45.001862,0.0000,spec-57920-KP190808N440210V04_sp15-089.fits.gz 
 8805565,581715085,285.778124,45.089682,4.1977,spec-57920-KP190808N440210V05_sp15-085.fits.gz 
 8805663,161415085,285.823494,45.058763,1.6439,spec-56570-KP190808N440210V01_sp15-085.fits.gz 
 8812397,362013103,289.271390,45.041149,0.0255,spec-57291-KP190808N440210V02_sp13-103.fits.gz 
 8812397,581302103,289.271390,45.041149,0.0255,spec-57919-KP192314N471144V06_sp02-103.fits.gz 
 8813298,154011132,289.698417,45.041278,0.0379,spec-56432-KP192102N424113V01_sp11-132.fits.gz 
 8813509,362013187,289.801586,45.017429,1.5127,spec-57291-KP190808N440210V02_sp13-187.fits.gz 
 8813509,363401239,289.801586,45.017429,1.5127,spec-57298-KP192314N471144V02_sp01-239.fits.gz 
 8813509,369011157,289.801586,45.017429,1.5127,spec-57307-KP192102N424113V03_sp11-157.fits.gz 
 8813727,362013194,289.898650,45.089230,0.0213,spec-57291-KP190808N440210V02_sp13-194.fits.gz 
 8816525, 52214234,290.942792,45.089667,0.0466,spec-56083-IF04_B56083_sp14-234.fits.gz 
 8817343,359914200,291.237580,45.079731,0.0234,spec-57287-KP193637N444141V03_sp14-200.fits.gz 
 8817343,581101105,291.237580,45.079731,0.0234,spec-57919-KP192314N471144V04_sp01-105.fits.gz 
 8818252,363501182,291.590790,45.012772,0.0102,spec-57298-KP192314N471144V03_sp01-182.fits.gz 
 8818252,581301182,291.590790,45.012772,0.0102,spec-57919-KP192314N471144V06_sp01-182.fits.gz 
 8822505,359903129,293.281100,45.094528,0.0230,spec-57287-KP193637N444141V03_sp03-129.fits.gz 
 8822689,359904006,293.342661,45.009769,0.6635,spec-57287-KP193637N444141V03_sp04-006.fits.gz 
 8822878,247603134,293.411375,45.080278,0.0641,spec-56914-KP193637N444141V01_sp03-134.fits.gz 
 8823410, 52204047,293.613125,45.083083,0.0236,spec-56083-IF04_B56083_sp04-047.fits.gz 
 8824264,247604041,293.929333,45.012361,0.0587,spec-56914-KP193637N444141V01_sp04-041.fits.gz 
 8824442,360104027,293.994350,45.037529,0.0217,spec-57287-KP193637N444141V05_sp04-027.fits.gz 
 8824452, 52204027,293.997600,45.041900,0.6930,spec-56083-IF04_B56083_sp04-027.fits.gz 
 8825444,360004222,294.362370,45.059151,0.0511,spec-57287-KP193637N444141V04_sp04-222.fits.gz 
 8826079,359904051,294.583560,45.001041,0.0087,spec-57287-KP193637N444141V03_sp04-051.fits.gz 
 8826496,359904069,294.721280,45.009258,0.0259,spec-57287-KP193637N444141V03_sp04-069.fits.gz 
 8827367,360009209,295.023590,45.071732,0.0259,spec-57287-KP193637N444141V04_sp09-209.fits.gz 
 8827646,360009206,295.110260,45.077061,0.0253,spec-57287-KP193637N444141V04_sp09-206.fits.gz 
 8827934, 52209223,295.208308,45.063136,0.2880,spec-56083-IF04_B56083_sp09-223.fits.gz 
 8832376,364310094,296.713070,45.028431,0.0000,spec-57299-KP195920N454621V05_sp10-094.fits.gz 
 8836830,364210201,297.896300,45.032391,0.0224,spec-57299-KP195920N454621V04_sp10-201.fits.gz 
 8838990,158905198,298.432458,45.089528,0.0510,spec-56561-KP195920N454621V02_sp05-198.fits.gz 
 8839028,158805198,298.445417,45.069167,0.0577,spec-56561-KP195920N454621V01_sp05-198.fits.gz 
 8840992,364205063,298.988620,45.093342,0.0257,spec-57299-KP195920N454621V04_sp05-063.fits.gz 
 8845313,364205125,300.238400,45.024509,0.0226,spec-57299-KP195920N454621V04_sp05-125.fits.gz 
 8845321,364308155,300.241820,45.047668,0.0197,spec-57299-KP195920N454621V05_sp08-155.fits.gz 
 8846187,364208157,300.468630,45.072239,0.0298,spec-57299-KP195920N454621V04_sp08-157.fits.gz 
 8863673,242602053,282.097458,45.103056,0.0182,spec-56807-KP185111N464417V02_sp02-053.fits.gz 
 8867740,577612228,283.939850,45.120850,0.0213,spec-57912-KP185031N425443V03_sp12-228.fits.gz 
 8868650,581614004,284.397550,45.128922,0.0232,spec-57920-KP190808N440210V04_sp14-004.fits.gz 
 8868800,365807119,284.467590,45.117168,0.0061,spec-57302-KP185111N464417V04_sp07-119.fits.gz 
 8869611,362116083,284.853910,45.172451,0.0257,spec-57291-KP190808N440210V03_sp16-083.fits.gz 
 8869611,581616083,284.853910,45.172451,0.0257,spec-57920-KP190808N440210V04_sp16-083.fits.gz 
 8869656,362014135,284.870706,45.131911,3.5496,spec-57291-KP190808N440210V02_sp14-135.fits.gz 
 8870432,238007082,285.318819,45.168097,2.8974,spec-56780-KP185111N464417V01_sp07-082.fits.gz 
 8872046,362015100,286.071260,45.150410,0.0277,spec-57291-KP190808N440210V02_sp15-100.fits.gz 
 8872046,581615076,286.071260,45.150410,0.0277,spec-57920-KP190808N440210V04_sp15-076.fits.gz 
 8872709,362015017,286.397512,45.110592,2.8573,spec-57291-KP190808N440210V02_sp15-017.fits.gz 
 8872979,362115018,286.530458,45.125733,1.1224,spec-57291-KP190808N440210V03_sp15-018.fits.gz 
 8873797,161415019,286.911500,45.151500,0.0663,spec-56570-KP190808N440210V01_sp15-019.fits.gz 
 8879369,362012207,289.508000,45.164871,0.0219,spec-57291-KP190808N440210V02_sp12-207.fits.gz 
 8879518,581202110,289.569911,45.115080,3.7756,spec-57919-KP192314N471144V05_sp02-110.fits.gz 
 8880420,362013195,289.962310,45.109100,0.0061,spec-57291-KP190808N440210V02_sp13-195.fits.gz 
 8890410,360004030,293.607180,45.130829,0.0061,spec-57287-KP193637N444141V04_sp04-030.fits.gz 
 8893299,360004220,294.543030,45.199612,0.0298,spec-57287-KP193637N444141V04_sp04-220.fits.gz 
 8907943,364303014,298.788600,45.177090,0.0319,spec-57299-KP195920N454621V05_sp03-014.fits.gz 
 8909673,364205055,299.304140,45.125191,0.0285,spec-57299-KP195920N454621V04_sp05-055.fits.gz 
 8911558,158805114,299.843917,45.190528,0.0649,spec-56561-KP195920N454621V01_sp05-114.fits.gz 
 8912308,165905101,300.068375,45.101611,0.0704,spec-56583-KP195920N454621V03_sp05-101.fits.gz 
 8912308,170505101,300.068375,45.101611,0.0704,spec-56591-KP195920N454621V3_sp05-101.fits.gz 
 8914504,158808163,300.705417,45.104306,0.0866,spec-56561-KP195920N454621V01_sp08-163.fits.gz 
 8915786,364208018,301.072480,45.155048,0.0242,spec-57299-KP195920N454621V04_sp08-018.fits.gz 
 8933174,365011219,282.923070,45.261250,0.0031,spec-57300-KP185031N425443V02_sp11-219.fits.gz 
 8933174,577611219,282.923070,45.261250,0.0031,spec-57912-KP185031N425443V03_sp11-219.fits.gz 
 8934853,365807035,283.727330,45.226139,0.0232,spec-57302-KP185111N464417V04_sp07-035.fits.gz 
 8934853,577712247,283.727330,45.226139,0.0232,spec-57912-KP185031N425443V04_sp12-247.fits.gz 
 8936084,362116020,284.332210,45.270039,0.0253,spec-57291-KP190808N440210V03_sp16-020.fits.gz 
 8936339,161416016,284.462917,45.271833,0.0534,spec-56570-KP190808N440210V01_sp16-016.fits.gz 
 8937073,362116089,284.816530,45.278278,0.0092,spec-57291-KP190808N440210V03_sp16-089.fits.gz 
 8939964,362015157,286.293880,45.270988,0.0043,spec-57291-KP190808N440210V02_sp15-157.fits.gz 
 8939964,581715157,286.293880,45.270988,0.0043,spec-57920-KP190808N440210V05_sp15-157.fits.gz 
 8941202,581615042,286.902370,45.277340,0.0298,spec-57920-KP190808N440210V04_sp15-042.fits.gz 
 8946471,362012171,289.408360,45.263840,0.0257,spec-57291-KP190808N440210V02_sp12-171.fits.gz 
 8946471,581102013,289.408360,45.263840,0.0257,spec-57919-KP192314N471144V04_sp02-013.fits.gz 
 8946619,363502010,289.467380,45.232880,0.0031,spec-57298-KP192314N471144V03_sp02-010.fits.gz 
 8946619,581612168,289.467380,45.232880,0.0031,spec-57920-KP190808N440210V04_sp12-168.fits.gz 
 8949653,581301077,290.639190,45.222961,0.0043,spec-57919-KP192314N471144V06_sp01-077.fits.gz 
 8950187,360014242,290.832670,45.260120,0.0000,spec-57287-KP193637N444141V04_sp14-242.fits.gz 
 8951178,581301113,291.190520,45.217690,0.0234,spec-57919-KP192314N471144V06_sp01-113.fits.gz 
 8951252, 52214237,291.219625,45.286417,0.0499,spec-56083-IF04_B56083_sp14-237.fits.gz 
 8955683,359903219,292.849240,45.261581,0.0273,spec-57287-KP193637N444141V03_sp03-219.fits.gz 
 8955894,247603210,292.926875,45.216722,0.0705,spec-56914-KP193637N444141V01_sp03-210.fits.gz 
 8957944,247704033,293.682792,45.223361,0.0445,spec-56914-KP193637N444141V02_sp04-033.fits.gz 
 8959538,359904201,294.178108,45.231631,0.1636,spec-57287-KP193637N444141V03_sp04-201.fits.gz 
 8960083,360004221,294.340120,45.200050,0.0298,spec-57287-KP193637N444141V04_sp04-221.fits.gz 
 8962844,247709220,295.215917,45.219861,0.1910,spec-56914-KP193637N444141V02_sp09-220.fits.gz 
 8962923,247709043,295.236875,45.268083,0.0499,spec-56914-KP193637N444141V02_sp09-043.fits.gz 
 8963972,359909048,295.549560,45.278839,0.0043,spec-57287-KP193637N444141V03_sp09-048.fits.gz 
 8973815,170503240,298.046395,45.291697,1.6063,spec-56591-KP195920N454621V3_sp03-240.fits.gz 
 9001643,238005016,282.858051,45.398694,1.5938,spec-56780-KP185111N464417V01_sp05-016.fits.gz 
 9001643,242705016,282.858051,45.398694,1.5938,spec-56807-KP185111N464417V03_sp05-016.fits.gz 
 9002344,163011027,283.254292,45.303778,0.0990,spec-56573-KP185031N425443V01_sp11-027.fits.gz 
 9002344,242605020,283.254292,45.303778,0.0990,spec-56807-KP185111N464417V02_sp05-020.fits.gz 
 9003765,365808208,283.925080,45.315819,0.0189,spec-57302-KP185111N464417V04_sp08-208.fits.gz 
 9004448,242607116,284.304250,45.385417,0.0298,spec-56807-KP185111N464417V02_sp07-116.fits.gz 
 9004448,362016014,284.304230,45.385410,0.0298,spec-57291-KP190808N440210V02_sp16-014.fits.gz 
 9004448,581616014,284.304230,45.385410,0.0298,spec-57920-KP190808N440210V04_sp16-014.fits.gz 
 9004818,238007121,284.509708,45.307778,0.0391,spec-56780-KP185111N464417V01_sp07-121.fits.gz 
 9006240,362116179,285.241460,45.394508,0.0295,spec-57291-KP190808N440210V03_sp16-179.fits.gz 
 9007080,238007134,285.636564,45.365389,3.0189,spec-56780-KP185111N464417V01_sp07-134.fits.gz 
 9008125,362115152,286.101620,45.319191,0.0202,spec-57291-KP190808N440210V03_sp15-152.fits.gz 
 9008270,581815162,286.177727,45.399700,3.9322,spec-57920-KP190808N440210V06_sp15-162.fits.gz 
 9009805,161415208,286.882792,45.350333,0.0222,spec-56570-KP190808N440210V01_sp15-208.fits.gz 
 9016417,362012208,289.769485,45.376700,1.5842,spec-57291-KP190808N440210V02_sp12-208.fits.gz 
 9016455,362112204,289.785430,45.353088,0.0189,spec-57291-KP190808N440210V03_sp12-204.fits.gz 
 9016455,581102023,289.785430,45.353088,0.0189,spec-57919-KP192314N471144V04_sp02-023.fits.gz 
 9016901,581612215,289.965829,45.338366,0.0778,spec-57920-KP190808N440210V04_sp12-215.fits.gz 
 9018909,363401173,290.699830,45.383160,0.0053,spec-57298-KP192314N471144V02_sp01-173.fits.gz 
 9020419,359914112,291.275700,45.355629,0.0061,spec-57287-KP193637N444141V03_sp14-112.fits.gz 
 9020419,581201115,291.275700,45.355629,0.0061,spec-57919-KP192314N471144V05_sp01-115.fits.gz 
 9020943,360014210,291.456850,45.377491,0.0226,spec-57287-KP193637N444141V04_sp14-210.fits.gz 
 9021464,247614224,291.643792,45.301389,0.0941,spec-56914-KP193637N444141V01_sp14-224.fits.gz 
 9024483,360003211,292.741940,45.367432,0.0081,spec-57287-KP193637N444141V04_sp03-211.fits.gz 
 9025029, 52203216,292.934592,45.355597,0.2664,spec-56083-IF04_B56083_sp03-216.fits.gz 
 9025216,581207079,293.004058,45.385911,1.6219,spec-57919-KP192314N471144V05_sp07-079.fits.gz 
 9025447,360003224,293.086580,45.343830,0.0234,spec-57287-KP193637N444141V04_sp03-224.fits.gz 
 9025447,581207216,293.086580,45.343830,0.0234,spec-57919-KP192314N471144V05_sp07-216.fits.gz 
 9025882,247715244,293.254708,45.367528,0.0527,spec-56914-KP193637N444141V02_sp15-244.fits.gz 
 9027245,359915183,293.746860,45.304489,0.0043,spec-57287-KP193637N444141V03_sp15-183.fits.gz 
 9027635,247715180,293.878292,45.352333,0.0335,spec-56914-KP193637N444141V02_sp15-180.fits.gz 
 9027871,360015194,293.961150,45.388409,0.0075,spec-57287-KP193637N444141V04_sp15-194.fits.gz 
 9028221, 52215185,294.078200,45.327683,0.5248,spec-56083-IF04_B56083_sp15-185.fits.gz 
 9028321,359915185,294.111180,45.344051,0.0443,spec-57287-KP193637N444141V03_sp15-185.fits.gz 
 9029603,359915103,294.513700,45.385490,0.0043,spec-57287-KP193637N444141V03_sp15-103.fits.gz 
 9031080,359909154,295.003570,45.328041,0.0304,spec-57287-KP193637N444141V03_sp09-154.fits.gz 
 9031549,360109040,295.161942,45.350369,0.3369,spec-57287-KP193637N444141V05_sp09-040.fits.gz 
 9032691,359909049,295.515410,45.366589,0.0253,spec-57287-KP193637N444141V03_sp09-049.fits.gz 
 9034557,359913172,296.051730,45.391640,0.0238,spec-57287-KP193637N444141V03_sp13-172.fits.gz 
 9049147,364204146,299.658970,45.317200,0.0031,spec-57299-KP195920N454621V04_sp04-146.fits.gz 
 9072262,242608188,283.635583,45.493833,0.1264,spec-56807-KP185111N464417V02_sp08-188.fits.gz 
 9075872,362016172,285.664220,45.460609,0.0242,spec-57291-KP190808N440210V02_sp16-172.fits.gz 
 9076584,161415154,286.049000,45.413083,0.0300,spec-56570-KP190808N440210V01_sp15-154.fits.gz 
 9077453,362115204,286.540560,45.462109,0.0264,spec-57291-KP190808N440210V03_sp15-204.fits.gz 
 9077453,581715204,286.540560,45.462109,0.0264,spec-57920-KP190808N440210V05_sp15-204.fits.gz 
 9077844,581615213,286.759177,45.419692,4.3844,spec-57920-KP190808N440210V04_sp15-213.fits.gz 
 9080407,581812084,288.160303,45.487310,3.8662,spec-57920-KP190808N440210V06_sp12-084.fits.gz 
 9080445,362009099,288.187467,45.413551,1.8654,spec-57291-KP190808N440210V02_sp09-099.fits.gz 
 9080606,363402090,288.275719,45.441319,0.4261,spec-57298-KP192314N471144V02_sp02-090.fits.gz 
 9086060,360114121,290.793771,45.456072,1.3223,spec-57287-KP193637N444141V05_sp14-121.fits.gz 
 9086187,359914121,290.845937,45.453164,0.5508,spec-57287-KP193637N444141V03_sp14-121.fits.gz 
 9086187,581301149,290.845937,45.453164,0.5508,spec-57919-KP192314N471144V06_sp01-149.fits.gz 
 9086505,359914123,290.966130,45.485661,0.0031,spec-57287-KP193637N444141V03_sp14-123.fits.gz 
 9088119,241007031,291.552083,45.421833,0.0805,spec-56798-KP192314N471144V01_sp07-031.fits.gz 
 9088119,247614219,291.552083,45.421833,0.0805,spec-56914-KP193637N444141V01_sp14-219.fits.gz 
 9091772,247615070,292.936917,45.418139,0.0584,spec-56914-KP193637N444141V01_sp15-070.fits.gz 
 9096899,359909158,294.643520,45.493729,0.0238,spec-57287-KP193637N444141V03_sp09-158.fits.gz 
 9100444,360009188,295.750430,45.476871,0.0061,spec-57287-KP193637N444141V04_sp09-188.fits.gz 
 9107351,364210221,297.619288,45.400242,2.4245,spec-57299-KP195920N454621V04_sp10-221.fits.gz 
 9107573,165910221,297.675417,45.405083,0.0374,spec-56583-KP195920N454621V03_sp10-221.fits.gz 
 9108045,158903239,297.778417,45.437833,0.0303,spec-56561-KP195920N454621V02_sp03-239.fits.gz 
 9108759,364203077,297.943270,45.485641,0.0304,spec-57299-KP195920N454621V04_sp03-077.fits.gz 
 9109244,158903236,298.057667,45.437111,0.0501,spec-56561-KP195920N454621V02_sp03-236.fits.gz 
 9112472,364203020,298.932430,45.459179,0.0053,spec-57299-KP195920N454621V04_sp03-020.fits.gz 
 9116434,364304102,300.062070,45.439968,0.0053,spec-57299-KP195920N454621V05_sp04-102.fits.gz 
 9119504,165908243,300.919917,45.478639,0.0652,spec-56583-KP195920N454621V03_sp08-243.fits.gz 
 9119504,170508243,300.919917,45.478639,0.0652,spec-56591-KP195920N454621V3_sp08-243.fits.gz 
 9119915,364208244,301.024290,45.415379,0.0069,spec-57299-KP195920N454621V04_sp08-244.fits.gz 
 9139859,362016204,284.473240,45.525982,0.0253,spec-57291-KP190808N440210V02_sp16-204.fits.gz 
 9139859,581616204,284.473240,45.525982,0.0253,spec-57920-KP190808N440210V04_sp16-204.fits.gz 
 9142574,362116111,285.966670,45.546249,0.0232,spec-57291-KP190808N440210V03_sp16-111.fits.gz 
 9143051,362016109,286.261910,45.584042,3.5305,spec-57291-KP190808N440210V02_sp16-109.fits.gz 
 9143834,161411079,286.707917,45.544861,0.0307,spec-56570-KP190808N440210V01_sp11-079.fits.gz 
 9145781,161412143,287.800792,45.593528,0.1255,spec-56570-KP190808N440210V01_sp12-143.fits.gz 
 9145952,161412137,287.884500,45.587917,0.0488,spec-56570-KP190808N440210V01_sp12-137.fits.gz 
 9145955,581609080,287.886040,45.524186,4.6740,spec-57920-KP190808N440210V04_sp09-080.fits.gz 
 9147335,362012089,288.612871,45.594033,0.7748,spec-57291-KP190808N440210V02_sp12-089.fits.gz 
 9150223,241002064,290.040208,45.545833,0.0541,spec-56798-KP192314N471144V01_sp02-064.fits.gz 
 9151007,363401055,290.364043,45.562351,1.7282,spec-57298-KP192314N471144V02_sp01-055.fits.gz 
 9156571, 52215056,292.622192,45.503931,0.1893,spec-56083-IF04_B56083_sp15-056.fits.gz 
 9157260,359915067,292.902950,45.547241,0.0222,spec-57287-KP193637N444141V03_sp15-067.fits.gz 
 9157260,581107075,292.902950,45.547241,0.0222,spec-57919-KP192314N471144V04_sp07-075.fits.gz 
 9160995,360015118,294.280317,45.503811,0.3078,spec-57287-KP193637N444141V04_sp15-118.fits.gz 
 9161068, 52215113,294.302708,45.522667,0.0217,spec-56083-IF04_B56083_sp15-113.fits.gz 
 9164187,360009037,295.471800,45.511780,0.0043,spec-57287-KP193637N444141V04_sp09-037.fits.gz 
 9166023,359913155,296.116940,45.526829,0.0257,spec-57287-KP193637N444141V03_sp13-155.fits.gz 
 9173371,158903045,298.201417,45.528889,0.0217,spec-56561-KP195920N454621V02_sp03-045.fits.gz 
 9176207,158903184,298.950292,45.541472,0.1701,spec-56561-KP195920N454621V02_sp03-184.fits.gz 
 9180003,364204119,300.043240,45.535530,0.0273,spec-57299-KP195920N454621V04_sp04-119.fits.gz 
 9181877,158804104,300.539708,45.507194,0.0295,spec-56561-KP195920N454621V01_sp04-104.fits.gz 
 9202995,242708125,284.037296,45.657347,0.1078,spec-56807-KP185111N464417V03_sp08-125.fits.gz 
 9204871,362016188,285.107240,45.619091,0.0283,spec-57291-KP190808N440210V02_sp16-188.fits.gz 
 9205044,362116198,285.202120,45.657928,0.0250,spec-57291-KP190808N440210V03_sp16-198.fits.gz 
 9205705,362116060,285.559386,45.687892,1.1535,spec-57291-KP190808N440210V03_sp16-060.fits.gz 
 9210116,581712150,288.067237,45.682453,4.4476,spec-57920-KP190808N440210V05_sp12-150.fits.gz 
 9210148,362112145,288.086030,45.609959,0.0081,spec-57291-KP190808N440210V03_sp12-145.fits.gz 
 9210148,581302098,288.086030,45.609959,0.0081,spec-57919-KP192314N471144V06_sp02-098.fits.gz 
 9210256,363402082,288.137940,45.631729,0.0257,spec-57298-KP192314N471144V02_sp02-082.fits.gz 
 9210256,581102082,288.137940,45.631729,0.0257,spec-57919-KP192314N471144V04_sp02-082.fits.gz 
 9214512,363401071,290.296690,45.634811,0.0043,spec-57298-KP192314N471144V02_sp01-071.fits.gz 
 9217521,247614127,291.552792,45.606583,0.0335,spec-56914-KP193637N444141V01_sp14-127.fits.gz 
 9220076,359915063,292.585110,45.614471,0.0075,spec-57287-KP193637N444141V03_sp15-063.fits.gz 
 9220076,581107059,292.585110,45.614471,0.0075,spec-57919-KP192314N471144V04_sp07-059.fits.gz 
 9220379,359915072,292.698270,45.653011,0.0000,spec-57287-KP193637N444141V03_sp15-072.fits.gz 
 9220379,581107054,292.698270,45.653011,0.0000,spec-57919-KP192314N471144V04_sp07-054.fits.gz 
 9221721,247615087,293.214344,45.691194,1.0117,spec-56914-KP193637N444141V01_sp15-087.fits.gz 
 9222065, 52215091,293.342292,45.639694,0.0348,spec-56083-IF04_B56083_sp15-091.fits.gz 
 9222389,581207080,293.479100,45.620251,0.0031,spec-57919-KP192314N471144V05_sp07-080.fits.gz 
 9228346, 52209074,295.623608,45.612161,4.4064,spec-56083-IF04_B56083_sp09-074.fits.gz 
 9230499,364310136,296.348330,45.629581,0.0230,spec-57299-KP195920N454621V05_sp10-136.fits.gz 
 9240941,364304181,299.294190,45.626759,0.0081,spec-57299-KP195920N454621V05_sp04-181.fits.gz 
 9244091,364204106,300.219596,45.646204,0.5175,spec-57299-KP195920N454621V04_sp04-106.fits.gz 
 9244428,364204234,300.318337,45.692888,3.3958,spec-57299-KP195920N454621V04_sp04-234.fits.gz 
 9245197,158804241,300.540792,45.654750,0.0573,spec-56561-KP195920N454621V01_sp04-241.fits.gz 
 9267654,581816048,285.031100,45.759029,0.0215,spec-57920-KP190808N440210V06_sp16-048.fits.gz 
 9268146,238006225,285.317917,45.799306,0.0356,spec-56780-KP185111N464417V01_sp06-225.fits.gz 
 9269081,242606105,285.843458,45.797083,0.0238,spec-56807-KP185111N464417V02_sp06-105.fits.gz 
 9269302,365806124,285.975040,45.794430,0.0252,spec-57302-KP185111N464417V04_sp06-124.fits.gz 
 9269302,581616118,285.975040,45.794430,0.0252,spec-57920-KP190808N440210V04_sp16-118.fits.gz 
 9269772,362016121,286.276030,45.770611,0.0189,spec-57291-KP190808N440210V02_sp16-121.fits.gz 
 9269772,581616121,286.276030,45.770611,0.0189,spec-57920-KP190808N440210V04_sp16-121.fits.gz 
 9270087,161411096,286.461917,45.726333,0.0501,spec-56570-KP190808N440210V01_sp11-096.fits.gz 
 9273073,362112128,288.212220,45.709469,0.0230,spec-57291-KP190808N440210V03_sp12-128.fits.gz 
 9273827,362012032,288.642430,45.789291,0.0087,spec-57291-KP190808N440210V02_sp12-032.fits.gz 
 9274288,241002026,288.893292,45.743222,0.0568,spec-56798-KP192314N471144V01_sp02-026.fits.gz 
 9277385,363405094,290.377840,45.710739,0.0252,spec-57298-KP192314N471144V02_sp05-094.fits.gz 
 9278780,359914021,290.976070,45.774311,0.0295,spec-57287-KP193637N444141V03_sp14-021.fits.gz 
 9279769, 52214011,291.401500,45.790722,0.0443,spec-56083-IF04_B56083_sp14-011.fits.gz 
 9282363,363407121,292.442930,45.752151,0.0043,spec-57298-KP192314N471144V02_sp07-121.fits.gz 
 9282363,581107121,292.442930,45.752151,0.0043,spec-57919-KP192314N471144V04_sp07-121.fits.gz 
 9283248,363407052,292.807040,45.785938,0.0253,spec-57298-KP192314N471144V02_sp07-052.fits.gz 
 9283816, 52215080,293.040062,45.708972,0.4281,spec-56083-IF04_B56083_sp15-080.fits.gz 
 9283918, 52215084,293.083000,45.735667,0.1140,spec-56083-IF04_B56083_sp15-084.fits.gz 
 9286287,359915023,294.009280,45.776402,0.0075,spec-57287-KP193637N444141V03_sp15-023.fits.gz 
 9286817,247615140,294.184792,45.722139,0.0511,spec-56914-KP193637N444141V01_sp15-140.fits.gz 
 9286851, 52215140,294.195917,45.738389,0.0325,spec-56083-IF04_B56083_sp15-140.fits.gz 
 9288026,359915143,294.628804,45.757169,1.3367,spec-57287-KP193637N444141V03_sp15-143.fits.gz 
 9300159,364203178,298.413940,45.725731,0.0043,spec-57299-KP195920N454621V04_sp03-178.fits.gz 
 9307073,158904227,300.479500,45.722000,0.0452,spec-56561-KP195920N454621V02_sp04-227.fits.gz 
 9326421,365808161,283.651730,45.848358,0.0257,spec-57302-KP185111N464417V04_sp08-161.fits.gz 
 9327993,238008138,284.498023,45.891190,2.7950,spec-56780-KP185111N464417V01_sp08-138.fits.gz 
 9328135,161416212,284.578275,45.803861,0.6172,spec-56570-KP190808N440210V01_sp16-212.fits.gz 
 9328682,242706014,284.884288,45.877944,2.7055,spec-56807-KP185111N464417V03_sp06-014.fits.gz 
 9329058,362016049,285.141851,45.895158,2.1336,spec-57291-KP190808N440210V02_sp16-049.fits.gz 
 9329200,581716054,285.218870,45.811119,0.0230,spec-57920-KP190808N440210V05_sp16-054.fits.gz 
 9329543,365806220,285.441040,45.858501,0.0273,spec-57302-KP185111N464417V04_sp06-220.fits.gz 
 9329543,581816066,285.441040,45.858501,0.0273,spec-57920-KP190808N440210V06_sp16-066.fits.gz 
 9332840,362011246,287.372280,45.826092,0.0115,spec-57291-KP190808N440210V02_sp11-246.fits.gz 
 9332840,581711065,287.372280,45.826092,0.0115,spec-57920-KP190808N440210V05_sp11-065.fits.gz 
 9333290,581611067,287.613483,45.895331,3.7638,spec-57920-KP190808N440210V04_sp11-067.fits.gz 
 9333501,581302173,287.743139,45.898360,0.0069,spec-57919-KP192314N471144V06_sp02-173.fits.gz 
 9334793,362012053,288.413700,45.895592,0.0115,spec-57291-KP190808N440210V02_sp12-053.fits.gz 
 9334793,581202200,288.413700,45.895592,0.0115,spec-57919-KP192314N471144V05_sp02-200.fits.gz 
 9335191,362012031,288.625490,45.808361,0.0250,spec-57291-KP190808N440210V02_sp12-031.fits.gz 
 9335518,363502035,288.785640,45.846500,0.0053,spec-57298-KP192314N471144V03_sp02-035.fits.gz 
 9336090,362112185,289.084900,45.873421,0.0217,spec-57291-KP190808N440210V03_sp12-185.fits.gz 
 9336090,581712185,289.084900,45.873421,0.0217,spec-57920-KP190808N440210V05_sp12-185.fits.gz 
 9340114,363405012,290.922670,45.865429,0.0238,spec-57298-KP192314N471144V02_sp05-012.fits.gz 
 9340114,581105012,290.922670,45.865429,0.0238,spec-57919-KP192314N471144V04_sp05-012.fits.gz 
 9340539,359914017,291.097188,45.812019,2.5740,spec-57287-KP193637N444141V03_sp14-017.fits.gz 
 9340539,363405007,291.097188,45.812019,2.5740,spec-57298-KP192314N471144V02_sp05-007.fits.gz 
 9346288,360115093,293.402190,45.860950,0.0053,spec-57287-KP193637N444141V05_sp15-093.fits.gz 
 9346288,581307141,293.402190,45.860950,0.0053,spec-57919-KP192314N471144V06_sp07-141.fits.gz 
 9346602,581107139,293.522847,45.864540,4.1243,spec-57919-KP192314N471144V04_sp07-139.fits.gz 
 9350031,360109125,294.784030,45.828739,0.0184,spec-57287-KP193637N444141V05_sp09-125.fits.gz 
 9351617,247609067,295.357583,45.826250,0.0585,spec-56914-KP193637N444141V01_sp09-067.fits.gz 
 9357395,364214196,297.240200,45.853168,0.0213,spec-57299-KP195920N454621V04_sp14-196.fits.gz 
 9364778,158804173,299.285500,45.846278,0.1116,spec-56561-KP195920N454621V01_sp04-173.fits.gz 
 9385972,242705059,282.094125,45.937389,0.0106,spec-56807-KP185111N464417V03_sp05-059.fits.gz 
 9390293,365806239,284.719020,45.931740,0.0043,spec-57302-KP185111N464417V04_sp06-239.fits.gz 
 9390666,242606009,284.929708,45.923278,0.0087,spec-56807-KP185111N464417V02_sp06-009.fits.gz 
 9391954,362016136,285.681270,45.959862,0.0438,spec-57291-KP190808N440210V02_sp16-136.fits.gz 
 9392039,161416130,285.723083,45.935917,0.0234,spec-56570-KP190808N440210V01_sp16-130.fits.gz 
 9392039,238006208,285.723083,45.935917,0.0234,spec-56780-KP185111N464417V01_sp06-208.fits.gz 
 9392274,365806156,285.840450,45.986141,0.0321,spec-57302-KP185111N464417V04_sp06-156.fits.gz 
 9392650,365806166,286.037450,45.978210,0.0213,spec-57302-KP185111N464417V04_sp06-166.fits.gz 
 9392650,581616149,286.037450,45.978210,0.0213,spec-57920-KP190808N440210V04_sp16-149.fits.gz 
 9395227,362011060,287.517191,45.962399,2.9820,spec-57291-KP190808N440210V02_sp11-060.fits.gz 
 9395535,362011075,287.684540,45.919628,0.0264,spec-57291-KP190808N440210V02_sp11-075.fits.gz 
 9395535,581611075,287.684540,45.919628,0.0264,spec-57920-KP190808N440210V04_sp11-075.fits.gz 
 9396363,362012073,288.194582,45.989651,0.7793,spec-57291-KP190808N440210V02_sp12-073.fits.gz 
 9396363,363402199,288.194582,45.989651,0.7793,spec-57298-KP192314N471144V02_sp02-199.fits.gz 
 9397110,362112030,288.611020,45.969631,0.0292,spec-57291-KP190808N440210V03_sp12-030.fits.gz 
 9401816,363405134,290.910430,45.970989,0.0184,spec-57298-KP192314N471144V02_sp05-134.fits.gz 
 9401816,581105134,290.910430,45.970989,0.0184,spec-57919-KP192314N471144V04_sp05-134.fits.gz 
 9402420,363505015,291.171390,45.926750,0.0250,spec-57298-KP192314N471144V03_sp05-015.fits.gz 
 9406415, 52216158,292.789125,45.997500,0.0578,spec-56083-IF04_B56083_sp16-158.fits.gz 
 9406426,247716158,292.790917,45.957528,0.0448,spec-56914-KP193637N444141V02_sp16-158.fits.gz 
 9406596, 52215175,292.851708,45.918472,0.0391,spec-56083-IF04_B56083_sp15-175.fits.gz 
 9406638,359916158,292.866090,45.984261,0.0043,spec-57287-KP193637N444141V03_sp16-158.fits.gz 
 9406638,581207188,292.866090,45.984261,0.0043,spec-57919-KP192314N471144V05_sp07-188.fits.gz 
 9408361,247615215,293.557125,45.972694,0.0240,spec-56914-KP193637N444141V01_sp15-215.fits.gz 
 9408590, 52215211,293.652375,45.936528,0.0573,spec-56083-IF04_B56083_sp15-211.fits.gz 
 9409513, 52215224,294.017708,45.974278,0.0219,spec-56083-IF04_B56083_sp15-224.fits.gz 
 9411366,359915039,294.687470,45.930901,0.0234,spec-57287-KP193637N444141V03_sp15-039.fits.gz 
 9414102,359912100,295.696260,45.988121,0.0257,spec-57287-KP193637N444141V03_sp12-100.fits.gz 
 9449413,365808008,283.855470,46.073078,0.0246,spec-57302-KP185111N464417V04_sp08-008.fits.gz 
 9450786,238006248,284.623458,46.066875,0.5204,spec-56780-KP185111N464417V01_sp06-248.fits.gz 
 9450786,242606248,284.623458,46.066875,0.5204,spec-56807-KP185111N464417V02_sp06-248.fits.gz 
 9450786,365806248,284.623458,46.066875,0.5204,spec-57302-KP185111N464417V04_sp06-248.fits.gz 
 9451434,362116037,285.018460,46.078850,0.0061,spec-57291-KP190808N440210V03_sp16-037.fits.gz 
 9451434,581616037,285.018460,46.078850,0.0061,spec-57920-KP190808N440210V04_sp16-037.fits.gz 
 9451999,362016226,285.368040,46.035690,0.0253,spec-57291-KP190808N440210V02_sp16-226.fits.gz 
 9451999,581616227,285.368040,46.035690,0.0253,spec-57920-KP190808N440210V04_sp16-227.fits.gz 
 9452570,362016147,285.673333,46.006322,0.1895,spec-57291-KP190808N440210V02_sp16-147.fits.gz 
 9453362,161411013,286.095542,46.074806,0.0184,spec-56570-KP190808N440210V01_sp11-013.fits.gz 
 9456153,362011113,287.734560,46.036572,0.0102,spec-57291-KP190808N440210V02_sp11-113.fits.gz 
 9456478,363502163,287.912659,46.031195,1.1945,spec-57298-KP192314N471144V03_sp02-163.fits.gz 
 9456598,161412072,287.981083,46.001583,0.0743,spec-56570-KP190808N440210V01_sp12-072.fits.gz 
 9457108,362012231,288.262300,46.088291,0.0075,spec-57291-KP190808N440210V02_sp12-231.fits.gz 
 9457108,581110050,288.262300,46.088291,0.0075,spec-57919-KP192314N471144V04_sp10-050.fits.gz 
 9457533,581812242,288.480642,46.058350,3.6575,spec-57920-KP190808N440210V06_sp12-242.fits.gz 
 9457576,241002193,288.508042,46.022750,0.0512,spec-56798-KP192314N471144V01_sp02-193.fits.gz 
 9463398,581105148,291.247392,46.009039,4.8320,spec-57919-KP192314N471144V04_sp05-148.fits.gz 
 9467117,359916159,292.753630,46.041039,0.0000,spec-57287-KP193637N444141V03_sp16-159.fits.gz 
 9468160,360015165,293.162260,46.030392,0.0130,spec-57287-KP193637N444141V04_sp15-165.fits.gz 
 9468160,581106214,293.162260,46.030392,0.0130,spec-57919-KP192314N471144V04_sp06-214.fits.gz 
 9468199,359915165,293.178100,46.012642,0.0238,spec-57287-KP193637N444141V03_sp15-165.fits.gz 
 9468199,581206214,293.178100,46.012642,0.0238,spec-57919-KP192314N471144V05_sp06-214.fits.gz 
 9469165,359915212,293.560044,46.099432,0.5970,spec-57287-KP193637N444141V03_sp15-212.fits.gz 
 9469165,363406216,293.560044,46.099432,0.5970,spec-57298-KP192314N471144V02_sp06-216.fits.gz 
 9470276,360015216,293.985912,46.044603,0.4130,spec-57287-KP193637N444141V04_sp15-216.fits.gz 
 9472481,359915029,294.753333,46.040058,2.6330,spec-57287-KP193637N444141V03_sp15-029.fits.gz 
 9479404, 52212222,297.089292,46.035667,0.0334,spec-56083-IF04_B56083_sp12-222.fits.gz 
 9486819,364204023,299.097500,46.027142,0.0238,spec-57299-KP195920N454621V04_sp04-023.fits.gz 
 9488603,364204009,299.632200,46.001949,0.0313,spec-57299-KP195920N454621V04_sp04-009.fits.gz 
 9491316,364204069,300.409562,46.078782,3.2067,spec-57299-KP195920N454621V04_sp04-069.fits.gz 
 9508595,365803022,282.247160,46.113739,0.0270,spec-57302-KP185111N464417V04_sp03-022.fits.gz 
 9511938,238008127,284.284292,46.197194,0.0858,spec-56780-KP185111N464417V01_sp08-127.fits.gz 
 9512426,238008133,284.547292,46.114972,0.0440,spec-56780-KP185111N464417V01_sp08-133.fits.gz 
 9513046,238006249,284.885240,46.124269,2.0062,spec-56780-KP185111N464417V01_sp06-249.fits.gz 
 9513787,581816242,285.348180,46.197269,0.0437,spec-57920-KP190808N440210V06_sp16-242.fits.gz 
 9515026,581711173,286.040740,46.115681,0.0053,spec-57920-KP190808N440210V05_sp11-173.fits.gz 
 9515045,365806169,286.050450,46.149261,0.0031,spec-57302-KP185111N464417V04_sp06-169.fits.gz 
 9517542,362011111,287.558540,46.174419,2.5931,spec-57291-KP190808N440210V02_sp11-111.fits.gz 
 9517542,363410197,287.558540,46.174419,2.5931,spec-57298-KP192314N471144V02_sp10-197.fits.gz 
 9517698,362011110,287.648913,46.114639,3.4537,spec-57291-KP190808N440210V02_sp11-110.fits.gz 
 9517698,363410183,287.648913,46.114639,3.4537,spec-57298-KP192314N471144V02_sp10-183.fits.gz 
 9518506,241010039,288.116659,46.183917,1.5923,spec-56798-KP192314N471144V01_sp10-039.fits.gz 
 9518802,362112246,288.284459,46.130123,3.4541,spec-57291-KP190808N440210V03_sp12-246.fits.gz 
 9518802,363410050,288.284459,46.130123,3.4541,spec-57298-KP192314N471144V02_sp10-050.fits.gz 
 9521461,363405226,289.749778,46.188580,1.0457,spec-57298-KP192314N471144V02_sp05-226.fits.gz 
 9529974,247715168,293.309500,46.196278,0.0443,spec-56914-KP193637N444141V02_sp15-168.fits.gz 
 9531084,360115205,293.784450,46.126369,0.0520,spec-57287-KP193637N444141V05_sp15-205.fits.gz 
 9532518, 52215046,294.322333,46.118222,0.0144,spec-56083-IF04_B56083_sp15-046.fits.gz 
 9532903,154801243,294.459083,46.129583,0.0370,spec-56435-KP194045N483045V01_sp01-243.fits.gz 
 9534041,154801217,294.887208,46.198722,0.1091,spec-56435-KP194045N483045V01_sp01-217.fits.gz 
 9534934, 52209094,295.213917,46.134778,0.0403,spec-56083-IF04_B56083_sp09-094.fits.gz 
 9534964,247709094,295.224833,46.176694,0.0306,spec-56914-KP193637N444141V02_sp09-094.fits.gz 
 9535050, 52209089,295.251583,46.110194,0.0236,spec-56083-IF04_B56083_sp09-089.fits.gz 
 9535399, 52212084,295.378167,46.152222,0.0645,spec-56083-IF04_B56083_sp12-084.fits.gz 
 9535399,154801015,295.378167,46.152222,0.0645,spec-56435-KP194045N483045V01_sp01-015.fits.gz 
 9540226,158914204,297.034167,46.198639,0.7506,spec-56561-KP195920N454621V02_sp14-204.fits.gz 
 9542075,364314071,297.554050,46.145672,0.0230,spec-57299-KP195920N454621V05_sp14-071.fits.gz 
 9542218,158814071,297.596208,46.155500,0.0199,spec-56561-KP195920N454621V01_sp14-071.fits.gz 
 9542506,364214161,297.675020,46.182671,0.0234,spec-57299-KP195920N454621V04_sp14-161.fits.gz 
 9550045,364204035,299.777800,46.109829,0.0215,spec-57299-KP195920N454621V04_sp04-035.fits.gz 
 9551036,364204222,300.072510,46.115601,0.0253,spec-57299-KP195920N454621V04_sp04-222.fits.gz 
 9551807,158904202,300.304875,46.163417,0.0466,spec-56561-KP195920N454621V02_sp04-202.fits.gz 
 9569162,242603003,281.745104,46.255113,2.1368,spec-56807-KP185111N464417V02_sp03-003.fits.gz 
 9570409,365804126,282.581850,46.262272,0.0097,spec-57302-KP185111N464417V04_sp04-126.fits.gz 
 9574650,238006085,284.994292,46.241722,0.0443,spec-56780-KP185111N464417V01_sp06-085.fits.gz 
 9574730,242606079,285.044336,46.298722,2.8776,spec-56807-KP185111N464417V02_sp06-079.fits.gz 
 9575645,581616236,285.596528,46.253959,4.8714,spec-57920-KP190808N440210V04_sp16-236.fits.gz 
 9579328,362011031,287.703610,46.275261,0.0069,spec-57291-KP190808N440210V02_sp11-031.fits.gz 
 9579357,362111039,287.717740,46.236092,0.0292,spec-57291-KP190808N440210V03_sp11-039.fits.gz 
 9579860,362011050,288.016510,46.206921,0.0275,spec-57291-KP190808N440210V02_sp11-050.fits.gz 
 9579860,581711050,288.016510,46.206921,0.0275,spec-57920-KP190808N440210V05_sp11-050.fits.gz 
 9580171,362112237,288.184720,46.246609,0.0242,spec-57291-KP190808N440210V03_sp12-237.fits.gz 
 9580171,581210049,288.184720,46.246609,0.0242,spec-57919-KP192314N471144V05_sp10-049.fits.gz 
 9580343,362012229,288.284390,46.228352,0.0257,spec-57291-KP190808N440210V02_sp12-229.fits.gz 
 9580407,362012239,288.319790,46.274311,0.0250,spec-57291-KP190808N440210V02_sp12-239.fits.gz 
 9580407,581110045,288.319790,46.274311,0.0250,spec-57919-KP192314N471144V04_sp10-045.fits.gz 
 9583430,241005241,289.911792,46.248806,0.0368,spec-56798-KP192314N471144V01_sp05-241.fits.gz 
 9583607,363505070,290.004000,46.298191,0.0319,spec-57298-KP192314N471144V03_sp05-070.fits.gz 
 9583607,581105070,290.004000,46.298191,0.0319,spec-57919-KP192314N471144V04_sp05-070.fits.gz 
 9583720,581205070,290.057590,46.284420,0.0271,spec-57919-KP192314N471144V05_sp05-070.fits.gz 
 9589369,359916178,292.376220,46.247379,0.0061,spec-57287-KP193637N444141V03_sp16-178.fits.gz 
 9589500,247716178,292.435583,46.231250,0.0410,spec-56914-KP193637N444141V02_sp16-178.fits.gz 
 9589638,363506229,292.496250,46.249611,0.0000,spec-57298-KP192314N471144V03_sp06-229.fits.gz 
 9589638,581306229,292.496250,46.249611,0.0000,spec-57919-KP192314N471144V06_sp06-229.fits.gz 
 9590062,247616157,292.671792,46.236722,0.0443,spec-56914-KP193637N444141V01_sp16-157.fits.gz 
 9590930,359916166,293.024170,46.263889,0.0292,spec-57287-KP193637N444141V03_sp16-166.fits.gz 
 9591097,363406003,293.087708,46.228319,0.9929,spec-57298-KP192314N471144V02_sp06-003.fits.gz 
 9591097,581206003,293.087708,46.228319,0.9929,spec-57919-KP192314N471144V05_sp06-003.fits.gz 
 9593412,359911085,293.987000,46.262680,0.0208,spec-57287-KP193637N444141V03_sp11-085.fits.gz 
 9595822,359912142,294.862716,46.207903,2.0061,spec-57287-KP193637N444141V03_sp12-142.fits.gz 
 9595924,362801221,294.901610,46.289669,0.0268,spec-57297-KP194045N483045V04_sp01-221.fits.gz 
 9596106,362701217,294.966490,46.244591,0.0280,spec-57297-KP194045N483045V03_sp01-217.fits.gz 
 9597214,362701018,295.374210,46.231201,0.0061,spec-57297-KP194045N483045V03_sp01-018.fits.gz 
 9597524,362701008,295.472630,46.245831,0.0292,spec-57297-KP194045N483045V03_sp01-008.fits.gz 
 9604524,158914166,297.685750,46.259528,0.0226,spec-56561-KP195920N454621V02_sp14-166.fits.gz 
 9605294,364203118,297.889340,46.297180,0.0061,spec-57299-KP195920N454621V04_sp03-118.fits.gz 
 9606195,158903110,298.126542,46.246194,0.0369,spec-56561-KP195920N454621V02_sp03-110.fits.gz 
 9611634,364204037,299.723180,46.205959,0.0301,spec-57299-KP195920N454621V04_sp04-037.fits.gz 
 9612084,364204201,299.869420,46.246090,0.0234,spec-57299-KP195920N454621V04_sp04-201.fits.gz 
 9612933,158904224,300.120792,46.240000,0.0512,spec-56561-KP195920N454621V02_sp04-224.fits.gz 
 9612990,364304224,300.136720,46.236912,0.0232,spec-57299-KP195920N454621V05_sp04-224.fits.gz 
 9631782,238004193,282.464417,46.380111,0.0911,spec-56780-KP185111N464417V01_sp04-193.fits.gz 
 9631844,238004138,282.512667,46.374000,0.0410,spec-56780-KP185111N464417V01_sp04-138.fits.gz 
 9632233,365804083,282.795170,46.380039,0.0184,spec-57302-KP185111N464417V04_sp04-083.fits.gz 
 9635388,242608073,284.637292,46.356306,0.0740,spec-56807-KP185111N464417V02_sp08-073.fits.gz 
 9635603,365808059,284.747680,46.366261,0.0230,spec-57302-KP185111N464417V04_sp08-059.fits.gz 
 9635649,365808070,284.769380,46.315811,0.0290,spec-57302-KP185111N464417V04_sp08-070.fits.gz 
 9636944,365806100,285.543240,46.312141,0.0261,spec-57302-KP185111N464417V04_sp06-100.fits.gz 
 9637054,365806094,285.613530,46.372478,0.0242,spec-57302-KP185111N464417V04_sp06-094.fits.gz 
 9637337,242606141,285.783817,46.364094,1.2094,spec-56807-KP185111N464417V02_sp06-141.fits.gz 
 9640480,161411027,287.717279,46.394352,1.3886,spec-56570-KP190808N440210V01_sp11-027.fits.gz 
 9640886,362011038,287.936980,46.398289,0.0000,spec-57291-KP190808N440210V02_sp11-038.fits.gz 
 9640886,581110083,287.936980,46.398289,0.0000,spec-57919-KP192314N471144V04_sp10-083.fits.gz 
 9641246,362011047,288.140930,46.370300,0.0292,spec-57291-KP190808N440210V02_sp11-047.fits.gz 
 9641246,363410048,288.140930,46.370300,0.0292,spec-57298-KP192314N471144V02_sp10-048.fits.gz 
 9641246,581210048,288.140930,46.370300,0.0292,spec-57919-KP192314N471144V05_sp10-048.fits.gz 
 9641447,362012247,288.261200,46.311432,0.0213,spec-57291-KP190808N440210V02_sp12-247.fits.gz 
 9641447,581210034,288.261200,46.311432,0.0213,spec-57919-KP192314N471144V05_sp10-034.fits.gz 
 9641636,363410029,288.382510,46.387501,0.0271,spec-57298-KP192314N471144V02_sp10-029.fits.gz 
 9641636,581210029,288.382510,46.387501,0.0271,spec-57919-KP192314N471144V05_sp10-029.fits.gz 
 9641772,581310029,288.456210,46.328232,0.0061,spec-57919-KP192314N471144V06_sp10-029.fits.gz 
 9642235,363410156,288.729130,46.304161,0.0230,spec-57298-KP192314N471144V02_sp10-156.fits.gz 
 9642235,581110156,288.729130,46.304161,0.0230,spec-57919-KP192314N471144V04_sp10-156.fits.gz 
 9643914,363405197,289.621060,46.358089,0.0250,spec-57298-KP192314N471144V02_sp05-197.fits.gz 
 9643914,581105197,289.621060,46.358089,0.0250,spec-57919-KP192314N471144V04_sp05-197.fits.gz 
 9644558,241005246,289.940792,46.324306,0.0184,spec-56798-KP192314N471144V01_sp05-246.fits.gz 
 9645099,363505053,290.172580,46.333370,0.0230,spec-57298-KP192314N471144V03_sp05-053.fits.gz 
 9645099,581105053,290.172580,46.333370,0.0230,spec-57919-KP192314N471144V04_sp05-053.fits.gz 
 9645361,581105162,290.286290,46.370331,0.0061,spec-57919-KP192314N471144V04_sp05-162.fits.gz 
 9650046,247616190,292.183208,46.357417,0.0534,spec-56914-KP193637N444141V01_sp16-190.fits.gz 
 9650527,360116198,292.388180,46.398079,0.0296,spec-57287-KP193637N444141V05_sp16-198.fits.gz 
 9650527,581308149,292.388180,46.398079,0.0296,spec-57919-KP192314N471144V06_sp08-149.fits.gz 
 9650881,359916168,292.525360,46.344849,0.0271,spec-57287-KP193637N444141V03_sp16-168.fits.gz 
 9650881,581106237,292.525360,46.344849,0.0271,spec-57919-KP192314N471144V04_sp06-237.fits.gz 
 9651996,360016056,292.989990,46.375771,0.0069,spec-57287-KP193637N444141V04_sp16-056.fits.gz 
 9652428,360016112,293.160980,46.300072,0.0306,spec-57287-KP193637N444141V04_sp16-112.fits.gz 
 9652428,581306019,293.160980,46.300072,0.0306,spec-57919-KP192314N471144V06_sp06-019.fits.gz 
 9652494, 52216110,293.184292,46.310611,0.0469,spec-56083-IF04_B56083_sp16-110.fits.gz 
 9652704,247616123,293.284583,46.390083,0.1058,spec-56914-KP193637N444141V01_sp16-123.fits.gz 
 9655167,363506164,294.261170,46.386971,0.0061,spec-57298-KP192314N471144V03_sp06-164.fits.gz 
 9656523,362801039,294.761990,46.324020,0.0250,spec-57297-KP194045N483045V04_sp01-039.fits.gz 
 9656652,247711059,294.808750,46.303028,0.0525,spec-56914-KP193637N444141V02_sp11-059.fits.gz 
 9657917,247712128,295.302792,46.351806,0.0460,spec-56914-KP193637N444141V02_sp12-128.fits.gz 
 9658002,154801097,295.328917,46.342361,0.0407,spec-56435-KP194045N483045V01_sp01-097.fits.gz 
 9658072,362701097,295.353550,46.311440,0.0043,spec-57297-KP194045N483045V03_sp01-097.fits.gz 
 9658793, 52212061,295.603475,46.330594,0.4131,spec-56083-IF04_B56083_sp12-061.fits.gz 
 9658958,247712056,295.671208,46.356556,0.0217,spec-56914-KP193637N444141V02_sp12-056.fits.gz 
 9662723,362707234,296.929750,46.339760,0.0213,spec-57297-KP194045N483045V03_sp07-234.fits.gz 
 9667930,158903205,298.435583,46.394861,0.0373,spec-56561-KP195920N454621V02_sp03-205.fits.gz 
 9673317,364204221,300.056370,46.302280,0.0031,spec-57299-KP195920N454621V04_sp04-221.fits.gz 
 9674113,364304204,300.289760,46.349960,0.0271,spec-57299-KP195920N454621V05_sp04-204.fits.gz 
 9674329,158904213,300.348958,46.301667,0.0583,spec-56561-KP195920N454621V02_sp04-213.fits.gz 
 9692529,365804184,282.296170,46.429001,0.0292,spec-57302-KP185111N464417V04_sp04-184.fits.gz 
 9698133,365806148,285.675290,46.414719,0.0268,spec-57302-KP185111N464417V04_sp06-148.fits.gz 
 9700053,161411145,286.799008,46.493914,1.6713,spec-56570-KP190808N440210V01_sp11-145.fits.gz 
 9700679,362011220,287.178169,46.403806,2.6754,spec-57291-KP190808N440210V02_sp11-220.fits.gz 
 9702057,363410100,288.000640,46.471260,0.0253,spec-57298-KP192314N471144V02_sp10-100.fits.gz 
 9702057,581110100,288.000640,46.471260,0.0253,spec-57919-KP192314N471144V04_sp10-100.fits.gz 
 9704676,363405183,289.440520,46.440620,0.0000,spec-57298-KP192314N471144V02_sp05-183.fits.gz 
 9704676,581105183,289.440520,46.440620,0.0000,spec-57919-KP192314N471144V04_sp05-183.fits.gz 
 9705408,581105064,289.785740,46.416340,0.0273,spec-57919-KP192314N471144V04_sp05-064.fits.gz 
 9706194,581105056,290.117710,46.433060,0.0250,spec-57919-KP192314N471144V04_sp05-056.fits.gz 
 9706219,241005056,290.131292,46.415361,0.0000,spec-56798-KP192314N471144V01_sp05-056.fits.gz 
 9706585,581205062,290.284390,46.400650,0.0250,spec-57919-KP192314N471144V05_sp05-062.fits.gz 
 9711231,360016181,292.229280,46.452961,0.0000,spec-57287-KP193637N444141V04_sp16-181.fits.gz 
 9711231,581308143,292.229280,46.452961,0.0000,spec-57919-KP192314N471144V06_sp08-143.fits.gz 
 9711269, 52216181,292.248458,46.411861,0.0441,spec-56083-IF04_B56083_sp16-181.fits.gz 
 9711492,360016187,292.345580,46.423679,0.0295,spec-57287-KP193637N444141V04_sp16-187.fits.gz 
 9711492,581308136,292.345580,46.423679,0.0295,spec-57919-KP192314N471144V06_sp08-136.fits.gz 
 9711510,359916187,292.354710,46.408901,0.0271,spec-57287-KP193637N444141V03_sp16-187.fits.gz 
 9711510,581108149,292.354710,46.408901,0.0271,spec-57919-KP192314N471144V04_sp08-149.fits.gz 
 9712200,363406243,292.647837,46.406983,0.3976,spec-57298-KP192314N471144V02_sp06-243.fits.gz 
 9712510,359916063,292.775050,46.408970,0.0206,spec-57287-KP193637N444141V03_sp16-063.fits.gz 
 9712510,581106247,292.775050,46.408970,0.0206,spec-57919-KP192314N471144V04_sp06-247.fits.gz 
 9712888, 52216069,292.926750,46.430861,0.0309,spec-56083-IF04_B56083_sp16-069.fits.gz 
 9713083, 52216074,293.008292,46.488694,0.0458,spec-56083-IF04_B56083_sp16-074.fits.gz 
 9713617,362702224,293.233860,46.461441,0.0087,spec-57297-KP194045N483045V03_sp02-224.fits.gz 
 9714063,241006181,293.415647,46.462803,1.5216,spec-56798-KP192314N471144V01_sp06-181.fits.gz 
 9714063,363406181,293.415647,46.462803,1.5216,spec-57298-KP192314N471144V02_sp06-181.fits.gz 
 9716090,241006153,294.232500,46.460472,0.0822,spec-56798-KP192314N471144V01_sp06-153.fits.gz 
 9716090,247711234,294.232500,46.460472,0.0822,spec-56914-KP193637N444141V02_sp11-234.fits.gz 
 9716522, 52211227,294.394292,46.402750,0.0926,spec-56083-IF04_B56083_sp11-227.fits.gz 
 9716866,154801032,294.513500,46.455722,0.0786,spec-56435-KP194045N483045V01_sp01-032.fits.gz 
 9718024,359911063,294.933015,46.461084,1.3546,spec-57287-KP193637N444141V03_sp11-063.fits.gz 
 9718024,362701080,294.933015,46.461084,1.3546,spec-57297-KP194045N483045V03_sp01-080.fits.gz 
 9724882,362707223,297.277800,46.493149,0.0043,spec-57297-KP194045N483045V03_sp07-223.fits.gz 
 9726814,364214153,297.815610,46.421108,0.0123,spec-57299-KP195920N454621V04_sp14-153.fits.gz 
 9727392,364214085,297.965689,46.499025,0.6826,spec-57299-KP195920N454621V04_sp14-085.fits.gz 
 9753097,242704199,282.273542,46.527972,0.0505,spec-56807-KP185111N464417V03_sp04-199.fits.gz 
 9753178,242704200,282.319556,46.541939,2.4565,spec-56807-KP185111N464417V03_sp04-200.fits.gz 
 9755001,365804120,283.500030,46.534359,0.0075,spec-57302-KP185111N464417V04_sp04-120.fits.gz 
 9757679,365808087,284.988209,46.507546,1.5520,spec-57302-KP185111N464417V04_sp08-087.fits.gz 
 9760904,351001015,286.973172,46.583594,1.8076,spec-57173-KP190651N485531V03_sp01-015.fits.gz 
 9761597,249201176,287.391083,46.581861,0.1348,spec-56919-KP190651N485531V01_sp01-176.fits.gz 
 9763796,241010203,288.675208,46.554000,0.0000+0.0043i,spec-56798-KP192314N471144V01_sp10-203.fits.gz 
 9764708,363503245,289.203708,46.568549,2.7876,spec-57298-KP192314N471144V03_sp03-245.fits.gz 
 9764952,363403040,289.347750,46.578739,0.0310,spec-57298-KP192314N471144V02_sp03-040.fits.gz 
 9764952,581103040,289.347750,46.578739,0.0310,spec-57919-KP192314N471144V04_sp03-040.fits.gz 
 9766517,363503008,290.099210,46.598839,0.0268,spec-57298-KP192314N471144V03_sp03-008.fits.gz 
 9766517,581203008,290.099210,46.598839,0.0268,spec-57919-KP192314N471144V05_sp03-008.fits.gz 
 9766906,363405055,290.264400,46.544868,0.0053,spec-57298-KP192314N471144V02_sp05-055.fits.gz 
 9766906,581105055,290.264400,46.544868,0.0053,spec-57919-KP192314N471144V04_sp05-055.fits.gz 
 9767815,363405175,290.651460,46.545219,0.0246,spec-57298-KP192314N471144V02_sp05-175.fits.gz 
 9767815,581105165,290.651460,46.545219,0.0246,spec-57919-KP192314N471144V04_sp05-165.fits.gz 
 9770992,363508019,291.997105,46.520218,1.3936,spec-57298-KP192314N471144V03_sp08-019.fits.gz 
 9772366, 52216053,292.597333,46.586000,0.0301,spec-56083-IF04_B56083_sp16-053.fits.gz 
 9773266,360116129,292.983983,46.550069,0.1363,spec-57287-KP193637N444141V05_sp16-129.fits.gz 
 9773922,362702223,293.261840,46.594521,0.0075,spec-57297-KP194045N483045V03_sp02-223.fits.gz 
 9773922,581206192,293.261840,46.594521,0.0075,spec-57919-KP192314N471144V05_sp06-192.fits.gz 
 9775302,360111011,293.816220,46.565231,0.0288,spec-57287-KP193637N444141V05_sp11-011.fits.gz 
 9775302,581206171,293.816220,46.565231,0.0288,spec-57919-KP192314N471144V05_sp06-171.fits.gz 
 9775516,362802019,293.908750,46.551788,0.0208,spec-57297-KP194045N483045V04_sp02-019.fits.gz 
 9775566,241006151,293.933542,46.532778,0.0439,spec-56798-KP192314N471144V01_sp06-151.fits.gz 
 9775927, 52211194,294.062417,46.519222,0.0403,spec-56083-IF04_B56083_sp11-194.fits.gz 
 9775927,154802005,294.062417,46.519222,0.0403,spec-56435-KP194045N483045V01_sp02-005.fits.gz 
 9775927,157202005,294.062417,46.519222,0.0403,spec-56550-KP194045N483045V02_sp02-005.fits.gz 
 9776739,154801028,294.342000,46.547389,0.0784,spec-56435-KP194045N483045V01_sp01-028.fits.gz 
 9777293,362701067,294.547880,46.593430,0.0290,spec-57297-KP194045N483045V03_sp01-067.fits.gz 
 9777536,154801038,294.631708,46.509139,0.0776,spec-56435-KP194045N483045V01_sp01-038.fits.gz 
 9777885,362701066,294.757350,46.591808,0.0328,spec-57297-KP194045N483045V03_sp01-066.fits.gz 
 9778638, 52211056,295.052042,46.540472,0.0366,spec-56083-IF04_B56083_sp11-056.fits.gz 
 9778887,360111071,295.149475,46.597933,0.9636,spec-57287-KP193637N444141V05_sp11-071.fits.gz 
 9779708,360012051,295.448817,46.527347,0.4691,spec-57287-KP193637N444141V04_sp12-051.fits.gz 
 9780154,247712053,295.604917,46.500639,0.0451,spec-56914-KP193637N444141V02_sp12-053.fits.gz 
 9780183,359912070,295.614769,46.548031,0.3870,spec-57287-KP193637N444141V03_sp12-070.fits.gz 
 9782746,360012183,296.520570,46.535969,0.0288,spec-57287-KP193637N444141V04_sp12-183.fits.gz 
 9783226,157207242,296.689625,46.583889,0.0502,spec-56550-KP194045N483045V02_sp07-242.fits.gz 
 9784586,362807207,297.091550,46.598160,0.0208,spec-57297-KP194045N483045V04_sp07-207.fits.gz 
 9784946,362807203,297.192440,46.558479,0.0273,spec-57297-KP194045N483045V04_sp07-203.fits.gz 
 9788756,165915061,298.276375,46.532750,0.0310,spec-56583-KP195920N454621V03_sp15-061.fits.gz 
 9788756,170515061,298.276375,46.532750,0.0310,spec-56591-KP195920N454621V3_sp15-061.fits.gz 
 9811950,365803177,281.258998,46.622101,1.7783,spec-57302-KP185111N464417V04_sp03-177.fits.gz 
 9814943,365804101,283.332120,46.607510,0.0230,spec-57302-KP185111N464417V04_sp04-101.fits.gz 
 9815488,365804247,283.613058,46.632144,0.1297,spec-57302-KP185111N464417V04_sp04-247.fits.gz 
 9818513,242706026,285.328867,46.636839,0.6669,spec-56807-KP185111N464417V03_sp06-026.fits.gz 
 9818513,249202109,285.328867,46.636839,0.6669,spec-56919-KP190651N485531V01_sp02-109.fits.gz 
 9818564,238006026,285.365721,46.655994,0.6472,spec-56780-KP185111N464417V01_sp06-026.fits.gz 
 9818604,350902115,285.391200,46.662048,0.0075,spec-57173-KP190651N485531V02_sp02-115.fits.gz 
 9818604,365806042,285.391200,46.662048,0.0075,spec-57302-KP185111N464417V04_sp06-042.fits.gz 
 9820702,249201224,286.613750,46.699250,2.2419,spec-56919-KP190651N485531V01_sp01-224.fits.gz 
 9821622,351001025,287.150670,46.689220,0.0031,spec-57173-KP190651N485531V03_sp01-025.fits.gz 
 9824516,241010224,288.823375,46.614639,0.0689,spec-56798-KP192314N471144V01_sp10-224.fits.gz 
 9825327,363403034,289.279940,46.664791,0.0097,spec-57298-KP192314N471144V02_sp03-034.fits.gz 
 9825327,581103034,289.279940,46.664791,0.0097,spec-57919-KP192314N471144V04_sp03-034.fits.gz 
 9826306,363403013,289.799870,46.685410,0.0053,spec-57298-KP192314N471144V02_sp03-013.fits.gz 
 9832790,359916053,292.576080,46.626862,0.0031,spec-57287-KP193637N444141V03_sp16-053.fits.gz 
 9832790,581108145,292.576080,46.626862,0.0031,spec-57919-KP192314N471144V04_sp08-145.fits.gz 
 9833073,362802088,292.719390,46.651539,0.0248,spec-57297-KP194045N483045V04_sp02-088.fits.gz 
 9833091,359916065,292.725160,46.604691,0.0257,spec-57287-KP193637N444141V03_sp16-065.fits.gz 
 9833651,581306085,292.978880,46.665871,0.0061,spec-57919-KP192314N471144V06_sp06-085.fits.gz 
 9834365,362702225,293.278170,46.646320,0.0290,spec-57297-KP194045N483045V03_sp02-225.fits.gz 
 9834365,363406078,293.278170,46.646320,0.0290,spec-57298-KP192314N471144V02_sp06-078.fits.gz 
 9834365,581106078,293.278170,46.646320,0.0290,spec-57919-KP192314N471144V04_sp06-078.fits.gz 
 9835626,154802018,293.774292,46.652000,0.0400,spec-56435-KP194045N483045V01_sp02-018.fits.gz 
 9835626,157202018,293.774292,46.652000,0.0400,spec-56550-KP194045N483045V02_sp02-018.fits.gz 
 9836930, 52211184,294.265625,46.635972,0.0690,spec-56083-IF04_B56083_sp11-184.fits.gz 
 9837673,360111181,294.531280,46.645180,0.0087,spec-57287-KP193637N444141V05_sp11-181.fits.gz 
 9838510, 52211113,294.849583,46.685667,0.0470,spec-56083-IF04_B56083_sp11-113.fits.gz 
 9838978,154801173,295.035083,46.695500,0.0580,spec-56435-KP194045N483045V01_sp01-173.fits.gz 
 9839246,362701087,295.133360,46.608040,0.0271,spec-57297-KP194045N483045V03_sp01-087.fits.gz 
 9839918, 52212052,295.377788,46.658619,0.4594,spec-56083-IF04_B56083_sp12-052.fits.gz 
 9843358,362707010,296.593020,46.613441,0.0087,spec-57297-KP194045N483045V03_sp07-010.fits.gz 
 9843486,362807010,296.638890,46.630192,0.0271,spec-57297-KP194045N483045V04_sp07-010.fits.gz 
 9846877,362707099,297.644500,46.674759,0.0217,spec-57297-KP194045N483045V03_sp07-099.fits.gz 
 9847893,364214098,297.908260,46.672192,0.0292,spec-57299-KP195920N454621V04_sp14-098.fits.gz 
 9873127,365804174,282.130490,46.761639,0.0053,spec-57302-KP185111N464417V04_sp04-174.fits.gz 
 9877891,350902113,285.106140,46.726109,0.0087,spec-57173-KP190651N485531V02_sp02-113.fits.gz 
 9877891,365813084,285.106140,46.726109,0.0087,spec-57302-KP185111N464417V04_sp13-084.fits.gz 
 9881167,351101021,287.067246,46.761606,0.2141,spec-57173-KP190651N485531V04_sp01-021.fits.gz 
 9881628,363410104,287.349030,46.726849,0.0043,spec-57298-KP192314N471144V02_sp10-104.fits.gz 
 9881628,581110104,287.349030,46.726849,0.0043,spec-57919-KP192314N471144V04_sp10-104.fits.gz 
 9882446,351107159,287.818620,46.712853,1.6613,spec-57173-KP190651N485531V04_sp07-159.fits.gz 
 9882550,241010121,287.879083,46.749472,0.1143,spec-56798-KP192314N471144V01_sp10-121.fits.gz 
 9882766,581210025,287.981108,46.764804,0.0230,spec-57919-KP192314N471144V05_sp10-025.fits.gz 
 9883123,363410067,288.199860,46.723759,0.0087,spec-57298-KP192314N471144V02_sp10-067.fits.gz 
 9883123,581110067,288.199860,46.723759,0.0087,spec-57919-KP192314N471144V04_sp10-067.fits.gz 
 9883214,350907231,288.249621,46.705314,0.4720,spec-57173-KP190651N485531V02_sp07-231.fits.gz 
 9886274,363503018,289.881440,46.706409,0.0257,spec-57298-KP192314N471144V03_sp03-018.fits.gz 
 9887199,363504132,290.294040,46.708160,0.0061,spec-57298-KP192314N471144V03_sp04-132.fits.gz 
 9887488,581304144,290.421660,46.731339,0.0250,spec-57919-KP192314N471144V06_sp04-144.fits.gz 
 9887555,363504144,290.449220,46.769772,0.0246,spec-57298-KP192314N471144V03_sp04-144.fits.gz 
 9893437,154802080,292.918208,46.740389,0.0439,spec-56435-KP194045N483045V01_sp02-080.fits.gz 
 9893437,157202080,292.918208,46.740389,0.0439,spec-56550-KP194045N483045V02_sp02-080.fits.gz 
 9893889, 52216150,293.113375,46.789139,0.0616,spec-56083-IF04_B56083_sp16-150.fits.gz 
 9893889,154802133,293.113375,46.789139,0.0616,spec-56435-KP194045N483045V01_sp02-133.fits.gz 
 9893889,157202133,293.113375,46.789139,0.0616,spec-56550-KP194045N483045V02_sp02-133.fits.gz 
 9896187,362702059,294.045870,46.714588,0.0290,spec-57297-KP194045N483045V03_sp02-059.fits.gz 
 9897634, 52211115,294.550667,46.719417,0.0470,spec-56083-IF04_B56083_sp11-115.fits.gz 
 9898373,362801171,294.833500,46.771332,0.0213,spec-57297-KP194045N483045V04_sp01-171.fits.gz 
 9898393,362701171,294.842160,46.758549,0.0250,spec-57297-KP194045N483045V03_sp01-171.fits.gz 
 9898657,362701156,294.936800,46.721161,0.0310,spec-57297-KP194045N483045V03_sp01-156.fits.gz 
 9898999,247711109,295.078125,46.753167,0.0639,spec-56914-KP193637N444141V02_sp11-109.fits.gz 
 9902962,154807001,296.451292,46.757556,0.0743,spec-56435-KP194045N483045V01_sp07-001.fits.gz 
 9903915,170514014,296.771167,46.728889,0.0496,spec-56591-KP195920N454621V3_sp14-014.fits.gz 
 9905403,362707066,297.212680,46.764252,0.0081,spec-57297-KP194045N483045V03_sp07-066.fits.gz 
 9907009,362707076,297.674990,46.753700,0.0248,spec-57297-KP194045N483045V03_sp07-076.fits.gz 
 9932339,365803072,281.118560,46.857391,0.0087,spec-57302-KP185111N464417V04_sp03-072.fits.gz 
 9932866,365803161,281.538450,46.851318,0.0061,spec-57302-KP185111N464417V04_sp03-161.fits.gz 
 9933754,238004173,282.217708,46.802083,0.0526,spec-56780-KP185111N464417V01_sp04-173.fits.gz 
 9933754,242704173,282.217708,46.802083,0.0526,spec-56807-KP185111N464417V03_sp04-173.fits.gz 
 9936015,242704235,283.690542,46.856028,0.0560,spec-56807-KP185111N464417V03_sp04-235.fits.gz 
 9936456,365809002,283.922730,46.807831,0.0000,spec-57302-KP185111N464417V04_sp09-002.fits.gz 
 9936571,242709002,283.988792,46.829694,0.0458,spec-56807-KP185111N464417V03_sp09-002.fits.gz 
 9940675,351001046,286.322390,46.889851,0.0271,spec-57173-KP190651N485531V03_sp01-046.fits.gz 
 9941141,350901092,286.635983,46.845956,0.0529,spec-57173-KP190651N485531V02_sp01-092.fits.gz 
 9941242,249201084,286.709000,46.830083,0.1136,spec-56919-KP190651N485531V01_sp01-084.fits.gz 
 9941713,350901100,287.008983,46.831686,0.0836,spec-57173-KP190651N485531V02_sp01-100.fits.gz 
 9942071,581310110,287.212890,46.843719,0.0244,spec-57919-KP192314N471144V06_sp10-110.fits.gz 
 9942816,363410102,287.656040,46.861149,0.0268,spec-57298-KP192314N471144V02_sp10-102.fits.gz 
 9942816,581110102,287.656040,46.861149,0.0268,spec-57919-KP192314N471144V04_sp10-102.fits.gz 
 9945290,363403233,289.100710,46.852329,0.0271,spec-57298-KP192314N471144V02_sp03-233.fits.gz 
 9946074,363403031,289.526640,46.839581,0.0043,spec-57298-KP192314N471144V02_sp03-031.fits.gz 
 9946074,581103031,289.526640,46.839581,0.0043,spec-57919-KP192314N471144V04_sp03-031.fits.gz 
 9946773,363403017,289.889860,46.807178,0.0115,spec-57298-KP192314N471144V02_sp03-017.fits.gz 
 9950644,363404114,291.518040,46.895279,0.0273,spec-57298-KP192314N471144V02_sp04-114.fits.gz 
 9950644,581104114,291.518040,46.895279,0.0273,spec-57919-KP192314N471144V04_sp04-114.fits.gz 
 9954248,247716244,293.082375,46.874222,0.0137,spec-56914-KP193637N444141V02_sp16-244.fits.gz 
 9956345,247711196,293.979125,46.871806,0.0238,spec-56914-KP193637N444141V02_sp11-196.fits.gz 
 9956422,362702074,294.006810,46.809689,0.0246,spec-57297-KP194045N483045V03_sp02-074.fits.gz 
 9956422,581206145,294.006810,46.809689,0.0246,spec-57919-KP192314N471144V05_sp06-145.fits.gz 
 9957219, 52211207,294.299625,46.875778,0.0567,spec-56083-IF04_B56083_sp11-207.fits.gz 
 9957288,359911217,294.327176,46.898209,3.3858,spec-57287-KP193637N444141V03_sp11-217.fits.gz 
 9957288,363406071,294.327176,46.898209,3.3858,spec-57298-KP192314N471144V02_sp06-071.fits.gz 
 9958522,362701162,294.815980,46.819328,0.0244,spec-57297-KP194045N483045V03_sp01-162.fits.gz 
 9958567, 52211106,294.836796,46.881747,0.4222,spec-56083-IF04_B56083_sp11-106.fits.gz 
 9960005, 52212237,295.391500,46.818250,0.0401,spec-56083-IF04_B56083_sp12-237.fits.gz 
 9962729,362707024,296.374390,46.849739,0.0268,spec-57297-KP194045N483045V03_sp07-024.fits.gz 
 9962849,362707106,296.414120,46.884102,0.0199,spec-57297-KP194045N483045V03_sp07-106.fits.gz 
 9963898,362807119,296.781310,46.883461,0.0264,spec-57297-KP194045N483045V04_sp07-119.fits.gz 
 9966796,157207095,297.638625,46.863056,0.0464,spec-56550-KP194045N483045V02_sp07-095.fits.gz 
 9967351,154807098,297.811292,46.816639,0.0915,spec-56435-KP194045N483045V01_sp07-098.fits.gz 
 9967700,362707085,297.915978,46.870701,1.9858,spec-57297-KP194045N483045V03_sp07-085.fits.gz 
 9970396,158915096,298.709792,46.833028,0.0217,spec-56561-KP195920N454621V02_sp15-096.fits.gz 
 9970467,364215096,298.726400,46.869279,1.3541,spec-57299-KP195920N454621V04_sp15-096.fits.gz 
 9970830,170515084,298.825237,46.801384,2.5422,spec-56591-KP195920N454621V3_sp15-084.fits.gz 
 9992544,365803160,281.845830,46.913589,0.0000,spec-57302-KP185111N464417V04_sp03-160.fits.gz 
 9994630,242604058,283.107375,46.926722,0.0567,spec-56807-KP185111N464417V02_sp04-058.fits.gz 
 9994798,238004072,283.219403,46.964556,1.2347,spec-56780-KP185111N464417V01_sp04-072.fits.gz 
 9995162,242604052,283.430807,46.961278,1.4709,spec-56807-KP185111N464417V02_sp04-052.fits.gz 
 9995162,242704067,283.430807,46.961278,1.4709,spec-56807-KP185111N464417V03_sp04-067.fits.gz 
 9996595,365809227,284.262958,46.914078,0.3531,spec-57302-KP185111N464417V04_sp09-227.fits.gz 
10000207,350901045,286.374420,46.910332,0.0053,spec-57173-KP190651N485531V02_sp01-045.fits.gz 
10000207,365813056,286.374420,46.910332,0.0053,spec-57302-KP185111N464417V04_sp13-056.fits.gz 
10002647,351007170,287.787720,46.915989,0.0000,spec-57173-KP190651N485531V03_sp07-170.fits.gz 
10002647,363410006,287.787720,46.915989,0.0000,spec-57298-KP192314N471144V02_sp10-006.fits.gz 
10002647,581110006,287.787720,46.915989,0.0000,spec-57919-KP192314N471144V04_sp10-006.fits.gz 
10003419,351007246,288.195590,46.981609,0.0257,spec-57173-KP190651N485531V03_sp07-246.fits.gz 
10003419,363410237,288.195590,46.981609,0.0257,spec-57298-KP192314N471144V02_sp10-237.fits.gz 
10005422,241003045,289.198708,46.946667,0.0714,spec-56798-KP192314N471144V01_sp03-045.fits.gz 
10005966,363403196,289.435098,46.990206,1.3574,spec-57298-KP192314N471144V02_sp03-196.fits.gz 
10006852,581203184,289.838237,46.991774,4.0890,spec-57919-KP192314N471144V05_sp03-184.fits.gz 
10007492,363404177,290.086610,46.945202,0.0257,spec-57298-KP192314N471144V02_sp04-177.fits.gz 
10007492,581104177,290.086610,46.945202,0.0257,spec-57919-KP192314N471144V04_sp04-177.fits.gz 
10010358,363404122,291.247855,46.917789,1.5382,spec-57298-KP192314N471144V02_sp04-122.fits.gz 
10010483,363504116,291.298133,46.973306,0.2822,spec-57298-KP192314N471144V03_sp04-116.fits.gz 
10010946,241004105,291.483116,46.954953,0.3028,spec-56798-KP192314N471144V01_sp04-105.fits.gz 
10011329,363404243,291.651670,46.967312,0.0228,spec-57298-KP192314N471144V02_sp04-243.fits.gz 
10014635,363506039,293.097110,46.990231,0.0246,spec-57298-KP192314N471144V03_sp06-039.fits.gz 
10014635,581306039,293.097110,46.990231,0.0246,spec-57919-KP192314N471144V06_sp06-039.fits.gz 
10014914,363406050,293.213410,46.902519,0.0246,spec-57298-KP192314N471144V02_sp06-050.fits.gz 
10014959,362702130,293.235020,46.908020,0.0224,spec-57297-KP194045N483045V03_sp02-130.fits.gz 
10014959,363406035,293.235020,46.908020,0.0224,spec-57298-KP192314N471144V02_sp06-035.fits.gz 
10014959,581106035,293.235020,46.908020,0.0224,spec-57919-KP192314N471144V04_sp06-035.fits.gz 
10015516,360111169,293.473150,46.970336,1.1800,spec-57287-KP193637N444141V05_sp11-169.fits.gz 
10015516,363506033,293.473150,46.970336,1.1800,spec-57298-KP192314N471144V03_sp06-033.fits.gz 
10016093,247711129,293.708417,46.904389,0.0903,spec-56914-KP193637N444141V02_sp11-129.fits.gz 
10018239,362702056,294.481870,46.986870,0.0226,spec-57297-KP194045N483045V03_sp02-056.fits.gz 
10018442,154801071,294.557875,46.961306,0.0208,spec-56435-KP194045N483045V01_sp01-071.fits.gz 
10018923,359911116,294.740050,46.924900,0.0000,spec-57287-KP193637N444141V03_sp11-116.fits.gz 
10018973,362701073,294.755830,46.983421,0.0230,spec-57297-KP194045N483045V03_sp01-073.fits.gz 
10023439,154807105,296.358208,46.943389,0.0653,spec-56435-KP194045N483045V01_sp07-105.fits.gz 
10024405,362807122,296.666867,46.936134,3.3809,spec-57297-KP194045N483045V04_sp07-122.fits.gz 
10025321,157207059,296.940083,46.936000,0.0727,spec-56550-KP194045N483045V02_sp07-059.fits.gz 
10025387,154807059,296.956083,46.902111,0.0408,spec-56435-KP194045N483045V01_sp07-059.fits.gz 
10028634,157207133,297.867167,46.987500,0.0578,spec-56550-KP194045N483045V02_sp07-133.fits.gz 
10033081,364215209,299.189488,46.996467,3.4447,spec-57299-KP195920N454621V04_sp15-209.fits.gz 
10034623,158915021,299.678417,46.971278,0.1200,spec-56561-KP195920N454621V02_sp15-021.fits.gz 
10053224,365803106,280.780910,47.037128,0.0102,spec-57302-KP185111N464417V04_sp03-106.fits.gz 
10055196,365804025,282.096596,47.027151,1.1911,spec-57302-KP185111N464417V04_sp04-025.fits.gz 
10055674,242604010,282.356790,47.061278,2.1631,spec-56807-KP185111N464417V02_sp04-010.fits.gz 
10055700,238004018,282.372292,47.013167,0.1141,spec-56780-KP185111N464417V01_sp04-018.fits.gz 
10057095,242604053,283.192375,47.024306,0.0357,spec-56807-KP185111N464417V02_sp04-053.fits.gz 
10062594,242613029,286.054483,47.075181,0.1120,spec-56807-KP185111N464417V02_sp13-029.fits.gz 
10063188,351001159,286.377260,47.049541,0.0257,spec-57173-KP190651N485531V03_sp01-159.fits.gz 
10066568,351007229,288.131620,47.047791,0.0081,spec-57173-KP190651N485531V03_sp07-229.fits.gz 
10066568,363410014,288.131620,47.047791,0.0081,spec-57298-KP192314N471144V02_sp10-014.fits.gz 
10066568,581110014,288.131620,47.047791,0.0081,spec-57919-KP192314N471144V04_sp10-014.fits.gz 
10067407,351007221,288.551270,47.090031,0.0031,spec-57173-KP190651N485531V03_sp07-221.fits.gz 
10067407,581210238,288.551270,47.090031,0.0031,spec-57919-KP192314N471144V05_sp10-238.fits.gz 
10068490,351107216,289.052950,47.040981,0.0000,spec-57173-KP190651N485531V04_sp07-216.fits.gz 
10068490,363503093,289.052950,47.040981,0.0000,spec-57298-KP192314N471144V03_sp03-093.fits.gz 
10068490,581303093,289.052950,47.040981,0.0000,spec-57919-KP192314N471144V06_sp03-093.fits.gz 
10068556,350907216,289.081790,47.065182,0.0075,spec-57173-KP190651N485531V02_sp07-216.fits.gz 
10068556,363403093,289.081790,47.065182,0.0075,spec-57298-KP192314N471144V02_sp03-093.fits.gz 
10068556,581203093,289.081790,47.065182,0.0075,spec-57919-KP192314N471144V05_sp03-093.fits.gz 
10068810,351107099,289.214080,47.087090,0.0187,spec-57173-KP190651N485531V04_sp07-099.fits.gz 
10068810,363503177,289.214080,47.087090,0.0187,spec-57298-KP192314N471144V03_sp03-177.fits.gz 
10068810,581303177,289.214080,47.087090,0.0187,spec-57919-KP192314N471144V06_sp03-177.fits.gz 
10069045,363503181,289.322970,47.033390,0.0230,spec-57298-KP192314N471144V03_sp03-181.fits.gz 
10069045,581103188,289.322970,47.033390,0.0230,spec-57919-KP192314N471144V04_sp03-188.fits.gz 
10069277,363403183,289.445217,47.092103,0.1649,spec-57298-KP192314N471144V02_sp03-183.fits.gz 
10069570,581303197,289.579396,47.062931,4.1275,spec-57919-KP192314N471144V06_sp03-197.fits.gz 
10070717,363504152,290.056640,47.059750,0.0061,spec-57298-KP192314N471144V03_sp04-152.fits.gz 
10071249,363404181,290.274870,47.064041,0.0087,spec-57298-KP192314N471144V02_sp04-181.fits.gz 
10080974,363406065,294.121830,47.025391,0.0081,spec-57298-KP192314N471144V02_sp06-065.fits.gz 
10082581,247711219,294.712000,47.049333,0.0224,spec-56914-KP193637N444141V02_sp11-219.fits.gz 
10082602,247711224,294.718458,47.076639,0.0303,spec-56914-KP193637N444141V02_sp11-224.fits.gz 
10082680,154805094,294.743708,47.019111,0.0442,spec-56435-KP194045N483045V01_sp05-094.fits.gz 
10083480,359911029,295.027280,47.096710,0.0053,spec-57287-KP193637N444141V03_sp11-029.fits.gz 
10083815,362701154,295.148860,47.008530,0.0268,spec-57297-KP194045N483045V03_sp01-154.fits.gz 
10087394,157207112,296.353417,47.041389,0.1337,spec-56550-KP194045N483045V02_sp07-112.fits.gz 
10087522,154807112,296.393417,47.030333,0.1520,spec-56435-KP194045N483045V01_sp07-112.fits.gz 
10090400,362707074,297.265530,47.004971,0.0061,spec-57297-KP194045N483045V03_sp07-074.fits.gz 
10090853,364216077,297.394410,47.055462,2.8964,spec-57299-KP195920N454621V04_sp16-077.fits.gz 
10091729,362807186,297.645230,47.060951,0.0043,spec-57297-KP194045N483045V04_sp07-186.fits.gz 
10092485,362707132,297.839080,47.003609,0.0238,spec-57297-KP194045N483045V03_sp07-132.fits.gz 
10095409,158915159,298.688583,47.016361,0.0450,spec-56561-KP195920N454621V02_sp15-159.fits.gz 
10095427,158915173,298.694000,47.088917,0.1025,spec-56561-KP195920N454621V02_sp15-173.fits.gz 
10098590,364215224,299.603906,47.036319,2.4334,spec-57299-KP195920N454621V04_sp15-224.fits.gz 
10118422,238003113,280.774792,47.144194,0.0563,spec-56780-KP185111N464417V01_sp03-113.fits.gz 
10118658,365803115,280.939610,47.185711,0.0264,spec-57302-KP185111N464417V04_sp03-115.fits.gz 
10118929,238003104,281.122025,47.136804,3.5514,spec-56780-KP185111N464417V01_sp03-104.fits.gz 
10122158,238004203,283.119417,47.137944,0.0829,spec-56780-KP185111N464417V01_sp04-203.fits.gz 
10123573,238009201,283.899208,47.186139,0.0000,spec-56780-KP185111N464417V01_sp09-201.fits.gz 
10123707,242709207,283.980292,47.176444,0.0364,spec-56807-KP185111N464417V03_sp09-207.fits.gz 
10124436,351002097,284.327240,47.133018,0.0250,spec-57173-KP190651N485531V03_sp02-097.fits.gz 
10128629,351101164,286.407408,47.142700,0.5823,spec-57173-KP190651N485531V04_sp01-164.fits.gz 
10132247,350907020,288.208190,47.194981,0.0246,spec-57173-KP190651N485531V02_sp07-020.fits.gz 
10134740,351007076,289.325122,47.173038,2.1376,spec-57173-KP190651N485531V03_sp07-076.fits.gz 
10136291,363404162,289.958190,47.158772,0.0261,spec-57298-KP192314N471144V02_sp04-162.fits.gz 
10141036,363404228,291.812350,47.170380,0.0204,spec-57298-KP192314N471144V02_sp04-228.fits.gz 
10141036,581104228,291.812350,47.170380,0.0204,spec-57919-KP192314N471144V04_sp04-228.fits.gz 
10145279,154802247,293.439292,47.114472,0.0913,spec-56435-KP194045N483045V01_sp02-247.fits.gz 
10145279,247611160,293.439292,47.114472,0.0913,spec-56914-KP193637N444141V01_sp11-160.fits.gz 
10145736,363413089,293.608580,47.196911,0.0287,spec-57298-KP192314N471144V02_sp13-089.fits.gz 
10145736,581113089,293.608580,47.196911,0.0287,spec-57919-KP192314N471144V04_sp13-089.fits.gz 
10146348,362702227,293.844094,47.177261,3.2187,spec-57297-KP194045N483045V03_sp02-227.fits.gz 
10146348,363413068,293.844094,47.177261,3.2187,spec-57298-KP192314N471144V02_sp13-068.fits.gz 
10147072,360011130,294.101440,47.136162,0.0268,spec-57287-KP193637N444141V04_sp11-130.fits.gz 
10147072,581313058,294.101440,47.136162,0.0268,spec-57919-KP192314N471144V06_sp13-058.fits.gz 
10147918,360011209,294.390929,47.101708,0.1835,spec-57287-KP193637N444141V04_sp11-209.fits.gz 
10148026,362705092,294.428620,47.192059,0.0296,spec-57297-KP194045N483045V03_sp05-092.fits.gz 
10148026,581113067,294.428620,47.192059,0.0296,spec-57919-KP192314N471144V04_sp13-067.fits.gz 
10148118,154805092,294.462917,47.156861,0.0097,spec-56435-KP194045N483045V01_sp05-092.fits.gz 
10152909,362708207,296.061520,47.186691,0.0298,spec-57297-KP194045N483045V03_sp08-207.fits.gz 
10153739,154808215,296.305500,47.111000,0.0818,spec-56435-KP194045N483045V01_sp08-215.fits.gz 
10155731,364216005,296.892940,47.128738,0.0061,spec-57299-KP195920N454621V04_sp16-005.fits.gz 
10157507,362707197,297.409040,47.117500,1.6386,spec-57297-KP194045N483045V03_sp07-197.fits.gz 
10157507,364316097,297.409040,47.117500,1.6386,spec-57299-KP195920N454621V05_sp16-097.fits.gz 
10158548,165916090,297.678137,47.190272,1.9711,spec-56583-KP195920N454621V03_sp16-090.fits.gz 
10158548,170516090,297.678137,47.190272,1.9711,spec-56591-KP195920N454621V3_sp16-090.fits.gz 
10159900,364216156,298.050750,47.155689,0.0000,spec-57299-KP195920N454621V04_sp16-156.fits.gz 
10160940,158816162,298.323208,47.149750,0.0400,spec-56561-KP195920N454621V01_sp16-162.fits.gz 
10161092,158916162,298.372125,47.181444,0.0462,spec-56561-KP195920N454621V02_sp16-162.fits.gz 
10161943,364215171,298.593350,47.121269,0.0204,spec-57299-KP195920N454621V04_sp15-171.fits.gz 
10163776,364215153,299.097050,47.142738,0.0031,spec-57299-KP195920N454621V04_sp15-153.fits.gz 
10165084,364215220,299.479250,47.100071,0.0211,spec-57299-KP195920N454621V04_sp15-220.fits.gz 
10165693,158815208,299.665375,47.119917,0.0460,spec-56561-KP195920N454621V01_sp15-208.fits.gz 
10186053,238003118,280.831837,47.219500,0.8960,spec-56780-KP185111N464417V01_sp03-118.fits.gz 
10186053,242703118,280.831837,47.219500,0.8960,spec-56807-KP185111N464417V03_sp03-118.fits.gz 
10186075,238003103,280.842663,47.289917,2.1781,spec-56780-KP185111N464417V01_sp03-103.fits.gz 
10186608,365803122,281.204960,47.295410,0.0246,spec-57302-KP185111N464417V04_sp03-122.fits.gz 
10188964,242604050,282.682000,47.226500,0.1287,spec-56807-KP185111N464417V02_sp04-050.fits.gz 
10189920,365804208,283.245120,47.249069,0.0043,spec-57302-KP185111N464417V04_sp04-208.fits.gz 
10190733,365809216,283.693210,47.239380,0.0264,spec-57302-KP185111N464417V04_sp09-216.fits.gz 
10190841,242709203,283.753910,47.271815,2.6920,spec-56807-KP185111N464417V03_sp09-203.fits.gz 
10198347,351007030,287.618162,47.277303,2.3351,spec-57173-KP190651N485531V03_sp07-030.fits.gz 
10198761,350907011,287.835630,47.248859,0.0236,spec-57173-KP190651N485531V02_sp07-011.fits.gz 
10198761,363414181,287.835630,47.248859,0.0236,spec-57298-KP192314N471144V02_sp14-181.fits.gz 
10200377,351107055,288.679780,47.282520,0.0031,spec-57173-KP190651N485531V04_sp07-055.fits.gz 
10200377,581103070,288.679780,47.282520,0.0031,spec-57919-KP192314N471144V04_sp03-070.fits.gz 
10202184,581303165,289.552722,47.258706,0.0290,spec-57919-KP192314N471144V06_sp03-165.fits.gz 
10206851,581204231,291.448720,47.256225,0.1061,spec-57919-KP192314N471144V05_sp04-231.fits.gz 
10207059,581204250,291.539550,47.225572,0.2958,spec-57919-KP192314N471144V05_sp04-250.fits.gz 
10207078,363404232,291.545780,47.205898,0.0075,spec-57298-KP192314N471144V02_sp04-232.fits.gz 
10207078,581104232,291.545780,47.205898,0.0075,spec-57919-KP192314N471144V04_sp04-232.fits.gz 
10207321,363404235,291.640720,47.287998,0.0075,spec-57298-KP192314N471144V02_sp04-235.fits.gz 
10207321,581104235,291.640720,47.287998,0.0075,spec-57919-KP192314N471144V04_sp04-235.fits.gz 
10207623,363409014,291.783080,47.243179,0.0292,spec-57298-KP192314N471144V02_sp09-014.fits.gz 
10208330,241009020,292.064092,47.245670,1.0841,spec-56798-KP192314N471144V01_sp09-020.fits.gz 
10208330,362702173,292.064092,47.245670,1.0841,spec-57297-KP194045N483045V03_sp02-173.fits.gz 
10208330,362802173,292.064092,47.245670,1.0841,spec-57297-KP194045N483045V04_sp02-173.fits.gz 
10212620,363413079,293.788330,47.257671,0.0230,spec-57298-KP192314N471144V02_sp13-079.fits.gz 
10212620,581113079,293.788330,47.257671,0.0230,spec-57919-KP192314N471144V04_sp13-079.fits.gz 
10213594,154805209,294.134750,47.256361,0.0202,spec-56435-KP194045N483045V01_sp05-209.fits.gz 
10213931,362705217,294.251530,47.229698,0.0199,spec-57297-KP194045N483045V03_sp05-217.fits.gz 
10213931,581313069,294.251530,47.229698,0.0199,spec-57919-KP192314N471144V06_sp13-069.fits.gz 
10219338,157208217,296.097917,47.241000,0.1197,spec-56550-KP194045N483045V02_sp08-217.fits.gz 
10220213,154808122,296.388917,47.251611,0.1465,spec-56435-KP194045N483045V01_sp08-122.fits.gz 
10223027,158916204,297.222708,47.268139,0.0000,spec-56561-KP195920N454621V02_sp16-204.fits.gz 
10224100,364216213,297.528840,47.203602,0.0255,spec-57299-KP195920N454621V04_sp16-213.fits.gz 
10226276,158916170,298.116167,47.287528,0.0492,spec-56561-KP195920N454621V02_sp16-170.fits.gz 
10228836,364216111,298.797760,47.276211,0.0242,spec-57299-KP195920N454621V04_sp16-111.fits.gz 
10252281,365814153,280.712680,47.310291,0.0236,spec-57302-KP185111N464417V04_sp14-153.fits.gz 
10252692,365815068,280.989837,47.392208,1.0150,spec-57302-KP185111N464417V04_sp15-068.fits.gz 
10252757,242715068,281.030917,47.368083,0.0572,spec-56807-KP185111N464417V03_sp15-068.fits.gz 
10253602,238003224,281.609750,47.307778,0.0441,spec-56780-KP185111N464417V01_sp03-224.fits.gz 
10254023,242715229,281.897858,47.313544,0.0926,spec-56807-KP185111N464417V03_sp15-229.fits.gz 
10254051,238015241,281.921292,47.398861,0.0562,spec-56780-KP185111N464417V01_sp15-241.fits.gz 
10254051,242715241,281.921292,47.398861,0.0562,spec-56807-KP185111N464417V03_sp15-241.fits.gz 
10256237,238004210,283.128038,47.351839,0.7350,spec-56780-KP185111N464417V01_sp04-210.fits.gz 
10256237,242704210,283.128038,47.351839,0.7350,spec-56807-KP185111N464417V03_sp04-210.fits.gz 
10256237,365804210,283.128038,47.351839,0.7350,spec-57302-KP185111N464417V04_sp04-210.fits.gz 
10257278,238009152,283.732917,47.357528,0.0689,spec-56780-KP185111N464417V01_sp09-152.fits.gz 
10257635,365809050,283.947690,47.372910,0.0268,spec-57302-KP185111N464417V04_sp09-050.fits.gz 
10257683,242609050,283.975792,47.372611,0.0703,spec-56807-KP185111N464417V02_sp09-050.fits.gz 
10257750,238009030,284.014208,47.378167,0.0292,spec-56780-KP185111N464417V01_sp09-030.fits.gz 
10259369,351002130,284.855680,47.329632,0.0061,spec-57173-KP190651N485531V03_sp02-130.fits.gz 
10259369,365813226,284.855680,47.329632,0.0061,spec-57302-KP185111N464417V04_sp13-226.fits.gz 
10262542,350901157,286.541230,47.376202,0.0075,spec-57173-KP190651N485531V02_sp01-157.fits.gz 
10262745,350901172,286.655550,47.301079,0.0053,spec-57173-KP190651N485531V02_sp01-172.fits.gz 
10263341,351001140,286.958560,47.339378,0.0261,spec-57173-KP190651N485531V03_sp01-140.fits.gz 
10264167,351007038,287.402400,47.340401,0.0206,spec-57173-KP190651N485531V03_sp07-038.fits.gz 
10264167,581314040,287.402400,47.340401,0.0206,spec-57919-KP192314N471144V06_sp14-040.fits.gz 
10264774,351107028,287.767950,47.316128,0.1008,spec-57173-KP190651N485531V04_sp07-028.fits.gz 
10267242,351007088,288.965580,47.362701,0.0230,spec-57173-KP190651N485531V03_sp07-088.fits.gz 
10267242,363503075,288.965580,47.362701,0.0230,spec-57298-KP192314N471144V03_sp03-075.fits.gz 
10268744,363403154,289.654387,47.324391,2.6569,spec-57298-KP192314N471144V02_sp03-154.fits.gz 
10273236,363504067,291.521090,47.389751,0.0075,spec-57298-KP192314N471144V03_sp04-067.fits.gz 
10281161,362805088,294.583130,47.331341,0.0295,spec-57297-KP194045N483045V04_sp05-088.fits.gz 
10284955,362708184,295.960820,47.379601,0.0224,spec-57297-KP194045N483045V03_sp08-184.fits.gz 
10286011,157208114,296.310208,47.322917,0.0288,spec-56550-KP194045N483045V02_sp08-114.fits.gz 
10286378,154808125,296.421083,47.398333,0.1043,spec-56435-KP194045N483045V01_sp08-125.fits.gz 
10288903,364216208,297.155760,47.372341,0.0081,spec-57299-KP195920N454621V04_sp16-208.fits.gz 
10289299,362707179,297.265560,47.329350,0.0043,spec-57297-KP194045N483045V03_sp07-179.fits.gz 
10290315,165916218,297.555400,47.399928,0.0441,spec-56583-KP195920N454621V03_sp16-218.fits.gz 
10290457,362706214,297.594510,47.326908,0.0123,spec-57297-KP194045N483045V03_sp06-214.fits.gz 
10290535,364216200,297.620640,47.370098,0.0087,spec-57299-KP195920N454621V04_sp16-200.fits.gz 
10291535,362706222,297.890960,47.348480,0.0043,spec-57297-KP194045N483045V03_sp06-222.fits.gz 
10297313,158811095,299.491208,47.372667,0.0698,spec-56561-KP195920N454621V01_sp11-095.fits.gz 
10297952,364311076,299.681370,47.387001,0.0092,spec-57299-KP195920N454621V05_sp11-076.fits.gz 
10319146,238015055,281.391712,47.431553,0.2362,spec-56780-KP185111N464417V01_sp15-055.fits.gz 
10319146,242615055,281.391712,47.431553,0.2362,spec-56807-KP185111N464417V02_sp15-055.fits.gz 
10319325,242615070,281.518821,47.402472,1.4839,spec-56807-KP185111N464417V02_sp15-070.fits.gz 
10324763,350902038,284.680630,47.479252,0.0075,spec-57173-KP190651N485531V02_sp02-038.fits.gz 
10324763,351102038,284.680630,47.479252,0.0075,spec-57173-KP190651N485531V04_sp02-038.fits.gz 
10328277,350901168,286.594730,47.400108,0.0306,spec-57173-KP190651N485531V02_sp01-168.fits.gz 
10328727,351105008,286.869350,47.443958,0.0232,spec-57173-KP190651N485531V04_sp05-008.fits.gz 
10328946,249205024,286.990208,47.441194,0.1045,spec-56919-KP190651N485531V01_sp05-024.fits.gz 
10331610,350907121,288.438780,47.446400,0.0031,spec-57173-KP190651N485531V02_sp07-121.fits.gz 
10331610,363414067,288.438780,47.446400,0.0031,spec-57298-KP192314N471144V02_sp14-067.fits.gz 
10331610,581214067,288.438780,47.446400,0.0031,spec-57919-KP192314N471144V05_sp14-067.fits.gz 
10331686,350907111,288.475950,47.447239,0.0304,spec-57173-KP190651N485531V02_sp07-111.fits.gz 
10331686,363414051,288.475950,47.447239,0.0304,spec-57298-KP192314N471144V02_sp14-051.fits.gz 
10331686,581114051,288.475950,47.447239,0.0304,spec-57919-KP192314N471144V04_sp14-051.fits.gz 
10332186,581203063,288.729190,47.456600,0.0242,spec-57919-KP192314N471144V05_sp03-063.fits.gz 
10333131,350907186,289.188350,47.494781,0.0000,spec-57173-KP190651N485531V02_sp07-186.fits.gz 
10333131,351107186,289.188350,47.494781,0.0000,spec-57173-KP190651N485531V04_sp07-186.fits.gz 
10333131,363403068,289.188350,47.494781,0.0000,spec-57298-KP192314N471144V02_sp03-068.fits.gz 
10339089,363409025,291.668330,47.402401,0.0285,spec-57298-KP192314N471144V02_sp09-025.fits.gz 
10347360,362805027,294.781370,47.472519,0.0224,spec-57297-KP194045N483045V04_sp05-027.fits.gz 
10350934,362808191,296.036220,47.426682,0.0061,spec-57297-KP194045N483045V04_sp08-191.fits.gz 
10351196,157208194,296.117583,47.465167,0.0364,spec-56550-KP194045N483045V02_sp08-194.fits.gz 
10352615,154808113,296.594792,47.449889,0.0598,spec-56435-KP194045N483045V01_sp08-113.fits.gz 
10355672,158916202,297.506067,47.456958,0.4520,spec-56561-KP195920N454621V02_sp16-202.fits.gz 
10357764,158816071,298.091792,47.438194,0.0268,spec-56561-KP195920N454621V01_sp16-071.fits.gz 
10359999,158916058,298.699833,47.413139,0.0092,spec-56561-KP195920N454621V02_sp16-058.fits.gz 
10361895,364311082,299.222500,47.475498,0.0304,spec-57299-KP195920N454621V05_sp11-082.fits.gz 
10362043,364311092,299.267126,47.401676,1.9175,spec-57299-KP195920N454621V05_sp11-092.fits.gz 
10382615,238014133,280.157167,47.536208,0.2936,spec-56780-KP185111N464417V01_sp14-133.fits.gz 
10382615,242714133,280.157167,47.536208,0.2936,spec-56807-KP185111N464417V03_sp14-133.fits.gz 
10383368,365814095,280.685632,47.579346,1.4088,spec-57302-KP185111N464417V04_sp14-095.fits.gz 
10383668,238014081,280.866600,47.561270,1.3830,spec-56780-KP185111N464417V01_sp14-081.fits.gz 
10384255,365815058,281.298460,47.556992,0.0266,spec-57302-KP185111N464417V04_sp15-058.fits.gz 
10384595,238015054,281.514083,47.507667,0.0310,spec-56780-KP185111N464417V01_sp15-054.fits.gz 
10386904,242615113,282.941000,47.589361,0.0364,spec-56807-KP185111N464417V02_sp15-113.fits.gz 
10388249,350902170,283.714480,47.531429,0.0061,spec-57173-KP190651N485531V02_sp02-170.fits.gz 
10388249,351102170,283.714480,47.531429,0.0061,spec-57173-KP190651N485531V04_sp02-170.fits.gz 
10388249,365809162,283.714480,47.531429,0.0061,spec-57302-KP185111N464417V04_sp09-162.fits.gz 
10389037,238009033,284.186017,47.533917,0.3892,spec-56780-KP185111N464417V01_sp09-033.fits.gz 
10389037,351002189,284.186017,47.533917,0.3892,spec-57173-KP190651N485531V03_sp02-189.fits.gz 
10389165,350902043,284.268741,47.578066,1.0785,spec-57173-KP190651N485531V02_sp02-043.fits.gz 
10389165,365809032,284.268741,47.578066,1.0785,spec-57302-KP185111N464417V04_sp09-032.fits.gz 
10389393,238009186,284.395000,47.545333,0.1218,spec-56780-KP185111N464417V01_sp09-186.fits.gz 
10394570,351005023,287.159330,47.546970,0.0222,spec-57173-KP190651N485531V03_sp05-023.fits.gz 
10395638,350908219,287.755086,47.560189,2.0986,spec-57173-KP190651N485531V02_sp08-219.fits.gz 
10402207,363504036,290.813630,47.571789,0.0283,spec-57298-KP192314N471144V03_sp04-036.fits.gz 
10402207,581204036,290.813630,47.571789,0.0283,spec-57919-KP192314N471144V05_sp04-036.fits.gz 
10403323,581104051,291.260680,47.501869,0.0184,spec-57919-KP192314N471144V04_sp04-051.fits.gz 
10405285,363509217,292.053310,47.508621,0.0248,spec-57298-KP192314N471144V03_sp09-217.fits.gz 
10405377,362710187,292.090880,47.589619,0.0224,spec-57297-KP194045N483045V03_sp10-187.fits.gz 
10417364,157208105,296.548250,47.553611,0.0443,spec-56550-KP194045N483045V02_sp08-105.fits.gz 
10420202,362706015,297.358550,47.551392,0.0106,spec-57297-KP194045N483045V03_sp06-015.fits.gz 
10420822,154806003,297.534308,47.506222,0.9578,spec-56435-KP194045N483045V01_sp06-003.fits.gz 
10422287,158916187,297.925367,47.514250,0.3367,spec-56561-KP195920N454621V02_sp16-187.fits.gz 
10426854,158811008,299.173708,47.558222,0.0600,spec-56561-KP195920N454621V01_sp11-008.fits.gz 
10427193,364211082,299.269170,47.528461,0.0285,spec-57299-KP195920N454621V04_sp11-082.fits.gz 
10448025,365814100,280.561783,47.677292,0.1043,spec-57302-KP185111N464417V04_sp14-100.fits.gz 
10449846,242615092,281.724250,47.659833,0.0222,spec-56807-KP185111N464417V02_sp15-092.fits.gz 
10451228,365815187,282.549590,47.608231,0.0246,spec-57302-KP185111N464417V04_sp15-187.fits.gz 
10453652,351002166,283.915860,47.694248,0.0087,spec-57173-KP190651N485531V03_sp02-166.fits.gz 
10453946,365809069,284.071566,47.691543,1.2663,spec-57302-KP185111N464417V04_sp09-069.fits.gz 
10454887,365813163,284.535301,47.652150,3.5707,spec-57302-KP185111N464417V04_sp13-163.fits.gz 
10459696,249205017,287.088083,47.654861,0.0318,spec-56919-KP190651N485531V01_sp05-017.fits.gz 
10460243,350908179,287.377870,47.690578,0.0298,spec-57173-KP190651N485531V02_sp08-179.fits.gz 
10460723,351008195,287.629580,47.698231,0.0000,spec-57173-KP190651N485531V03_sp08-195.fits.gz 
10460723,363514240,287.629580,47.698231,0.0000,spec-57298-KP192314N471144V03_sp14-240.fits.gz 
10461347,350908122,287.965330,47.694012,0.0043,spec-57173-KP190651N485531V02_sp08-122.fits.gz 
10461347,363414214,287.965330,47.694012,0.0043,spec-57298-KP192314N471144V02_sp14-214.fits.gz 
10461757,363414152,288.157620,47.614380,0.0222,spec-57298-KP192314N471144V02_sp14-152.fits.gz 
10463137,351007199,288.826170,47.611721,0.0230,spec-57173-KP190651N485531V03_sp07-199.fits.gz 
10463137,363503113,288.826170,47.611721,0.0230,spec-57298-KP192314N471144V03_sp03-113.fits.gz 
10463137,581203113,288.826170,47.611721,0.0230,spec-57919-KP192314N471144V05_sp03-113.fits.gz 
10467388,363404045,290.632840,47.647419,0.0264,spec-57298-KP192314N471144V02_sp04-045.fits.gz 
10467388,581104045,290.632840,47.647419,0.0264,spec-57919-KP192314N471144V04_sp04-045.fits.gz 
10467570,363404050,290.706210,47.692539,0.0043,spec-57298-KP192314N471144V02_sp04-050.fits.gz 
10467570,581104050,290.706210,47.692539,0.0043,spec-57919-KP192314N471144V04_sp04-050.fits.gz 
10467570,581304050,290.706210,47.692539,0.0043,spec-57919-KP192314N471144V06_sp04-050.fits.gz 
10468528,241004203,291.119547,47.611861,0.7926,spec-56798-KP192314N471144V01_sp04-203.fits.gz 
10471148,362710188,292.182430,47.690781,0.0219,spec-57297-KP194045N483045V03_sp10-188.fits.gz 
10472318,362710029,292.684510,47.676208,0.0268,spec-57297-KP194045N483045V03_sp10-029.fits.gz 
10472318,581109180,292.684510,47.676208,0.0268,spec-57919-KP192314N471144V04_sp09-180.fits.gz 
10473692,362810173,293.222020,47.619438,0.0043,spec-57297-KP194045N483045V04_sp10-173.fits.gz 
10473692,363513229,293.222020,47.619438,0.0043,spec-57298-KP192314N471144V03_sp13-229.fits.gz 
10474071,362710160,293.363980,47.688740,0.0226,spec-57297-KP194045N483045V03_sp10-160.fits.gz 
10474071,581213138,293.363980,47.688740,0.0226,spec-57919-KP192314N471144V05_sp13-138.fits.gz 
10480536,154805123,295.660208,47.600667,0.0137,spec-56435-KP194045N483045V01_sp05-123.fits.gz 
10480536,157205123,295.660208,47.600667,0.0137,spec-56550-KP194045N483045V02_sp05-123.fits.gz 
10480806,362708151,295.757986,47.690958,1.1946,spec-57297-KP194045N483045V03_sp08-151.fits.gz 
10482001,154808012,296.178500,47.687750,0.0812,spec-56435-KP194045N483045V01_sp08-012.fits.gz 
10483504,154808126,296.641292,47.656917,0.0906,spec-56435-KP194045N483045V01_sp08-126.fits.gz 
10485765,362706009,297.293240,47.620880,0.0264,spec-57297-KP194045N483045V03_sp06-009.fits.gz 
10489073,362706156,298.217560,47.662769,0.0061,spec-57297-KP194045N483045V03_sp06-156.fits.gz 
10489909,154806166,298.467542,47.639278,0.0501,spec-56435-KP194045N483045V01_sp06-166.fits.gz 
10513061,365814146,280.293693,47.733874,1.0919,spec-57302-KP185111N464417V04_sp14-146.fits.gz 
10515966,238015015,282.314250,47.750000,0.0031,spec-56780-KP185111N464417V01_sp15-015.fits.gz 
10515966,242715015,282.314250,47.750000,0.0031,spec-56807-KP185111N464417V03_sp15-015.fits.gz 
10525282,351108190,287.482238,47.728062,1.7674,spec-57173-KP190651N485531V04_sp08-190.fits.gz 
10525282,363414231,287.482238,47.728062,1.7674,spec-57298-KP192314N471144V02_sp14-231.fits.gz 
10525475,351108186,287.589404,47.722050,1.2007,spec-57173-KP190651N485531V04_sp08-186.fits.gz 
10525595,351108195,287.649440,47.732471,0.0250,spec-57173-KP190651N485531V04_sp08-195.fits.gz 
10525595,363414237,287.649440,47.732471,0.0250,spec-57298-KP192314N471144V02_sp14-237.fits.gz 
10527661,363414159,288.684328,47.741730,1.4696,spec-57298-KP192314N471144V02_sp14-159.fits.gz 
10527754,363514159,288.729640,47.751549,0.0242,spec-57298-KP192314N471144V03_sp14-159.fits.gz 
10528911,351007198,289.280180,47.700180,0.0283,spec-57173-KP190651N485531V03_sp07-198.fits.gz 
10532751,363504216,290.872545,47.753481,2.4204,spec-57298-KP192314N471144V03_sp04-216.fits.gz 
10533369,363404220,291.138340,47.741268,0.0268,spec-57298-KP192314N471144V02_sp04-220.fits.gz 
10534891,362710091,291.791020,47.732590,0.0285,spec-57297-KP194045N483045V03_sp10-091.fits.gz 
10537243,362810029,292.756100,47.700272,0.0222,spec-57297-KP194045N483045V04_sp10-029.fits.gz 
10545152,362808168,295.713539,47.715372,1.9495,spec-57297-KP194045N483045V04_sp08-168.fits.gz 
10548201,362708136,296.739780,47.744171,0.0226,spec-57297-KP194045N483045V03_sp08-136.fits.gz 
10552202,362706179,297.853580,47.708530,0.0283,spec-57297-KP194045N483045V03_sp06-179.fits.gz 
10552972,158916038,298.072596,47.751258,0.8777,spec-56561-KP195920N454621V02_sp16-038.fits.gz 
10554179,364216147,298.438277,47.712159,2.4682,spec-57299-KP195920N454621V04_sp16-147.fits.gz 
10555186,158816134,298.720542,47.732000,0.0310,spec-56561-KP195920N454621V01_sp16-134.fits.gz 
10556924,165911025,299.199375,47.745972,0.0130,spec-56583-KP195920N454621V03_sp11-025.fits.gz 
10556924,170511025,299.199375,47.745972,0.0130,spec-56591-KP195920N454621V3_sp11-025.fits.gz 
10579765,242715100,281.767292,47.813833,0.0898,spec-56807-KP185111N464417V03_sp15-100.fits.gz 
10582841,350910189,283.576840,47.801529,0.0268,spec-57173-KP190651N485531V02_sp10-189.fits.gz 
10587702,350905030,286.191830,47.899090,0.0226,spec-57173-KP190651N485531V02_sp05-030.fits.gz 
10590683,350908119,287.823520,47.811531,0.0031,spec-57173-KP190651N485531V02_sp08-119.fits.gz 
10590683,363514212,287.823520,47.811531,0.0031,spec-57298-KP192314N471144V03_sp14-212.fits.gz 
10590683,581214212,287.823520,47.811531,0.0031,spec-57919-KP192314N471144V05_sp14-212.fits.gz 
10591093,350908120,288.032960,47.883072,0.0278,spec-57173-KP190651N485531V02_sp08-120.fits.gz 
10591093,363414213,288.032960,47.883072,0.0278,spec-57298-KP192314N471144V02_sp14-213.fits.gz 
10591093,581114213,288.032960,47.883072,0.0278,spec-57919-KP192314N471144V04_sp14-213.fits.gz 
10592249,363414165,288.595730,47.812061,0.0282,spec-57298-KP192314N471144V02_sp14-165.fits.gz 
10592249,581114165,288.595730,47.812061,0.0282,spec-57919-KP192314N471144V04_sp14-165.fits.gz 
10592802,350906010,288.850840,47.847486,2.6515,spec-57173-KP190651N485531V02_sp06-010.fits.gz 
10592802,363414174,288.850840,47.847486,2.6515,spec-57298-KP192314N471144V02_sp14-174.fits.gz 
10592924,350906013,288.903900,47.891911,0.0301,spec-57173-KP190651N485531V02_sp06-013.fits.gz 
10592924,363414085,288.903900,47.891911,0.0301,spec-57298-KP192314N471144V02_sp14-085.fits.gz 
10593078,363403101,288.970000,47.840542,0.0230,spec-57298-KP192314N471144V02_sp03-101.fits.gz 
10597648,581115109,290.908112,47.880429,3.8529,spec-57919-KP192314N471144V04_sp15-109.fits.gz 
10598163,350701013,291.127410,47.877239,0.0261,spec-57172-KP192323N501616V05_sp01-013.fits.gz 
10598163,363415105,291.127410,47.877239,0.0261,spec-57298-KP192314N471144V02_sp15-105.fits.gz 
10598163,581115105,291.127410,47.877239,0.0261,spec-57919-KP192314N471144V04_sp15-105.fits.gz 
10599712,362810098,291.762820,47.804890,0.0224,spec-57297-KP194045N483045V04_sp10-098.fits.gz 
10599712,581109170,291.762820,47.804890,0.0224,spec-57919-KP192314N471144V04_sp09-170.fits.gz 
10600926,363409048,292.234530,47.839310,0.0053,spec-57298-KP192314N471144V02_sp09-048.fits.gz 
10600926,581109048,292.234530,47.839310,0.0053,spec-57919-KP192314N471144V04_sp09-048.fits.gz 
10602015,362810051,292.670620,47.887009,0.0292,spec-57297-KP194045N483045V04_sp10-051.fits.gz 
10602015,581109189,292.670620,47.887009,0.0292,spec-57919-KP192314N471144V04_sp09-189.fits.gz 
10602374,363413247,292.818820,47.879742,0.0303,spec-57298-KP192314N471144V02_sp13-247.fits.gz 
10602374,581113247,292.818820,47.879742,0.0303,spec-57919-KP192314N471144V04_sp13-247.fits.gz 
10602976,581213233,293.073000,47.845211,0.0000,spec-57919-KP192314N471144V05_sp13-233.fits.gz 
10603170,362710224,293.154720,47.899609,0.0234,spec-57297-KP194045N483045V03_sp10-224.fits.gz 
10603170,581113157,293.154720,47.899609,0.0234,spec-57919-KP192314N471144V04_sp13-157.fits.gz 
10604255,581113136,293.581277,47.867445,4.6733,spec-57919-KP192314N471144V04_sp13-136.fits.gz 
10604460,154805198,293.664583,47.832417,0.0137,spec-56435-KP194045N483045V01_sp05-198.fits.gz 
10610250,154808153,295.744292,47.843083,0.1022,spec-56435-KP194045N483045V01_sp08-153.fits.gz 
10614382,157208131,297.032500,47.843250,0.0448,spec-56550-KP194045N483045V02_sp08-131.fits.gz 
10614707,154806238,297.127417,47.802722,0.0889,spec-56435-KP194045N483045V01_sp06-238.fits.gz 
10616594,157206197,297.671908,47.800331,0.0000,spec-56550-KP194045N483045V02_sp06-197.fits.gz 
10619191,362706160,298.395260,47.898628,0.0106,spec-57297-KP194045N483045V03_sp06-160.fits.gz 
10645209,242715169,281.516208,47.920417,0.0374,spec-56807-KP185111N464417V03_sp15-169.fits.gz 
10647243,238015027,282.787208,47.987111,0.0645,spec-56780-KP185111N464417V01_sp15-027.fits.gz 
10647684,365815128,283.062560,47.926628,0.0277,spec-57302-KP185111N464417V04_sp15-128.fits.gz 
10649096,242609065,283.821054,47.965944,1.1443,spec-56807-KP185111N464417V02_sp09-065.fits.gz 
10649096,249210182,283.821054,47.965944,1.1443,spec-56919-KP190651N485531V01_sp10-182.fits.gz 
10651320,242612157,285.087625,47.916222,0.0561,spec-56807-KP185111N464417V02_sp12-157.fits.gz 
10651578,242712173,285.251417,47.919361,0.0492,spec-56807-KP185111N464417V03_sp12-173.fits.gz 
10653194,351105037,286.134860,47.932831,0.0043,spec-57173-KP190651N485531V04_sp05-037.fits.gz 
10653200,351005030,286.139950,47.900169,0.0199,spec-57173-KP190651N485531V03_sp05-030.fits.gz 
10653383,350905027,286.238665,47.925671,0.6079,spec-57173-KP190651N485531V02_sp05-027.fits.gz 
10658326,351006021,288.796600,47.966721,0.0061,spec-57173-KP190651N485531V03_sp06-021.fits.gz 
10658726,350906011,288.968480,47.931599,0.0283,spec-57173-KP190651N485531V02_sp06-011.fits.gz 
10659842,350906224,289.443612,47.941319,2.6815,spec-57173-KP190651N485531V02_sp06-224.fits.gz 
10659842,363415055,289.443612,47.941319,2.6815,spec-57298-KP192314N471144V02_sp15-055.fits.gz 
10662595,248601217,290.632000,47.983250,0.0809,spec-56918-KP192323N501616V_sp01-217.fits.gz 
10662618,350701217,290.641170,47.955540,0.0424,spec-57172-KP192323N501616V05_sp01-217.fits.gz 
10662618,363415193,290.641170,47.955540,0.0424,spec-57298-KP192314N471144V02_sp15-193.fits.gz 
10662618,581115178,290.641170,47.955540,0.0424,spec-57919-KP192314N471144V04_sp15-178.fits.gz 
10666932,362710065,292.385890,47.932640,0.0246,spec-57297-KP194045N483045V03_sp10-065.fits.gz 
10666932,581109197,292.385890,47.932640,0.0246,spec-57919-KP192314N471144V04_sp09-197.fits.gz 
10667886,362710222,292.772370,47.989079,0.0230,spec-57297-KP194045N483045V03_sp10-222.fits.gz 
10667886,581113166,292.772370,47.989079,0.0230,spec-57919-KP192314N471144V04_sp13-166.fits.gz 
10667966,362710215,292.805180,47.982208,0.0248,spec-57297-KP194045N483045V03_sp10-215.fits.gz 
10668914,363513164,293.200780,47.971130,0.0031,spec-57298-KP192314N471144V03_sp13-164.fits.gz 
10668914,581213164,293.200780,47.971130,0.0031,spec-57919-KP192314N471144V05_sp13-164.fits.gz 
10669123,362703237,293.280670,47.943569,0.0000,spec-57297-KP194045N483045V03_sp03-237.fits.gz 
10669123,581113121,293.280670,47.943569,0.0000,spec-57919-KP192314N471144V04_sp13-121.fits.gz 
10669568,581113109,293.462370,47.963379,0.0061,spec-57919-KP192314N471144V04_sp13-109.fits.gz 
10669876,154803028,293.573083,47.934667,0.0717,spec-56435-KP194045N483045V01_sp03-028.fits.gz 
10670445,362703036,293.807456,47.913519,1.2609,spec-57297-KP194045N483045V03_sp03-036.fits.gz 
10670445,363513126,293.807456,47.913519,1.2609,spec-57298-KP192314N471144V03_sp13-126.fits.gz 
10671227,362703013,294.100460,47.993439,0.0261,spec-57297-KP194045N483045V03_sp03-013.fits.gz 
10671227,581113200,294.100460,47.993439,0.0261,spec-57919-KP192314N471144V04_sp13-200.fits.gz 
10671402,362703010,294.167918,47.985029,1.3747,spec-57297-KP194045N483045V03_sp03-010.fits.gz 
10671402,363413182,294.167918,47.985029,1.3747,spec-57298-KP192314N471144V02_sp13-182.fits.gz 
10675052,362804097,295.530730,47.918671,0.0226,spec-57297-KP194045N483045V04_sp04-097.fits.gz 
10685794,362706134,298.749600,47.980350,0.0301,spec-57297-KP194045N483045V03_sp06-134.fits.gz 
10686930,170511171,299.075583,47.920778,0.0130,spec-56591-KP195920N454621V3_sp11-171.fits.gz 
10709799,242615160,281.428433,48.012383,0.7359,spec-56807-KP185111N464417V02_sp15-160.fits.gz 
10711145,365815222,282.163060,48.076679,0.0246,spec-57302-KP185111N464417V04_sp15-222.fits.gz 
10711154,242615222,282.170500,48.047639,0.0304,spec-56807-KP185111N464417V02_sp15-222.fits.gz 
10711484,238015220,282.345709,48.068417,1.5842,spec-56780-KP185111N464417V01_sp15-220.fits.gz 
10711484,242615220,282.345709,48.068417,1.5842,spec-56807-KP185111N464417V02_sp15-220.fits.gz 
10711484,242715220,282.345709,48.068417,1.5842,spec-56807-KP185111N464417V03_sp15-220.fits.gz 
10721900,351008014,287.963200,48.073132,0.0208,spec-57173-KP190651N485531V03_sp08-014.fits.gz 
10722175,350908140,288.098543,48.062302,3.1606,spec-57173-KP190651N485531V02_sp08-140.fits.gz 
10722175,363514127,288.098543,48.062302,3.1606,spec-57298-KP192314N471144V03_sp14-127.fits.gz 
10723388,363414079,288.630860,48.018951,0.0242,spec-57298-KP192314N471144V02_sp14-079.fits.gz 
10723388,581114079,288.630860,48.018951,0.0242,spec-57919-KP192314N471144V04_sp14-079.fits.gz 
10724027,351106015,288.916170,48.034470,0.0000,spec-57173-KP190651N485531V04_sp06-015.fits.gz 
10724027,363514076,288.916170,48.034470,0.0000,spec-57298-KP192314N471144V03_sp14-076.fits.gz 
10724027,581214076,288.916170,48.034470,0.0000,spec-57919-KP192314N471144V05_sp14-076.fits.gz 
10724620,581315063,289.189030,48.053921,0.0061,spec-57919-KP192314N471144V06_sp15-063.fits.gz 
10724735,248602113,289.235792,48.054306,0.0184,spec-56918-KP192323N501616V_sp02-113.fits.gz 
10727789,250001223,290.493167,48.016361,0.0295,spec-56930-KP192323N501616V03_sp01-223.fits.gz 
10728179,350601208,290.647022,48.092869,3.0082,spec-57172-KP192323N501616V04_sp01-208.fits.gz 
10728179,363415187,290.647022,48.092869,3.0082,spec-57298-KP192314N471144V02_sp15-187.fits.gz 
10732526,249607231,292.377417,48.087306,0.0204,spec-56928-KP192323N501616V02_sp07-231.fits.gz 
10733897,362710212,292.930600,48.097160,0.0204,spec-57297-KP194045N483045V03_sp10-212.fits.gz 
10733897,581113152,292.930600,48.097160,0.0204,spec-57919-KP192314N471144V04_sp13-152.fits.gz 
10735077,581213106,293.402370,48.054218,0.0288,spec-57919-KP192314N471144V05_sp13-106.fits.gz 
10735926,362803048,293.719060,48.074451,0.0242,spec-57297-KP194045N483045V04_sp03-048.fits.gz 
10735926,581213193,293.719060,48.074451,0.0242,spec-57919-KP192314N471144V05_sp13-193.fits.gz 
10736390,362703037,293.915223,48.083569,1.7693,spec-57297-KP194045N483045V03_sp03-037.fits.gz 
10736390,363413190,293.915223,48.083569,1.7693,spec-57298-KP192314N471144V02_sp13-190.fits.gz 
10736591,362803015,293.981312,48.002008,3.0436,spec-57297-KP194045N483045V04_sp03-015.fits.gz 
10742794,362708242,296.122770,48.011532,0.0285,spec-57297-KP194045N483045V03_sp08-242.fits.gz 
10743092,362808240,296.219420,48.087132,0.0053,spec-57297-KP194045N483045V04_sp08-240.fits.gz 
10743515,154808233,296.360000,48.038583,0.0369,spec-56435-KP194045N483045V01_sp08-233.fits.gz 
10745554,362808053,296.947330,48.015018,0.0226,spec-57297-KP194045N483045V04_sp08-053.fits.gz 
10747240,154806087,297.411417,48.061306,0.0637,spec-56435-KP194045N483045V01_sp06-087.fits.gz 
10749112,362706088,297.896300,48.066872,0.0222,spec-57297-KP194045N483045V03_sp06-088.fits.gz 
10753962,364211163,299.146180,48.016788,0.0184,spec-57299-KP195920N454621V04_sp11-163.fits.gz 
10776256,365815161,281.484310,48.113739,0.0238,spec-57302-KP185111N464417V04_sp15-161.fits.gz 
10777816,242715213,282.375208,48.146056,0.0527,spec-56807-KP185111N464417V03_sp15-213.fits.gz 
10779177,365815043,283.084930,48.196129,0.0226,spec-57302-KP185111N464417V04_sp15-043.fits.gz 
10779537,242709093,283.290846,48.186222,1.3556,spec-56807-KP185111N464417V03_sp09-093.fits.gz 
10779537,351010098,283.290846,48.186222,1.3556,spec-57173-KP190651N485531V03_sp10-098.fits.gz 
10789202,350908148,288.482558,48.130989,2.1312,spec-57173-KP190651N485531V02_sp08-148.fits.gz 
10792801,248601042,290.062333,48.198500,0.0106,spec-56918-KP192323N501616V_sp01-042.fits.gz 
10792949,241015011,290.118840,48.198333,2.4761,spec-56798-KP192314N471144V01_sp15-011.fits.gz 
10792949,249206162,290.118840,48.198333,2.4761,spec-56919-KP190651N485531V01_sp06-162.fits.gz 
10793771,249601050,290.412011,48.150642,2.0086,spec-56928-KP192323N501616V02_sp01-050.fits.gz 
10793872,350601034,290.449250,48.125889,0.0301,spec-57172-KP192323N501616V04_sp01-034.fits.gz 
10793872,363415008,290.449250,48.125889,0.0301,spec-57298-KP192314N471144V02_sp15-008.fits.gz 
10793890,350701034,290.462070,48.169609,2.6775,spec-57172-KP192323N501616V05_sp01-034.fits.gz 
10793890,363515008,290.462070,48.169609,2.6775,spec-57298-KP192314N471144V03_sp15-008.fits.gz 
10794838,581115112,290.870677,48.106391,4.2187,spec-57919-KP192314N471144V04_sp15-112.fits.gz 
10796378,362710110,291.495150,48.156219,0.0031,spec-57297-KP194045N483045V03_sp10-110.fits.gz 
10796378,363409116,291.495150,48.156219,0.0031,spec-57298-KP192314N471144V02_sp09-116.fits.gz 
10796378,581109116,291.495150,48.156219,0.0031,spec-57919-KP192314N471144V04_sp09-116.fits.gz 
10796378,581309116,291.495150,48.156219,0.0031,spec-57919-KP192314N471144V06_sp09-116.fits.gz 
10796857,350701192,291.681580,48.122028,0.0240,spec-57172-KP192323N501616V05_sp01-192.fits.gz 
10796857,363409122,291.681580,48.122028,0.0240,spec-57298-KP192314N471144V02_sp09-122.fits.gz 
10796857,581109122,291.681580,48.122028,0.0240,spec-57919-KP192314N471144V04_sp09-122.fits.gz 
10799530,154810235,292.799792,48.189667,0.0705,spec-56435-KP194045N483045V01_sp10-235.fits.gz 
10799530,157210235,292.799792,48.189667,0.0705,spec-56550-KP194045N483045V02_sp10-235.fits.gz 
10801063,154803243,293.404208,48.128389,0.0893,spec-56435-KP194045N483045V01_sp03-243.fits.gz 
10809277,362808243,296.360870,48.194641,0.0194,spec-57297-KP194045N483045V04_sp08-243.fits.gz 
10809457,362708244,296.417450,48.168732,0.0208,spec-57297-KP194045N483045V03_sp08-244.fits.gz 
10811720,362708075,297.069340,48.120560,0.0061,spec-57297-KP194045N483045V03_sp08-075.fits.gz 
10813264,362706086,297.498500,48.152328,0.0219,spec-57297-KP194045N483045V03_sp06-086.fits.gz 
10815461,362706138,298.118010,48.195431,0.0053,spec-57297-KP194045N483045V03_sp06-138.fits.gz 
10816214,362706132,298.321810,48.108269,0.0261,spec-57297-KP194045N483045V03_sp06-132.fits.gz 
10816748,154806145,298.462583,48.104364,0.2557,spec-56435-KP194045N483045V01_sp06-145.fits.gz 
10816748,157206145,298.462583,48.104364,0.2557,spec-56550-KP194045N483045V02_sp06-145.fits.gz 
10842231,365816110,281.668210,48.279148,0.0271,spec-57302-KP185111N464417V04_sp16-110.fits.gz 
10847321,238012016,284.913917,48.236083,0.0123,spec-56780-KP185111N464417V01_sp12-016.fits.gz 
10847321,249203244,284.913917,48.236083,0.0123,spec-56919-KP190651N485531V01_sp03-244.fits.gz 
10848618,351005061,285.629704,48.230250,1.6816,spec-57173-KP190651N485531V03_sp05-061.fits.gz 
10849499,350905071,286.108000,48.232658,0.0230,spec-57173-KP190651N485531V02_sp05-071.fits.gz 
10849541,351005055,286.135070,48.285000,0.0179,spec-57173-KP190651N485531V03_sp05-055.fits.gz 
10854564,350906232,288.756740,48.245621,0.0264,spec-57173-KP190651N485531V02_sp06-232.fits.gz 
10857579,249206154,290.128250,48.261889,0.0204,spec-56919-KP190651N485531V01_sp06-154.fits.gz 
10857623,249601037,290.143125,48.284500,0.0097,spec-56928-KP192323N501616V02_sp01-037.fits.gz 
10857953,250001048,290.314962,48.275769,1.5498,spec-56930-KP192323N501616V03_sp01-048.fits.gz 
10857953,350906159,290.314962,48.275769,1.5498,spec-57173-KP190651N485531V02_sp06-159.fits.gz 
10857953,363515018,290.314962,48.275769,1.5498,spec-57298-KP192314N471144V03_sp15-018.fits.gz 
10858331,581215020,290.504550,48.211010,0.0043,spec-57919-KP192314N471144V05_sp15-020.fits.gz 
10858520,581215023,290.594360,48.270672,0.0275,spec-57919-KP192314N471144V05_sp15-023.fits.gz 
10858675,350601080,290.668270,48.204620,0.0043,spec-57172-KP192323N501616V04_sp01-080.fits.gz 
10859779,363515143,291.183870,48.285858,0.0115,spec-57298-KP192314N471144V03_sp15-143.fits.gz 
10859779,581315143,291.183870,48.285858,0.0115,spec-57919-KP192314N471144V06_sp15-143.fits.gz 
10859941,350601113,291.252320,48.297489,0.0179,spec-57172-KP192323N501616V04_sp01-113.fits.gz 
10859941,363415132,291.252320,48.297489,0.0179,spec-57298-KP192314N471144V02_sp15-132.fits.gz 
10860146,350601108,291.345000,48.278591,0.0309,spec-57172-KP192323N501616V04_sp01-108.fits.gz 
10860146,363515127,291.345000,48.278591,0.0309,spec-57298-KP192314N471144V03_sp15-127.fits.gz 
10860146,581215127,291.345000,48.278591,0.0309,spec-57919-KP192314N471144V05_sp15-127.fits.gz 
10860202,363409107,291.373810,48.291939,0.0259,spec-57298-KP192314N471144V02_sp09-107.fits.gz 
10861387,157210145,291.869208,48.250833,0.0374,spec-56550-KP194045N483045V02_sp10-145.fits.gz 
10861387,248607175,291.869208,48.250833,0.0374,spec-56918-KP192323N501616V_sp07-175.fits.gz 
10864656,362803083,293.282200,48.285900,0.0199,spec-57297-KP194045N483045V04_sp03-083.fits.gz 
10864656,581112153,293.282200,48.285900,0.0199,spec-57919-KP192314N471144V04_sp12-153.fits.gz 
10864711,154803083,293.311000,48.270778,0.0705,spec-56435-KP194045N483045V01_sp03-083.fits.gz 
10866415,157203187,293.998417,48.291778,0.0130,spec-56550-KP194045N483045V02_sp03-187.fits.gz 
10866694,362703185,294.104680,48.292850,0.0217,spec-57297-KP194045N483045V03_sp03-185.fits.gz 
10873444,157208244,296.451125,48.206722,0.0134,spec-56550-KP194045N483045V02_sp08-244.fits.gz 
10903016,238016105,281.607792,48.331389,0.0496,spec-56780-KP185111N464417V01_sp16-105.fits.gz 
10903247,365816114,281.783570,48.371590,0.0043,spec-57302-KP185111N464417V04_sp16-114.fits.gz 
10903874,365811083,282.259340,48.372089,0.0238,spec-57302-KP185111N464417V04_sp11-083.fits.gz 
10904520,365811098,282.703220,48.311520,0.0219,spec-57302-KP185111N464417V04_sp11-098.fits.gz 
10905767,350910117,283.642460,48.367168,0.0069,spec-57173-KP190651N485531V02_sp10-117.fits.gz 
10905767,365812130,283.642460,48.367168,0.0069,spec-57302-KP185111N464417V04_sp12-130.fits.gz 
10907188,351010223,284.654820,48.393661,0.0278,spec-57173-KP190651N485531V03_sp10-223.fits.gz 
10907196,351103235,284.657590,48.380390,0.0242,spec-57173-KP190651N485531V04_sp03-235.fits.gz 
10907410,350903232,284.799590,48.380562,0.0261,spec-57173-KP190651N485531V02_sp03-232.fits.gz 
10908111,365812115,285.261810,48.382858,0.0264,spec-57302-KP185111N464417V04_sp12-115.fits.gz 
10908442,249203033,285.470557,48.353636,2.3154,spec-56919-KP190651N485531V01_sp03-033.fits.gz 
10910839,351104091,286.974910,48.382938,0.0242,spec-57173-KP190651N485531V04_sp04-091.fits.gz 
10910889,249205107,287.004083,48.316583,0.0628,spec-56919-KP190651N485531V01_sp05-107.fits.gz 
10916867,350601074,290.164490,48.368290,0.0242,spec-57172-KP192323N501616V04_sp01-074.fits.gz 
10916867,363415016,290.164490,48.368290,0.0242,spec-57298-KP192314N471144V02_sp15-016.fits.gz 
10916867,581115016,290.164490,48.368290,0.0242,spec-57919-KP192314N471144V04_sp15-016.fits.gz 
10916980,248601053,290.220792,48.395194,0.0448,spec-56918-KP192323N501616V_sp01-053.fits.gz 
10918731,248601088,291.139583,48.392417,0.0531,spec-56918-KP192323N501616V_sp01-088.fits.gz 
10920746,350607163,292.181670,48.375610,0.0043,spec-57172-KP192323N501616V04_sp07-163.fits.gz 
10920746,362710024,292.181670,48.375610,0.0043,spec-57297-KP194045N483045V03_sp10-024.fits.gz 
10920746,581309060,292.181670,48.375610,0.0043,spec-57919-KP192314N471144V06_sp09-060.fits.gz 
10922167,154810238,292.829208,48.368722,0.0436,spec-56435-KP194045N483045V01_sp10-238.fits.gz 
10922167,157210238,292.829208,48.368722,0.0436,spec-56550-KP194045N483045V02_sp10-238.fits.gz 
10922167,248607207,292.829208,48.368722,0.0436,spec-56918-KP192323N501616V_sp07-207.fits.gz 
10922821,363412156,293.145780,48.360569,0.0031,spec-57298-KP192314N471144V02_sp12-156.fits.gz 
10922821,581312156,293.145780,48.360569,0.0031,spec-57919-KP192314N471144V06_sp12-156.fits.gz 
10922840,250007225,293.151250,48.332278,0.0366,spec-56930-KP192323N501616V03_sp07-225.fits.gz 
10924652,362703197,293.930730,48.387939,0.0217,spec-57297-KP194045N483045V03_sp03-197.fits.gz 
10924652,581112219,293.930730,48.387939,0.0217,spec-57919-KP192314N471144V04_sp12-219.fits.gz 
10931578,362708045,296.604550,48.352032,0.0206,spec-57297-KP194045N483045V03_sp08-045.fits.gz 
10933748,362708096,297.339870,48.391510,0.0282,spec-57297-KP194045N483045V03_sp08-096.fits.gz 
10934929,362706036,297.776310,48.313641,0.0270,spec-57297-KP194045N483045V03_sp06-036.fits.gz 
10935853,362806046,298.132170,48.311291,0.0075,spec-57297-KP194045N483045V04_sp06-046.fits.gz 
10937722,362706061,298.775970,48.357811,0.0000,spec-57297-KP194045N483045V03_sp06-061.fits.gz 
10960400,365811231,282.831630,48.471989,0.0000,spec-57302-KP185111N464417V04_sp11-231.fits.gz 
10960424,365811245,282.850220,48.428982,0.0187,spec-57302-KP185111N464417V04_sp11-245.fits.gz 
10960798,350910108,283.152620,48.403820,0.0217,spec-57173-KP190651N485531V02_sp10-108.fits.gz 
10960798,365811058,283.152620,48.403820,0.0217,spec-57302-KP185111N464417V04_sp11-058.fits.gz 
10961390,242712130,283.591083,48.427222,0.0130,spec-56807-KP185111N464417V03_sp12-130.fits.gz 
10961390,249210115,283.591083,48.427222,0.0130,spec-56919-KP190651N485531V01_sp10-115.fits.gz 
10965536,351004144,286.331210,48.485321,0.0264,spec-57173-KP190651N485531V03_sp04-144.fits.gz 
10966241,351104080,286.800900,48.427261,0.0298,spec-57173-KP190651N485531V04_sp04-080.fits.gz 
10966458,350904084,286.946471,48.410000,2.2206,spec-57173-KP190651N485531V02_sp04-084.fits.gz 
10969616,350908068,288.779820,48.404469,0.0278,spec-57173-KP190651N485531V02_sp08-068.fits.gz 
10971893,363515097,289.885590,48.436829,0.0075,spec-57298-KP192314N471144V03_sp15-097.fits.gz 
10972627,241015211,290.274625,48.476111,0.0408,spec-56798-KP192314N471144V01_sp15-211.fits.gz 
10972627,249206142,290.274625,48.476111,0.0408,spec-56919-KP190651N485531V01_sp06-142.fits.gz 
10972717,350701054,290.327640,48.496761,0.0261,spec-57172-KP192323N501616V05_sp01-054.fits.gz 
10972717,363515201,290.327640,48.496761,0.0261,spec-57298-KP192314N471144V03_sp15-201.fits.gz 
10972860,581215219,290.418741,48.437310,3.9422,spec-57919-KP192314N471144V05_sp15-219.fits.gz 
10973854,581215137,290.946350,48.411339,0.0199,spec-57919-KP192314N471144V05_sp15-137.fits.gz 
10974360,249601122,291.204333,48.423306,0.0206,spec-56928-KP192323N501616V02_sp01-122.fits.gz 
10975126,362810150,291.583980,48.435310,0.0043,spec-57297-KP194045N483045V04_sp10-150.fits.gz 
10975126,581109095,291.583980,48.435310,0.0043,spec-57919-KP192314N471144V04_sp09-095.fits.gz 
10977040,350607018,292.526030,48.459431,0.0000,spec-57172-KP192323N501616V04_sp07-018.fits.gz 
10977040,362710013,292.526030,48.459431,0.0000,spec-57297-KP194045N483045V03_sp10-013.fits.gz 
10977979,362703098,292.967740,48.408482,0.0264,spec-57297-KP194045N483045V03_sp03-098.fits.gz 
10977979,581112164,292.967740,48.408482,0.0264,spec-57919-KP192314N471144V04_sp12-164.fits.gz 
10978085,350707218,293.016480,48.414982,0.0061,spec-57172-KP192323N501616V05_sp07-218.fits.gz 
10978085,362803098,293.016480,48.414982,0.0061,spec-57297-KP194045N483045V04_sp03-098.fits.gz 
10978085,581212164,293.016480,48.414982,0.0061,spec-57919-KP192314N471144V05_sp12-164.fits.gz 
10978581,350607216,293.265080,48.426399,0.0031,spec-57172-KP192323N501616V04_sp07-216.fits.gz 
10978581,362803089,293.265080,48.426399,0.0031,spec-57297-KP194045N483045V04_sp03-089.fits.gz 
10978581,581112169,293.265080,48.426399,0.0031,spec-57919-KP192314N471144V04_sp12-169.fits.gz 
10978646,157203099,293.294417,48.468750,0.0411,spec-56550-KP194045N483045V02_sp03-099.fits.gz 
10978857,350707202,293.391970,48.435242,0.0244,spec-57172-KP192323N501616V05_sp07-202.fits.gz 
10978857,362703085,293.391970,48.435242,0.0244,spec-57297-KP194045N483045V03_sp03-085.fits.gz 
10979258,362703177,293.574580,48.421021,0.0226,spec-57297-KP194045N483045V03_sp03-177.fits.gz 
10979742,362703198,293.801180,48.408649,0.0053,spec-57297-KP194045N483045V03_sp03-198.fits.gz 
10979742,581112205,293.801180,48.408649,0.0053,spec-57919-KP192314N471144V04_sp12-205.fits.gz 
10991271,154813065,298.248367,48.491722,0.3436,spec-56435-KP194045N483045V01_sp13-065.fits.gz 
10991398,154813068,298.295079,48.425764,1.2014,spec-56435-KP194045N483045V01_sp13-068.fits.gz 
10991673,362713061,298.404970,48.461922,0.0295,spec-57297-KP194045N483045V03_sp13-061.fits.gz 
10991989,157213058,298.527083,48.418536,0.2108,spec-56550-KP194045N483045V02_sp13-058.fits.gz 
11013471,365811089,282.181430,48.530972,0.0292,spec-57302-KP185111N464417V04_sp11-089.fits.gz 
11014721,238011246,283.048963,48.566056,0.4482,spec-56780-KP185111N464417V01_sp11-246.fits.gz 
11014721,242711246,283.048963,48.566056,0.4482,spec-56807-KP185111N464417V03_sp11-246.fits.gz 
11015261,242611073,283.466813,48.527104,2.4793,spec-56807-KP185111N464417V02_sp11-073.fits.gz 
11018710,351103020,285.749270,48.573952,0.0189,spec-57173-KP190651N485531V04_sp03-020.fits.gz 
11019954,350904149,286.558534,48.599018,1.9856,spec-57173-KP190651N485531V02_sp04-149.fits.gz 
11026843,350906137,290.394440,48.528690,0.0075,spec-57173-KP190651N485531V02_sp06-137.fits.gz 
11026843,363415220,290.394440,48.528690,0.0075,spec-57298-KP192314N471144V02_sp15-220.fits.gz 
11026843,581215220,290.394440,48.528690,0.0075,spec-57919-KP192314N471144V05_sp15-220.fits.gz 
11027005,350701070,290.489223,48.568556,1.6620,spec-57172-KP192323N501616V05_sp01-070.fits.gz 
11027005,363515213,290.489223,48.568556,1.6620,spec-57298-KP192314N471144V03_sp15-213.fits.gz 
11027337,249601152,290.681583,48.565389,0.0092,spec-56928-KP192323N501616V02_sp01-152.fits.gz 
11028372,581115031,291.234990,48.580219,0.0043,spec-57919-KP192314N471144V04_sp15-031.fits.gz 
11028575,350701146,291.342530,48.576160,0.0282,spec-57172-KP192323N501616V05_sp01-146.fits.gz 
11029396,250007050,291.699563,48.554164,0.7280,spec-56930-KP192323N501616V03_sp07-050.fits.gz 
11029396,581309091,291.699563,48.554164,0.7280,spec-57919-KP192314N471144V06_sp09-091.fits.gz 
11029423,241009091,291.711632,48.594917,3.1906,spec-56798-KP192314N471144V01_sp09-091.fits.gz 
11029423,249607044,291.711632,48.594917,3.1906,spec-56928-KP192323N501616V02_sp07-044.fits.gz 
11030524,363412099,292.269590,48.503922,0.0115,spec-57298-KP192314N471144V02_sp12-099.fits.gz 
11030524,581312100,292.269590,48.503922,0.0115,spec-57919-KP192314N471144V06_sp12-100.fits.gz 
11030582,362710017,292.290650,48.526482,0.0204,spec-57297-KP194045N483045V03_sp10-017.fits.gz 
11030582,581112100,292.290650,48.526482,0.0204,spec-57919-KP192314N471144V04_sp12-100.fits.gz 
11031040,241012076,292.512948,48.579923,0.4934,spec-56798-KP192314N471144V01_sp12-076.fits.gz 
11031040,363412076,292.512948,48.579923,0.4934,spec-57298-KP192314N471144V02_sp12-076.fits.gz 
11033302,157203152,293.580750,48.507222,0.0391,spec-56550-KP194045N483045V02_sp03-152.fits.gz 
11033569,362703168,293.701510,48.581940,0.0242,spec-57297-KP194045N483045V03_sp03-168.fits.gz 
11033569,363412104,293.701510,48.581940,0.0242,spec-57298-KP192314N471144V02_sp12-104.fits.gz 
11038809,154804250,295.864875,48.582639,0.0500,spec-56435-KP194045N483045V01_sp04-250.fits.gz 
11043208,154809226,297.403708,48.585750,0.0643,spec-56435-KP194045N483045V01_sp09-226.fits.gz 
11043832,154813078,297.629708,48.587833,0.0524,spec-56435-KP194045N483045V01_sp13-078.fits.gz 
11045572,362813059,298.285740,48.592838,0.0043,spec-57297-KP194045N483045V04_sp13-059.fits.gz 
11045656,154813059,298.314808,48.569603,0.1208,spec-56435-KP194045N483045V01_sp13-059.fits.gz 
11046496,362713075,298.639070,48.523788,2.8400,spec-57297-KP194045N483045V03_sp13-075.fits.gz 
11068380,365811005,282.399080,48.636459,0.0285,spec-57302-KP185111N464417V04_sp11-005.fits.gz 
11068521,365811191,282.489264,48.697733,0.8463,spec-57302-KP185111N464417V04_sp11-191.fits.gz 
11072164,350903032,285.060601,48.613789,1.1032,spec-57173-KP190651N485531V02_sp03-032.fits.gz 
11072164,365812180,285.060601,48.613789,1.1032,spec-57302-KP185111N464417V04_sp12-180.fits.gz 
11072334,351003046,285.173399,48.600140,1.6651,spec-57173-KP190651N485531V03_sp03-046.fits.gz 
11072334,365812181,285.173399,48.600140,1.6651,spec-57302-KP185111N464417V04_sp12-181.fits.gz 
11075908,351004105,287.423610,48.635818,0.0061,spec-57173-KP190651N485531V03_sp04-105.fits.gz 
11080027,249206138,289.667917,48.616083,0.0625,spec-56919-KP190651N485531V01_sp06-138.fits.gz 
11081838,581115225,290.630950,48.699451,0.0199,spec-57919-KP192314N471144V04_sp15-225.fits.gz 
11083319,154814050,291.445542,48.688917,0.0623,spec-56435-KP194045N483045V01_sp14-050.fits.gz 
11083613,581309076,291.604160,48.642609,0.0268,spec-57919-KP192314N471144V06_sp09-076.fits.gz 
11083701,362714030,291.648440,48.650982,0.0246,spec-57297-KP194045N483045V03_sp14-030.fits.gz 
11084022,350607042,291.818820,48.652630,0.0217,spec-57172-KP192323N501616V04_sp07-042.fits.gz 
11084022,362714042,291.818820,48.652630,0.0217,spec-57297-KP194045N483045V03_sp14-042.fits.gz 
11084620,241012084,292.116683,48.694047,0.6404,spec-56798-KP192314N471144V01_sp12-084.fits.gz 
11084620,362814185,292.116683,48.694047,0.6404,spec-57297-KP194045N483045V04_sp14-185.fits.gz 
11085809,350707068,292.699220,48.621342,0.0242,spec-57172-KP192323N501616V05_sp07-068.fits.gz 
11085809,363512001,292.699220,48.621342,0.0242,spec-57298-KP192314N471144V03_sp12-001.fits.gz 
11086673,250007061,293.139292,48.645028,0.0213,spec-56930-KP192323N501616V03_sp07-061.fits.gz 
11087027,350607097,293.308932,48.697607,0.8869,spec-57172-KP192323N501616V04_sp07-097.fits.gz 
11087027,363412122,293.308932,48.697607,0.8869,spec-57298-KP192314N471144V02_sp12-122.fits.gz 
11087371,154803158,293.470000,48.612222,0.0583,spec-56435-KP194045N483045V01_sp03-158.fits.gz 
11087963,362803163,293.739929,48.658661,0.5366,spec-57297-KP194045N483045V04_sp03-163.fits.gz 
11087963,581312117,293.739929,48.658661,0.5366,spec-57919-KP192314N471144V06_sp12-117.fits.gz 
11091445,362704066,295.262150,48.687550,0.0197,spec-57297-KP194045N483045V03_sp04-066.fits.gz 
11126465,351003184,285.717100,48.709782,0.0204,spec-57173-KP190651N485531V03_sp03-184.fits.gz 
11126721,249204187,285.868417,48.757389,0.0368,spec-56919-KP190651N485531V01_sp04-187.fits.gz 
11127105,350904199,286.095950,48.732121,0.0206,spec-57173-KP190651N485531V02_sp04-199.fits.gz 
11128910,249204124,287.340083,48.782333,0.1592,spec-56919-KP190651N485531V01_sp04-124.fits.gz 
11129153,249204241,287.473417,48.775722,0.0441,spec-56919-KP190651N485531V01_sp04-241.fits.gz 
11134405,350605225,290.168565,48.779866,1.9884,spec-57172-KP192323N501616V04_sp05-225.fits.gz 
11134405,350906072,290.168565,48.779866,1.9884,spec-57173-KP190651N485531V02_sp06-072.fits.gz 
11134405,363416107,290.168565,48.779866,1.9884,spec-57298-KP192314N471144V02_sp16-107.fits.gz 
11134982,581111085,290.501360,48.793501,4.5974,spec-57919-KP192314N471144V04_sp11-085.fits.gz 
11135168,350601157,290.606020,48.729092,0.0106,spec-57172-KP192323N501616V04_sp01-157.fits.gz 
11135168,363511079,290.606020,48.729092,0.0106,spec-57298-KP192314N471144V03_sp11-079.fits.gz 
11135168,581211079,290.606020,48.729092,0.0106,spec-57919-KP192314N471144V05_sp11-079.fits.gz 
11135286,350701157,290.682680,48.756050,0.0222,spec-57172-KP192323N501616V05_sp01-157.fits.gz 
11135286,363411091,290.682680,48.756050,0.0222,spec-57298-KP192314N471144V02_sp11-091.fits.gz 
11135978,350601134,291.041350,48.718029,0.0208,spec-57172-KP192323N501616V04_sp01-134.fits.gz 
11135978,363411232,291.041350,48.718029,0.0208,spec-57298-KP192314N471144V02_sp11-232.fits.gz 
11135978,581111232,291.041350,48.718029,0.0208,spec-57919-KP192314N471144V04_sp11-232.fits.gz 
11136139,350701134,291.134060,48.761478,0.0097,spec-57172-KP192323N501616V05_sp01-134.fits.gz 
11136139,363511247,291.134060,48.761478,0.0097,spec-57298-KP192314N471144V03_sp11-247.fits.gz 
11136139,581211247,291.134060,48.761478,0.0097,spec-57919-KP192314N471144V05_sp11-247.fits.gz 
11136338,350601139,291.229082,48.744068,2.5674,spec-57172-KP192323N501616V04_sp01-139.fits.gz 
11136338,363411069,291.229082,48.744068,2.5674,spec-57298-KP192314N471144V02_sp11-069.fits.gz 
11136578,350605005,291.361480,48.797771,0.0061,spec-57172-KP192323N501616V04_sp05-005.fits.gz 
11136578,363411064,291.361480,48.797771,0.0061,spec-57298-KP192314N471144V02_sp11-064.fits.gz 
11136578,581111064,291.361480,48.797771,0.0061,spec-57919-KP192314N471144V04_sp11-064.fits.gz 
11136854,157214038,291.505625,48.716139,0.0319,spec-56550-KP194045N483045V02_sp14-038.fits.gz 
11138375,363412093,292.280150,48.709919,0.0199,spec-57298-KP192314N471144V02_sp12-093.fits.gz 
11141358,248607140,293.770833,48.766722,0.0401,spec-56918-KP192323N501616V_sp07-140.fits.gz 
11145672,362704053,295.584200,48.791168,0.0204,spec-57297-KP194045N483045V03_sp04-053.fits.gz 
11146152,362704054,295.745390,48.774342,0.0282,spec-57297-KP194045N483045V03_sp04-054.fits.gz 
11147717,362809009,296.299900,48.740860,0.0043,spec-57297-KP194045N483045V04_sp09-009.fits.gz 
11147785,362809221,296.324710,48.783112,0.0261,spec-57297-KP194045N483045V04_sp09-221.fits.gz 
11151753,362813209,297.754490,48.753380,0.0257,spec-57297-KP194045N483045V04_sp13-209.fits.gz 
11152753,362713223,298.159640,48.727509,0.0270,spec-57297-KP194045N483045V03_sp13-223.fits.gz 
11153989,362713038,298.627110,48.709438,0.0435,spec-57297-KP194045N483045V03_sp13-038.fits.gz 
11175907,242611193,282.876042,48.875556,0.0356,spec-56807-KP185111N464417V02_sp11-193.fits.gz 
11176222,365811125,283.125550,48.880661,0.0194,spec-57302-KP185111N464417V04_sp11-125.fits.gz 
11177727,365812228,284.270110,48.895111,0.0238,spec-57302-KP185111N464417V04_sp12-228.fits.gz 
11177729,365812250,284.270750,48.874619,0.0199,spec-57302-KP185111N464417V04_sp12-250.fits.gz 
11177749,238012242,284.292529,48.802028,0.5438,spec-56780-KP185111N464417V01_sp12-242.fits.gz 
11177749,351110248,284.292529,48.802028,0.5438,spec-57173-KP190651N485531V04_sp10-248.fits.gz 
11178396,351003096,284.758540,48.891979,0.0439,spec-57173-KP190651N485531V03_sp03-096.fits.gz 
11178396,351103092,284.758540,48.891979,0.0439,spec-57173-KP190651N485531V04_sp03-092.fits.gz 
11180468,350904163,286.069202,48.837052,2.0211,spec-57173-KP190651N485531V02_sp04-163.fits.gz 
11188067,350705098,290.533660,48.834541,0.0097,spec-57172-KP192323N501616V05_sp05-098.fits.gz 
11188067,363511078,290.533660,48.834541,0.0097,spec-57298-KP192314N471144V03_sp11-078.fits.gz 
11188067,581311078,290.533660,48.834541,0.0097,spec-57919-KP192314N471144V06_sp11-078.fits.gz 
11188192,581311088,290.597320,48.899632,0.0222,spec-57919-KP192314N471144V06_sp11-088.fits.gz 
11189432,350705023,291.320938,48.851919,0.2349,spec-57172-KP192323N501616V05_sp05-023.fits.gz 
11189432,363511052,291.320938,48.851919,0.2349,spec-57298-KP192314N471144V03_sp11-052.fits.gz 
11190322,581312148,291.792760,48.867970,0.0238,spec-57919-KP192314N471144V06_sp12-148.fits.gz 
11190768,249608210,292.030458,48.804028,0.0362,spec-56928-KP192323N501616V02_sp08-210.fits.gz 
11191444,250007110,292.380333,48.807031,0.2166,spec-56930-KP192323N501616V03_sp07-110.fits.gz 
11191444,350607110,292.380333,48.807031,0.2166,spec-57172-KP192323N501616V04_sp07-110.fits.gz 
11191557,157214191,292.434875,48.811722,0.0428,spec-56550-KP194045N483045V02_sp14-191.fits.gz 
11196317,362704047,294.661960,48.894260,0.0240,spec-57297-KP194045N483045V03_sp04-047.fits.gz 
11196963,362704041,294.952240,48.842590,0.0242,spec-57297-KP194045N483045V03_sp04-041.fits.gz 
11197457,362704036,295.181790,48.882229,0.0061,spec-57297-KP194045N483045V03_sp04-036.fits.gz 
11199105,362804069,295.843200,48.803082,0.0043,spec-57297-KP194045N483045V04_sp04-069.fits.gz 
11199783,362709209,296.101650,48.883160,0.0043,spec-57297-KP194045N483045V03_sp09-209.fits.gz 
11200291,362809210,296.299740,48.845371,0.0075,spec-57297-KP194045N483045V04_sp09-210.fits.gz 
11200573,362809214,296.420290,48.871979,0.0263,spec-57297-KP194045N483045V04_sp09-214.fits.gz 
11228549,238011186,282.565377,48.905531,0.4836,spec-56780-KP185111N464417V01_sp11-186.fits.gz 
11228554,242611186,282.567750,48.912861,0.0493,spec-56807-KP185111N464417V02_sp11-186.fits.gz 
11228617,238011140,282.607958,48.941944,0.0242,spec-56780-KP185111N464417V01_sp11-140.fits.gz 
11228759,365811205,282.708590,48.952740,0.0261,spec-57302-KP185111N464417V04_sp11-205.fits.gz 
11229188,242611202,282.999875,48.963333,0.0498,spec-56807-KP185111N464417V02_sp11-202.fits.gz 
11229188,249214027,282.999875,48.963333,0.0498,spec-56919-KP190651N485531V01_sp14-027.fits.gz 
11230630,350910243,284.041990,48.908058,0.0278,spec-57173-KP190651N485531V02_sp10-243.fits.gz 
11230630,351110243,284.041990,48.908058,0.0278,spec-57173-KP190651N485531V04_sp10-243.fits.gz 
11230715,365812239,284.097470,48.973549,0.0217,spec-57302-KP185111N464417V04_sp12-239.fits.gz 
11231549,350903057,284.686040,48.952255,0.5170,spec-57173-KP190651N485531V02_sp03-057.fits.gz 
11231992,249203158,285.016063,48.983472,1.0953,spec-56919-KP190651N485531V01_sp03-158.fits.gz 
11236536,350908029,287.827760,48.916660,0.0043,spec-57173-KP190651N485531V02_sp08-029.fits.gz 
11237133,363416225,288.155460,48.911652,0.0268,spec-57298-KP192314N471144V02_sp16-225.fits.gz 
11241473,250005079,290.387083,48.972889,0.0401,spec-56930-KP192323N501616V03_sp05-079.fits.gz 
11242268,363511231,290.831630,48.940578,0.0234,spec-57298-KP192314N471144V03_sp11-231.fits.gz 
11242268,581211231,290.831630,48.940578,0.0234,spec-57919-KP192314N471144V05_sp11-231.fits.gz 
11243054,350605025,291.276790,48.951511,0.0257,spec-57172-KP192323N501616V04_sp05-025.fits.gz 
11243349,249608202,291.445708,48.966000,0.0000,spec-56928-KP192323N501616V02_sp08-202.fits.gz 
11244855,154814192,292.218417,48.911083,0.0357,spec-56435-KP194045N483045V01_sp14-192.fits.gz 
11245225,363512075,292.399020,48.956718,0.0061,spec-57298-KP192314N471144V03_sp12-075.fits.gz 
11245225,581212075,292.399020,48.956718,0.0061,spec-57919-KP192314N471144V05_sp12-075.fits.gz 
11245234,363412075,292.403320,48.973110,0.0278,spec-57298-KP192314N471144V02_sp12-075.fits.gz 
11247049,350707192,293.301540,48.912701,0.0259,spec-57172-KP192323N501616V05_sp07-192.fits.gz 
11247049,362803121,293.301540,48.912701,0.0259,spec-57297-KP194045N483045V04_sp03-121.fits.gz 
11249981,157204030,294.574625,48.962583,0.0445,spec-56550-KP194045N483045V02_sp04-030.fits.gz 
11250139,362704030,294.635712,48.958241,1.3373,spec-57297-KP194045N483045V03_sp04-030.fits.gz 
11250152,154804047,294.643583,48.916306,0.0342,spec-56435-KP194045N483045V01_sp04-047.fits.gz 
11250488,362704032,294.789460,48.987740,0.0242,spec-57297-KP194045N483045V03_sp04-032.fits.gz 
11251136,362704029,295.093630,48.900299,0.0179,spec-57297-KP194045N483045V03_sp04-029.fits.gz 
11251622,362804218,295.297330,48.910542,0.0208,spec-57297-KP194045N483045V04_sp04-218.fits.gz 
11251837,157204209,295.395458,48.965583,0.0285,spec-56550-KP194045N483045V02_sp04-209.fits.gz 
11252233,154804203,295.561500,48.911028,0.0490,spec-56435-KP194045N483045V01_sp04-203.fits.gz 
11252303,362704225,295.585570,48.963112,0.0278,spec-57297-KP194045N483045V03_sp04-225.fits.gz 
11252437,362804225,295.633700,48.941410,0.0204,spec-57297-KP194045N483045V04_sp04-225.fits.gz 
11252706,154804215,295.728083,48.922750,0.0567,spec-56435-KP194045N483045V01_sp04-215.fits.gz 
11254566,157209204,296.380292,48.977917,0.0543,spec-56550-KP194045N483045V02_sp09-204.fits.gz 
11260279,362813016,298.504850,48.932461,0.0199,spec-57297-KP194045N483045V04_sp13-016.fits.gz 
11282332,365811217,282.759370,49.016010,0.0277,spec-57302-KP185111N464417V04_sp11-217.fits.gz 
11282383,238011204,282.799000,49.058806,0.0904,spec-56780-KP185111N464417V01_sp11-204.fits.gz 
11282383,242711204,282.799000,49.058806,0.0904,spec-56807-KP185111N464417V03_sp11-204.fits.gz 
11287679,350904186,286.491790,49.019810,0.0259,spec-57173-KP190651N485531V02_sp04-186.fits.gz 
11289128,249204250,287.468083,49.027944,0.0242,spec-56919-KP190651N485531V01_sp04-250.fits.gz 
11289335,249204235,287.616917,49.049528,0.0402,spec-56919-KP190651N485531V01_sp04-235.fits.gz 
11289515,350904245,287.728417,49.000058,0.0999,spec-57173-KP190651N485531V02_sp04-245.fits.gz 
11289615,250002163,287.790921,49.078619,2.1901,spec-56930-KP192323N501616V03_sp02-163.fits.gz 
11289822,249602166,287.940114,49.009215,1.4441,spec-56928-KP192323N501616V02_sp02-166.fits.gz 
11293804,250005087,290.096704,49.022722,0.9628,spec-56930-KP192323N501616V03_sp05-087.fits.gz 
11294195,248605099,290.328638,49.041147,0.2868,spec-56918-KP192323N501616V_sp05-099.fits.gz 
11294195,351013057,290.328638,49.041147,0.2868,spec-57173-KP190651N485531V03_sp13-057.fits.gz 
11294409,250005083,290.459250,49.025861,0.0631,spec-56930-KP192323N501616V03_sp05-083.fits.gz 
11295720,248605141,291.183667,49.084611,0.0405,spec-56918-KP192323N501616V_sp05-141.fits.gz 
11295851,363511070,291.246670,49.077930,0.0275,spec-57298-KP192314N471144V03_sp11-070.fits.gz 
11295851,581311070,291.246670,49.077930,0.0275,spec-57919-KP192314N471144V06_sp11-070.fits.gz 
11296211,241011067,291.457583,49.028444,0.0809,spec-56798-KP192314N471144V01_sp11-067.fits.gz 
11296211,249608177,291.457583,49.028444,0.0809,spec-56928-KP192323N501616V02_sp08-177.fits.gz 
11298371,581112046,292.570113,49.032429,4.3117,spec-57919-KP192314N471144V04_sp12-046.fits.gz 
11298561,362714155,292.674710,49.087730,0.0257,spec-57297-KP194045N483045V03_sp14-155.fits.gz 
11298561,581212049,292.674710,49.087730,0.0257,spec-57919-KP192314N471144V05_sp12-049.fits.gz 
11298714,241012034,292.756167,49.051806,0.0204,spec-56798-KP192314N471144V01_sp12-034.fits.gz 
11299941,157203124,293.355333,49.090000,0.0092,spec-56550-KP194045N483045V02_sp03-124.fits.gz 
11299941,248606214,293.355333,49.090000,0.0092,spec-56918-KP192323N501616V_sp06-214.fits.gz 
11302791,362704033,294.629082,49.019711,2.7910,spec-57297-KP194045N483045V03_sp04-033.fits.gz 
11305250,362704208,295.672730,49.012001,0.0277,spec-57297-KP194045N483045V03_sp04-208.fits.gz 
11308295,154809195,296.775000,49.023111,0.0753,spec-56435-KP194045N483045V01_sp09-195.fits.gz 
11308660,362709181,296.914001,49.012272,0.8089,spec-57297-KP194045N483045V03_sp09-181.fits.gz 
11308784,362809176,296.963870,49.059341,0.0189,spec-57297-KP194045N483045V04_sp09-176.fits.gz 
11309182,157209200,297.132792,49.067167,0.0439,spec-56550-KP194045N483045V02_sp09-200.fits.gz 
11336656,238011028,283.761354,49.116367,0.3843,spec-56780-KP185111N464417V01_sp11-028.fits.gz 
11336656,249214189,283.761354,49.116367,0.3843,spec-56919-KP190651N485531V01_sp14-189.fits.gz 
11336656,350914189,283.761354,49.116367,0.3843,spec-57173-KP190651N485531V02_sp14-189.fits.gz 
11337843,350903069,284.620180,49.105209,0.0075,spec-57173-KP190651N485531V02_sp03-069.fits.gz 
11337883,351003069,284.647165,49.105782,3.0501,spec-57173-KP190651N485531V03_sp03-069.fits.gz 
11339000,351003175,285.391720,49.141869,0.0275,spec-57173-KP190651N485531V03_sp03-175.fits.gz 
11340165,249204014,286.102292,49.125972,0.0928,spec-56919-KP190651N485531V01_sp04-014.fits.gz 
11341723,249204072,287.116006,49.124056,1.2421,spec-56919-KP190651N485531V01_sp04-072.fits.gz 
11342694,350610195,287.753764,49.114719,2.7632,spec-57172-KP192323N501616V04_sp10-195.fits.gz 
11349014,350605130,291.100160,49.190929,0.0242,spec-57172-KP192323N501616V04_sp05-130.fits.gz 
11349014,363411181,291.100160,49.190929,0.0242,spec-57298-KP192314N471144V02_sp11-181.fits.gz 
11349014,581111181,291.100160,49.190929,0.0242,spec-57919-KP192314N471144V04_sp11-181.fits.gz 
11349490,350705139,291.366390,49.155849,0.0043,spec-57172-KP192323N501616V05_sp05-139.fits.gz 
11351140,250008112,292.230508,49.191002,0.6014,spec-56930-KP192323N501616V03_sp08-112.fits.gz 
11351140,363512074,292.230508,49.191002,0.6014,spec-57298-KP192314N471144V03_sp12-074.fits.gz 
11352756,350606010,293.079381,49.179939,0.5151,spec-57172-KP192323N501616V04_sp06-010.fits.gz 
11352756,362714096,293.079381,49.179939,0.5151,spec-57297-KP194045N483045V03_sp14-096.fits.gz 
11353313,350706214,293.338650,49.134220,0.0295,spec-57172-KP192323N501616V05_sp06-214.fits.gz 
11358607,157209160,295.714458,49.198417,0.0439,spec-56550-KP194045N483045V02_sp09-160.fits.gz 
11358669,362709160,295.745669,49.191691,2.9080,spec-57297-KP194045N483045V03_sp09-160.fits.gz 
11358810,157209173,295.794083,49.153028,0.0130,spec-56550-KP194045N483045V02_sp09-173.fits.gz 
11359175,154809153,295.934792,49.120028,0.0685,spec-56435-KP194045N483045V01_sp09-153.fits.gz 
11361765,157209196,296.899833,49.117472,0.0322,spec-56550-KP194045N483045V02_sp09-196.fits.gz 
11394905,351104059,287.416630,49.227570,0.0043,spec-57173-KP190651N485531V04_sp04-059.fits.gz 
11395200,350909209,287.600950,49.271221,0.0204,spec-57173-KP190651N485531V02_sp09-209.fits.gz 
11395816,249610037,288.001667,49.265278,0.0134,spec-56928-KP192323N501616V02_sp10-037.fits.gz 
11400830,363511183,290.751100,49.285221,0.0204,spec-57298-KP192314N471144V03_sp11-183.fits.gz 
11400830,581211183,290.751100,49.285221,0.0204,spec-57919-KP192314N471144V05_sp11-183.fits.gz 
11401466,350705146,291.098970,49.222820,0.0000,spec-57172-KP192323N501616V05_sp05-146.fits.gz 
11401466,581311177,291.098970,49.222820,0.0000,spec-57919-KP192314N471144V06_sp11-177.fits.gz 
11403437,581212231,292.137667,49.223106,0.0282,spec-57919-KP192314N471144V05_sp12-231.fits.gz 
11403918,362814219,292.384770,49.276958,0.0111,spec-57297-KP194045N483045V04_sp14-219.fits.gz 
11403918,581212250,292.384770,49.276958,0.0111,spec-57919-KP192314N471144V05_sp12-250.fits.gz 
11409529,154815198,295.055583,49.249472,0.1088,spec-56435-KP194045N483045V01_sp15-198.fits.gz 
11410549,154815106,295.513708,49.284722,0.0307,spec-56435-KP194045N483045V01_sp15-106.fits.gz 
11410549,157215106,295.513708,49.284722,0.0307,spec-56550-KP194045N483045V02_sp15-106.fits.gz 
11413138,362709038,296.510500,49.217079,0.0204,spec-57297-KP194045N483045V03_sp09-038.fits.gz 
11413158,362709036,296.519875,49.266781,1.7903,spec-57297-KP194045N483045V03_sp09-036.fits.gz 
11413393,157209049,296.605375,49.210917,0.0498,spec-56550-KP194045N483045V02_sp09-049.fits.gz 
11414700,362713174,297.090360,49.284382,0.0238,spec-57297-KP194045N483045V03_sp13-174.fits.gz 
11442897,351014170,284.501130,49.353512,0.0031,spec-57173-KP190651N485531V03_sp14-170.fits.gz 
11443139,351003118,284.681180,49.390751,0.0278,spec-57173-KP190651N485531V03_sp03-118.fits.gz 
11444313,351003213,285.432530,49.385059,0.0285,spec-57173-KP190651N485531V03_sp03-213.fits.gz 
11450279,581116231,289.134888,49.303537,4.2094,spec-57919-KP192314N471144V04_sp16-231.fits.gz 
11453627,350605122,290.976990,49.379360,0.0257,spec-57172-KP192323N501616V04_sp05-122.fits.gz 
11453627,363511207,290.976990,49.379360,0.0257,spec-57298-KP192314N471144V03_sp11-207.fits.gz 
11453627,581211207,290.976990,49.379360,0.0257,spec-57919-KP192314N471144V05_sp11-207.fits.gz 
11454275,581311111,291.336618,49.357625,3.9663,spec-57919-KP192314N471144V06_sp11-111.fits.gz 
11455176,154814101,291.861708,49.374056,0.0353,spec-56435-KP194045N483045V01_sp14-101.fits.gz 
11455925,154814122,292.249667,49.358417,0.0450,spec-56435-KP194045N483045V01_sp14-122.fits.gz 
11456246,249608128,292.424640,49.341028,1.9205,spec-56928-KP192323N501616V02_sp08-128.fits.gz 
11456735,154814131,292.681208,49.352944,0.1567,spec-56435-KP194045N483045V01_sp14-131.fits.gz 
11461138,362815197,294.768890,49.354870,0.0061,spec-57297-KP194045N483045V04_sp15-197.fits.gz 
11463411,154809164,295.742208,49.306278,0.1316,spec-56435-KP194045N483045V01_sp09-164.fits.gz 
11465784,362709037,296.684080,49.337742,0.0208,spec-57297-KP194045N483045V03_sp09-037.fits.gz 
11465942,362709032,296.750180,49.320992,0.0296,spec-57297-KP194045N483045V03_sp09-032.fits.gz 
11468340,362713107,297.675600,49.346432,0.0298,spec-57297-KP194045N483045V03_sp13-107.fits.gz 
11469401,157213120,298.100442,49.385839,0.5243,spec-56550-KP194045N483045V02_sp13-120.fits.gz 
11495084,350903103,284.733150,49.494820,0.0000,spec-57173-KP190651N485531V02_sp03-103.fits.gz 
11495120,249203115,284.757632,49.406944,3.2362,spec-56919-KP190651N485531V01_sp03-115.fits.gz 
11498178,351104201,286.702850,49.442631,0.0194,spec-57173-KP190651N485531V04_sp04-201.fits.gz 
11498298,351004219,286.795172,49.410456,1.5260,spec-57173-KP190651N485531V03_sp04-219.fits.gz 
11499428,350909156,287.504300,49.480530,0.0199,spec-57173-KP190651N485531V02_sp09-156.fits.gz 
11502092,351113232,289.045380,49.438461,0.0031,spec-57173-KP190651N485531V04_sp13-232.fits.gz 
11502538,350705189,289.241640,49.424358,0.0119,spec-57172-KP192323N501616V05_sp05-189.fits.gz 
11502538,363516238,289.241640,49.424358,0.0119,spec-57298-KP192314N471144V03_sp16-238.fits.gz 
11502538,581116238,289.241640,49.424358,0.0119,spec-57919-KP192314N471144V04_sp16-238.fits.gz 
11506336,350605125,291.356200,49.486320,0.0194,spec-57172-KP192323N501616V04_sp05-125.fits.gz 
11508970,250008148,292.714133,49.500044,0.4310,spec-56930-KP192323N501616V03_sp08-148.fits.gz 
11509277,154814094,292.868000,49.458833,0.1173,spec-56435-KP194045N483045V01_sp14-094.fits.gz 
11509608,350606009,293.036250,49.447159,0.0494,spec-57172-KP192323N501616V04_sp06-009.fits.gz 
11509608,362714095,293.036250,49.447159,0.0494,spec-57297-KP194045N483045V03_sp14-095.fits.gz 
11509792,157214086,293.120292,49.476583,0.0437,spec-56550-KP194045N483045V02_sp14-086.fits.gz 
11512096,249606152,294.157086,49.452587,2.1544,spec-56928-KP192323N501616V02_sp06-152.fits.gz 
11513798,154815186,294.916292,49.402028,0.0505,spec-56435-KP194045N483045V01_sp15-186.fits.gz 
11514322,154815112,295.154250,49.405389,0.0421,spec-56435-KP194045N483045V01_sp15-112.fits.gz 
11515424,362715130,295.628442,49.498011,0.4315,spec-57297-KP194045N483045V03_sp15-130.fits.gz 
11517524,157209062,296.430083,49.498194,0.0338,spec-56550-KP194045N483045V02_sp09-062.fits.gz 
11518492,154809199,296.801083,49.407583,0.0298,spec-56435-KP194045N483045V01_sp09-199.fits.gz 
11518690,362709192,296.878307,49.402390,1.9793,spec-57297-KP194045N483045V03_sp09-192.fits.gz 
11519405,154813162,297.137292,49.406417,0.0313,spec-56435-KP194045N483045V01_sp13-162.fits.gz 
11519991,362713152,297.353567,49.401089,2.1004,spec-57297-KP194045N483045V03_sp13-152.fits.gz 
11521155,362813110,297.813720,49.407440,0.0043,spec-57297-KP194045N483045V04_sp13-110.fits.gz 
11521352,362813111,297.891110,49.458710,0.0257,spec-57297-KP194045N483045V04_sp13-111.fits.gz 
11521547,362713119,297.961700,49.407089,0.0000,spec-57297-KP194045N483045V03_sp13-119.fits.gz 
11521644,362813119,298.002320,49.431969,0.0217,spec-57297-KP194045N483045V04_sp13-119.fits.gz 
11546913,350914173,284.275570,49.538551,0.0217,spec-57173-KP190651N485531V02_sp14-173.fits.gz 
11550492,350904216,286.751021,49.540089,3.3884,spec-57173-KP190651N485531V02_sp04-216.fits.gz 
11550567,351104216,286.802670,49.503391,0.0226,spec-57173-KP190651N485531V04_sp04-216.fits.gz 
11551628,249209161,287.555000,49.513250,0.0791,spec-56919-KP190651N485531V01_sp09-161.fits.gz 
11551746,249209154,287.647842,49.551589,0.4002,spec-56919-KP190651N485531V01_sp09-154.fits.gz 
11551746,351009154,287.647842,49.551589,0.4002,spec-57173-KP190651N485531V03_sp09-154.fits.gz 
11554998,350605190,289.527160,49.586788,0.0253,spec-57172-KP192323N501616V04_sp05-190.fits.gz 
11559187,249608008,291.917583,49.568333,0.0296,spec-56928-KP192323N501616V02_sp08-008.fits.gz 
11559263,154814009,291.957583,49.517944,0.0605,spec-56435-KP194045N483045V01_sp14-009.fits.gz 
11559478,350708023,292.070620,49.533409,0.0285,spec-57172-KP192323N501616V05_sp08-023.fits.gz 
11559478,362714023,292.070620,49.533409,0.0285,spec-57297-KP194045N483045V03_sp14-023.fits.gz 
11559478,581111047,292.070620,49.533409,0.0285,spec-57919-KP192314N471144V04_sp11-047.fits.gz 
11559645,350708025,292.151310,49.591660,0.0043,spec-57172-KP192323N501616V05_sp08-025.fits.gz 
11559818,350708147,292.239456,49.583241,1.0356,spec-57172-KP192323N501616V05_sp08-147.fits.gz 
11559818,362814011,292.239456,49.583241,1.0356,spec-57297-KP194045N483045V04_sp14-011.fits.gz 
11560054,250008134,292.371000,49.537056,0.0217,spec-56930-KP192323N501616V03_sp08-134.fits.gz 
11560465,362814138,292.586670,49.567841,0.0081,spec-57297-KP194045N483045V04_sp14-138.fits.gz 
11560948,250006248,292.836612,49.569806,4.0206,spec-56930-KP192323N501616V03_sp06-248.fits.gz 
11561379,350606236,293.068480,49.529240,0.0179,spec-57172-KP192323N501616V04_sp06-236.fits.gz 
11561379,362714082,293.068480,49.529240,0.0179,spec-57297-KP194045N483045V03_sp14-082.fits.gz 
11563791,250006172,294.217583,49.599833,0.0230,spec-56930-KP192323N501616V03_sp06-172.fits.gz 
11564307,157215099,294.436083,49.507722,0.0402,spec-56550-KP194045N483045V02_sp15-099.fits.gz 
11564787,154815022,294.645917,49.551472,0.0558,spec-56435-KP194045N483045V01_sp15-022.fits.gz 
11567392,362709118,295.771000,49.516151,0.0197,spec-57297-KP194045N483045V03_sp09-118.fits.gz 
11567563,362709123,295.841340,49.531540,0.0053,spec-57297-KP194045N483045V03_sp09-123.fits.gz 
11567572,362709107,295.848210,49.569489,0.0234,spec-57297-KP194045N483045V03_sp09-107.fits.gz 
11568605,154809064,296.257292,49.531750,0.0784,spec-56435-KP194045N483045V01_sp09-064.fits.gz 
11569659,154809063,296.682792,49.572500,0.0381,spec-56435-KP194045N483045V01_sp09-063.fits.gz 
11597759,350914221,283.939000,49.642391,0.0208,spec-57173-KP190651N485531V02_sp14-221.fits.gz 
11597759,351114221,283.939000,49.642391,0.0208,spec-57173-KP190651N485531V04_sp14-221.fits.gz 
11598312,350914088,284.324664,49.677359,2.5858,spec-57173-KP190651N485531V02_sp14-088.fits.gz 
11598459,350914079,284.436800,49.699982,0.0199,spec-57173-KP190651N485531V02_sp14-079.fits.gz 
11599067,351115060,284.873080,49.632690,0.0179,spec-57173-KP190651N485531V04_sp15-060.fits.gz 
11600024,249215233,285.515977,49.638972,3.5611,spec-56919-KP190651N485531V01_sp15-233.fits.gz 
11600208,350915232,285.621770,49.659779,0.0184,spec-57173-KP190651N485531V02_sp15-232.fits.gz 
11600255,350915240,285.656620,49.628510,0.0277,spec-57173-KP190651N485531V02_sp15-240.fits.gz 
11600413,350915231,285.766806,49.663378,2.2526,spec-57173-KP190651N485531V02_sp15-231.fits.gz 
11600604,350915230,285.887240,49.687801,0.0075,spec-57173-KP190651N485531V02_sp15-230.fits.gz 
11602793,351009172,287.318892,49.643019,0.7893,spec-57173-KP190651N485531V03_sp09-172.fits.gz 
11605129,248610224,288.748834,49.647978,2.3082,spec-56918-KP192323N501616V_sp10-224.fits.gz 
11605129,350710224,288.748834,49.647978,2.3082,spec-57172-KP192323N501616V05_sp10-224.fits.gz 
11605129,351013239,288.748834,49.647978,2.3082,spec-57173-KP190651N485531V03_sp13-239.fits.gz 
11605924,350913121,289.188750,49.679909,0.0301,spec-57173-KP190651N485531V02_sp13-121.fits.gz 
11612112,249608137,292.583375,49.614889,0.0290,spec-56928-KP192323N501616V02_sp08-137.fits.gz 
11612171,157216098,292.615000,49.696333,0.0213,spec-56550-KP194045N483045V02_sp16-098.fits.gz 
11612200,350708133,292.632200,49.621731,0.0000,spec-57172-KP192323N501616V05_sp08-133.fits.gz 
11612603,350606238,292.856930,49.639179,0.0222,spec-57172-KP192323N501616V04_sp06-238.fits.gz 
11612603,362714135,292.856930,49.639179,0.0222,spec-57297-KP194045N483045V03_sp14-135.fits.gz 
11614827,350606189,293.965610,49.660240,0.0257,spec-57172-KP192323N501616V04_sp06-189.fits.gz 
11614827,362815095,293.965610,49.660240,0.0257,spec-57297-KP194045N483045V04_sp15-095.fits.gz 
11615224,154815079,294.141417,49.643083,0.0486,spec-56435-KP194045N483045V01_sp15-079.fits.gz 
11615560,350706169,294.288180,49.681561,0.0000,spec-57172-KP192323N501616V05_sp06-169.fits.gz 
11615560,362815093,294.288180,49.681561,0.0000,spec-57297-KP194045N483045V04_sp15-093.fits.gz 
11615617,362715077,294.314349,49.612708,3.5559,spec-57297-KP194045N483045V03_sp15-077.fits.gz 
11615760,350606169,294.387540,49.646030,0.0043,spec-57172-KP192323N501616V04_sp06-169.fits.gz 
11615760,362815098,294.387540,49.646030,0.0043,spec-57297-KP194045N483045V04_sp15-098.fits.gz 
11615890,154815001,294.445375,49.618722,0.0137,spec-56435-KP194045N483045V01_sp15-001.fits.gz 
11616594,362715002,294.749480,49.655560,0.0043,spec-57297-KP194045N483045V03_sp15-002.fits.gz 
11617501,154815019,295.132000,49.644472,0.1205,spec-56435-KP194045N483045V01_sp15-019.fits.gz 
11617501,157215019,295.132000,49.644472,0.1205,spec-56550-KP194045N483045V02_sp15-019.fits.gz 
11618522,362715128,295.556808,49.666538,2.6312,spec-57297-KP194045N483045V03_sp15-128.fits.gz 
11649294,351014137,284.111796,49.760439,3.0019,spec-57173-KP190651N485531V03_sp14-137.fits.gz 
11651457,249215243,285.553664,49.768222,0.7581,spec-56919-KP190651N485531V01_sp15-243.fits.gz 
11653073,351015193,286.575067,49.732358,0.3820,spec-57173-KP190651N485531V03_sp15-193.fits.gz 
11657684,350703049,289.481320,49.773441,0.0075,spec-57172-KP192323N501616V05_sp03-049.fits.gz 
11658270,249213177,289.816792,49.722278,0.0869,spec-56919-KP190651N485531V01_sp13-177.fits.gz 
11658322,250003010,289.849183,49.749942,0.0499,spec-56930-KP192323N501616V03_sp03-010.fits.gz 
11658849,350703011,290.125150,49.780190,0.0199,spec-57172-KP192323N501616V05_sp03-011.fits.gz 
11658849,351113200,290.125150,49.780190,0.0199,spec-57173-KP190651N485531V04_sp13-200.fits.gz 
11658954,351013182,290.193023,49.730623,2.8995,spec-57173-KP190651N485531V03_sp13-182.fits.gz 
11658976,249603012,290.206458,49.750833,0.0087,spec-56928-KP192323N501616V02_sp03-012.fits.gz 
11658986,248603022,290.210958,49.732694,0.0350,spec-56918-KP192323N501616V_sp03-022.fits.gz 
11661782,154816004,291.869417,49.745917,0.0966,spec-56435-KP194045N483045V01_sp16-004.fits.gz 
11661782,157216015,291.869417,49.745917,0.0966,spec-56550-KP194045N483045V02_sp16-015.fits.gz 
11663151,362816077,292.588870,49.761459,0.0282,spec-57297-KP194045N483045V04_sp16-077.fits.gz 
11665692,154815169,293.916542,49.748222,0.0546,spec-56435-KP194045N483045V01_sp15-169.fits.gz 
11667799,362715006,294.869900,49.741402,0.0075,spec-57297-KP194045N483045V03_sp15-006.fits.gz 
11667928,362815224,294.924458,49.797458,1.0814,spec-57297-KP194045N483045V04_sp15-224.fits.gz 
11668246,154815021,295.092083,49.751194,0.0602,spec-56435-KP194045N483045V01_sp15-021.fits.gz 
11668839,362715137,295.386140,49.738880,0.0234,spec-57297-KP194045N483045V03_sp15-137.fits.gz 
11669113,362715146,295.515810,49.725571,0.0238,spec-57297-KP194045N483045V03_sp15-146.fits.gz 
11669622,362715135,295.738040,49.718281,0.0061,spec-57297-KP194045N483045V03_sp15-135.fits.gz 
11670968,362709096,296.266330,49.770531,0.0174,spec-57297-KP194045N483045V03_sp09-096.fits.gz 
11674666,154812169,297.726975,49.758067,0.2125,spec-56435-KP194045N483045V01_sp12-169.fits.gz 
11674692,362712169,297.736790,49.706871,0.0087,spec-57297-KP194045N483045V03_sp12-169.fits.gz 
11674709,157212169,297.745429,49.707747,0.7176,spec-56550-KP194045N483045V02_sp12-169.fits.gz 
11702195,249215226,285.653880,49.812472,1.5308,spec-56919-KP190651N485531V01_sp15-226.fits.gz 
11702480,350915091,285.825650,49.835289,0.0000,spec-57173-KP190651N485531V02_sp15-091.fits.gz 
11704163,350915121,286.987920,49.817661,0.0271,spec-57173-KP190651N485531V02_sp15-121.fits.gz 
11707080,350603227,288.747100,49.813332,0.0199,spec-57172-KP192323N501616V04_sp03-227.fits.gz 
11707304,249213152,288.861500,49.801750,0.1229,spec-56919-KP190651N485531V01_sp13-152.fits.gz 
11708997,350703023,289.734560,49.891922,0.0157,spec-57172-KP192323N501616V05_sp03-023.fits.gz 
11709871,350604131,290.184940,49.803532,0.0255,spec-57172-KP192323N501616V04_sp04-131.fits.gz 
11710193,250004132,290.366583,49.857583,0.0403,spec-56930-KP192323N501616V03_sp04-132.fits.gz 
11710224,350604135,290.387210,49.802860,0.0255,spec-57172-KP192323N501616V04_sp04-135.fits.gz 
11713326,157216005,292.157500,49.882639,0.0441,spec-56550-KP194045N483045V02_sp16-005.fits.gz 
11721291,157209088,295.861083,49.817528,0.0501,spec-56550-KP194045N483045V02_sp09-088.fits.gz 
11721374,157209085,295.893750,49.870833,0.0213,spec-56550-KP194045N483045V02_sp09-085.fits.gz 
11721438,362809081,295.921750,49.816471,0.0199,spec-57297-KP194045N483045V04_sp09-081.fits.gz 
11722424,362709089,296.339783,49.896671,1.1005,spec-57297-KP194045N483045V03_sp09-089.fits.gz 
11725564,362812017,297.540990,49.866280,0.0043,spec-57297-KP194045N483045V04_sp12-017.fits.gz 
11752358,350915089,285.203030,49.937389,0.0000,spec-57173-KP190651N485531V02_sp15-089.fits.gz 
11752707,350915096,285.453640,49.981392,0.0273,spec-57173-KP190651N485531V02_sp15-096.fits.gz 
11753018,249215100,285.663393,49.970417,1.0076,spec-56919-KP190651N485531V01_sp15-100.fits.gz 
11753211,351115094,285.800750,49.908089,0.0000,spec-57173-KP190651N485531V04_sp15-094.fits.gz 
11753722,249215022,286.138417,49.903361,0.0316,spec-56919-KP190651N485531V01_sp15-022.fits.gz 
11754056,249215020,286.361708,49.932500,0.0621,spec-56919-KP190651N485531V01_sp15-020.fits.gz 
11756686,249610234,288.144500,49.985722,0.0621,spec-56928-KP192323N501616V02_sp10-234.fits.gz 
11757076,250010235,288.388667,49.923000,0.0410,spec-56930-KP192323N501616V03_sp10-235.fits.gz 
11757206,250010242,288.465250,49.942250,0.0627,spec-56930-KP192323N501616V03_sp10-242.fits.gz 
11757739,350703077,288.784910,49.977650,0.0000,spec-57172-KP192323N501616V05_sp03-077.fits.gz 
11757910,351013154,288.876130,49.915409,0.0226,spec-57173-KP190651N485531V03_sp13-154.fits.gz 
11758055,250003083,288.952283,49.998025,0.0282,spec-56930-KP192323N501616V03_sp03-083.fits.gz 
11758055,350912161,288.952283,49.998025,0.0282,spec-57173-KP190651N485531V02_sp12-161.fits.gz 
11758055,351112161,288.952283,49.998025,0.0282,spec-57173-KP190651N485531V04_sp12-161.fits.gz 
11758140,350603236,289.006440,49.914280,0.0043,spec-57172-KP192323N501616V04_sp03-236.fits.gz 
11758140,351113158,289.006440,49.914280,0.0043,spec-57173-KP190651N485531V04_sp13-158.fits.gz 
11758710,248603046,289.323083,49.952278,0.0693,spec-56918-KP192323N501616V_sp03-046.fits.gz 
11759220,350913117,289.605530,49.929562,0.0043,spec-57173-KP190651N485531V02_sp13-117.fits.gz 
11759700,250003192,289.875375,49.978722,0.0550,spec-56930-KP192323N501616V03_sp03-192.fits.gz 
11760319,350604178,290.214840,49.974609,0.0087,spec-57172-KP192323N501616V04_sp04-178.fits.gz 
11764270,350608058,292.489650,49.911819,0.0288,spec-57172-KP192323N501616V04_sp08-058.fits.gz 
11764438,350608062,292.573746,49.917236,2.4305,spec-57172-KP192323N501616V04_sp08-062.fits.gz 
11767058,362716164,293.896059,49.919071,1.7591,spec-57297-KP194045N483045V03_sp16-164.fits.gz 
11768149,154815158,294.369083,49.987472,0.0960,spec-56435-KP194045N483045V01_sp15-158.fits.gz 
11768570,350606135,294.566620,49.908649,0.0271,spec-57172-KP192323N501616V04_sp06-135.fits.gz 
11768570,362715212,294.566620,49.908649,0.0271,spec-57297-KP194045N483045V03_sp15-212.fits.gz 
11768621,362815214,294.592070,49.947208,0.0204,spec-57297-KP194045N483045V04_sp15-214.fits.gz 
11768640,362715210,294.600250,49.934059,0.0208,spec-57297-KP194045N483045V03_sp15-210.fits.gz 
11769182,362715213,294.833357,49.949997,1.6572,spec-57297-KP194045N483045V03_sp15-213.fits.gz 
11771333,362709093,295.808410,49.929119,0.0230,spec-57297-KP194045N483045V03_sp09-093.fits.gz 
11771561,362709079,295.903810,49.960529,0.0257,spec-57297-KP194045N483045V03_sp09-079.fits.gz 
11772905,362709100,296.435360,49.982368,0.0069,spec-57297-KP194045N483045V03_sp09-100.fits.gz 
11773616,362812092,296.735660,49.941761,0.0043,spec-57297-KP194045N483045V04_sp12-092.fits.gz 
11774110,362812090,296.944310,49.973652,0.0242,spec-57297-KP194045N483045V04_sp12-090.fits.gz 
11775041,154812018,297.314371,49.998153,0.2653,spec-56435-KP194045N483045V01_sp12-018.fits.gz 
11775511,157212015,297.521379,49.979442,0.5750,spec-56550-KP194045N483045V02_sp12-015.fits.gz 
11804799,249215004,286.462250,50.067917,0.0525,spec-56919-KP190651N485531V01_sp15-004.fits.gz 
11805390,350915129,286.880193,50.015770,3.0661,spec-57173-KP190651N485531V02_sp15-129.fits.gz 
11805460,351115136,286.930730,50.085331,0.0268,spec-57173-KP190651N485531V04_sp15-136.fits.gz 
11805792,249215143,287.146917,50.027583,0.0230,spec-56919-KP190651N485531V01_sp15-143.fits.gz 
11808481,350603084,288.759624,50.046322,1.1238,spec-57172-KP192323N501616V04_sp03-084.fits.gz 
11808970,351112160,289.014560,50.055321,0.0257,spec-57173-KP190651N485531V04_sp12-160.fits.gz 
11817405,157216161,293.679000,50.018361,0.1349,spec-56550-KP194045N483045V02_sp16-161.fits.gz 
11817405,248606033,293.679000,50.018361,0.1349,spec-56918-KP192323N501616V_sp06-033.fits.gz 
11819363,157216107,294.551000,50.088667,0.0285,spec-56550-KP194045N483045V02_sp16-107.fits.gz 
11819760,157211093,294.727500,50.099194,0.0698,spec-56550-KP194045N483045V02_sp11-093.fits.gz 
11820477,362811076,295.049380,50.077129,0.0061,spec-57297-KP194045N483045V04_sp11-076.fits.gz 
11820712,362811091,295.156650,50.081558,0.0309,spec-57297-KP194045N483045V04_sp11-091.fits.gz 
11822526,362712142,295.928770,50.022720,0.0031,spec-57297-KP194045N483045V03_sp12-142.fits.gz 
11824976,362712088,296.933780,50.001572,0.0230,spec-57297-KP194045N483045V03_sp12-088.fits.gz 
11825166,362812082,297.013150,50.018929,0.0199,spec-57297-KP194045N483045V04_sp12-082.fits.gz 
11826594,154812014,297.593792,50.063581,0.2563,spec-56435-KP194045N483045V01_sp12-014.fits.gz 
11854450,351015215,285.990110,50.168468,0.0255,spec-57173-KP190651N485531V03_sp15-215.fits.gz 
11855110,350915006,286.410340,50.140930,0.0253,spec-57173-KP190651N485531V02_sp15-006.fits.gz 
11860256,250003190,289.632417,50.143333,0.0563,spec-56930-KP192323N501616V03_sp03-190.fits.gz 
11860626,350603180,289.850130,50.141670,0.0271,spec-57172-KP192323N501616V04_sp03-180.fits.gz 
11861823,350704007,290.560270,50.119541,0.0282,spec-57172-KP192323N501616V05_sp04-007.fits.gz 
11862382,350604123,290.905760,50.111351,0.0252,spec-57172-KP192323N501616V04_sp04-123.fits.gz 
11868246,154816112,294.021917,50.130028,0.0878,spec-56435-KP194045N483045V01_sp16-112.fits.gz 
11868264,250006055,294.029625,50.188083,0.0438,spec-56930-KP192323N501616V03_sp06-055.fits.gz 
11870991,362711245,295.303380,50.157768,0.0407,spec-57297-KP194045N483045V03_sp11-245.fits.gz 
11871882,362711069,295.668344,50.112141,2.8729,spec-57297-KP194045N483045V03_sp11-069.fits.gz 
11873200,362712135,296.209840,50.100540,0.0253,spec-57297-KP194045N483045V03_sp12-135.fits.gz 
11873264,362812135,296.233250,50.115299,0.0031,spec-57297-KP194045N483045V04_sp12-135.fits.gz 
11905393,351015224,286.486020,50.232121,0.0061,spec-57173-KP190651N485531V03_sp15-224.fits.gz 
11905840,350915045,286.784820,50.278900,0.0268,spec-57173-KP190651N485531V02_sp15-045.fits.gz 
11907579,350714187,287.937500,50.281330,0.0192,spec-57172-KP192323N501616V05_sp14-187.fits.gz 
11907579,350909084,287.937500,50.281330,0.0192,spec-57173-KP190651N485531V02_sp09-084.fits.gz 
11908744,350603082,288.629776,50.207298,1.9043,spec-57172-KP192323N501616V04_sp03-082.fits.gz 
11910249,351112120,289.437560,50.298290,0.0234,spec-57173-KP190651N485531V04_sp12-120.fits.gz 
11910960,350912204,289.811370,50.247978,0.0230,spec-57173-KP190651N485531V02_sp12-204.fits.gz 
11913545,248604234,291.311917,50.211222,0.1107,spec-56918-KP192323N501616V_sp04-234.fits.gz 
11924806,362712075,296.843020,50.251129,0.0219,spec-57297-KP194045N483045V03_sp12-075.fits.gz 
11925044,362712031,296.941500,50.277351,0.0290,spec-57297-KP194045N483045V03_sp12-031.fits.gz 
11953581,249215170,285.598508,50.358528,1.8376,spec-56919-KP190651N485531V01_sp15-170.fits.gz 
11953668,350915154,285.656010,50.343899,0.0232,spec-57173-KP190651N485531V02_sp15-154.fits.gz 
11954465,350915204,286.185330,50.378792,0.0115,spec-57173-KP190651N485531V02_sp15-204.fits.gz 
11954465,351115204,286.185330,50.378792,0.0115,spec-57173-KP190651N485531V04_sp15-204.fits.gz 
11957627,351012092,288.261780,50.358639,0.0031,spec-57173-KP190651N485531V03_sp12-092.fits.gz 
11960363,350912222,289.839044,50.314411,1.6632,spec-57173-KP190651N485531V02_sp12-222.fits.gz 
11960470,350604151,289.895564,50.361698,3.0840,spec-57172-KP192323N501616V04_sp04-151.fits.gz 
11961545,248604196,290.524083,50.371278,0.1350,spec-56918-KP192323N501616V_sp04-196.fits.gz 
11966805,350613096,293.598850,50.319191,0.0204,spec-57172-KP192323N501616V04_sp13-096.fits.gz 
11968334,154816139,294.287583,50.361528,0.0295,spec-56435-KP194045N483045V01_sp16-139.fits.gz 
11968514,350613053,294.361720,50.307598,0.0503,spec-57172-KP192323N501616V04_sp13-053.fits.gz 
11968514,362716101,294.361720,50.307598,0.0503,spec-57297-KP194045N483045V03_sp16-101.fits.gz 
11969378,362711081,294.774905,50.331439,3.1765,spec-57297-KP194045N483045V03_sp11-081.fits.gz 
11970987,362711250,295.529360,50.387299,0.0252,spec-57297-KP194045N483045V03_sp11-250.fits.gz 
11972294,157211062,296.092500,50.382750,0.0000,spec-56550-KP194045N483045V02_sp11-062.fits.gz 
11972904,362712127,296.359040,50.354698,0.0097,spec-57297-KP194045N483045V03_sp12-127.fits.gz 
11973246,362712073,296.503140,50.375229,0.0061,spec-57297-KP194045N483045V03_sp12-073.fits.gz 
11973853,157212070,296.739917,50.357167,0.1433,spec-56550-KP194045N483045V02_sp12-070.fits.gz 
12003253,350915172,285.465790,50.416481,0.0230,spec-57173-KP190651N485531V02_sp15-172.fits.gz 
12003253,351016166,285.465790,50.416481,0.0230,spec-57173-KP190651N485531V03_sp16-166.fits.gz 
12003742,249216102,285.773667,50.450806,0.0204,spec-56919-KP190651N485531V01_sp16-102.fits.gz 
12005162,350915037,286.776644,50.412314,1.7630,spec-57173-KP190651N485531V02_sp15-037.fits.gz 
12007247,350912083,288.172160,50.429050,0.9947,spec-57173-KP190651N485531V02_sp12-083.fits.gz 
12008680,351012016,288.968200,50.415749,0.0194,spec-57173-KP190651N485531V03_sp12-016.fits.gz 
12008797,350603066,289.025331,50.410584,1.3931,spec-57172-KP192323N501616V04_sp03-066.fits.gz 
12008797,350912015,289.025331,50.410584,1.3931,spec-57173-KP190651N485531V02_sp12-015.fits.gz 
12008916,350912124,289.096590,50.427181,0.0250,spec-57173-KP190651N485531V02_sp12-124.fits.gz 
12012082,350704063,290.993530,50.456760,0.0213,spec-57172-KP192323N501616V05_sp04-063.fits.gz 
12012725,350604073,291.382024,50.440221,1.2774,spec-57172-KP192323N501616V04_sp04-073.fits.gz 
12017985,249613052,294.301038,50.415247,2.3416,spec-56928-KP192323N501616V02_sp13-052.fits.gz 
12019910,362711189,295.253230,50.495430,0.0174,spec-57297-KP194045N483045V03_sp11-189.fits.gz 
12020628,362711228,295.597369,50.447711,3.1403,spec-57297-KP194045N483045V03_sp11-228.fits.gz 
12021906,154811071,296.130292,50.406750,0.0941,spec-56435-KP194045N483045V01_sp11-071.fits.gz 
12024640,362712048,297.262300,50.421429,0.0061,spec-57297-KP194045N483045V03_sp12-048.fits.gz 
12053188,350911095,286.247440,50.518581,0.0250,spec-57173-KP190651N485531V02_sp11-095.fits.gz 
12053188,351111095,286.247440,50.518581,0.0250,spec-57173-KP190651N485531V04_sp11-095.fits.gz 
12055552,351112147,287.873362,50.545581,0.5722,spec-57173-KP190651N485531V04_sp12-147.fits.gz 
12055632,350714178,287.921103,50.587551,1.1027,spec-57172-KP192323N501616V05_sp14-178.fits.gz 
12055632,350912150,287.921103,50.587551,1.1027,spec-57173-KP190651N485531V02_sp12-150.fits.gz 
12056614,350614075,288.521060,50.588161,0.0250,spec-57172-KP192323N501616V04_sp14-075.fits.gz 
12056614,351112044,288.521060,50.588161,0.0250,spec-57173-KP190651N485531V04_sp12-044.fits.gz 
12056819,250003105,288.632458,50.524222,0.0087,spec-56930-KP192323N501616V03_sp03-105.fits.gz 
12058556,350912107,289.609920,50.516850,0.0000,spec-57173-KP190651N485531V02_sp12-107.fits.gz 
12059072,350704006,289.914060,50.574699,0.0043,spec-57172-KP192323N501616V05_sp04-006.fits.gz 
12061622,350704054,291.474460,50.517399,0.0230,spec-57172-KP192323N501616V05_sp04-054.fits.gz 
12062344,250009013,291.883908,50.547331,1.2016,spec-56930-KP192323N501616V03_sp09-013.fits.gz 
12067001,350713027,294.291170,50.584190,0.0174,spec-57172-KP192323N501616V05_sp13-027.fits.gz 
12067001,362811013,294.291170,50.584190,0.0174,spec-57297-KP194045N483045V04_sp11-013.fits.gz 
12067693,350613046,294.631517,50.552303,1.2095,spec-57172-KP192323N501616V04_sp13-046.fits.gz 
12070114,154811117,295.751000,50.544250,0.0000,spec-56435-KP194045N483045V01_sp11-117.fits.gz 
12070510,362711124,295.902800,50.596882,0.0288,spec-57297-KP194045N483045V03_sp11-124.fits.gz 
12070670,362711110,295.961060,50.574200,0.0031,spec-57297-KP194045N483045V03_sp11-110.fits.gz 
12101990,249216124,285.888917,50.601250,0.1026,spec-56919-KP190651N485531V01_sp16-124.fits.gz 
12104584,249212148,287.740792,50.641889,0.1174,spec-56919-KP190651N485531V01_sp12-148.fits.gz 
12104686,350912126,287.804426,50.636121,2.9653,spec-57173-KP190651N485531V02_sp12-126.fits.gz 
12105681,351012040,288.429775,50.666853,2.2062,spec-57173-KP190651N485531V03_sp12-040.fits.gz 
12105938,350714170,288.580720,50.647041,0.0277,spec-57172-KP192323N501616V05_sp14-170.fits.gz 
12108732,350704030,290.180540,50.681950,0.0226,spec-57172-KP192323N501616V05_sp04-030.fits.gz 
12110266,248604203,291.196792,50.646306,0.0693,spec-56918-KP192323N501616V_sp04-203.fits.gz 
12110800,350704223,291.542020,50.646820,0.0266,spec-57172-KP192323N501616V05_sp04-223.fits.gz 
12114999,350613205,293.855560,50.612862,0.0250,spec-57172-KP192323N501616V04_sp13-205.fits.gz 
12115227,157216150,293.991792,50.635917,0.0568,spec-56550-KP194045N483045V02_sp16-150.fits.gz 
12116393,154811021,294.521708,50.634639,0.0901,spec-56435-KP194045N483045V01_sp11-021.fits.gz 
12116644,248613031,294.645359,50.677278,2.7769,spec-56918-KP192323N501616V_sp13-031.fits.gz 
12117099,154811126,294.875000,50.653444,0.0184,spec-56435-KP194045N483045V01_sp11-126.fits.gz 
12117138,362711004,294.895720,50.602379,0.0061,spec-57297-KP194045N483045V03_sp11-004.fits.gz 
12117920,362711205,295.274080,50.688740,0.0177,spec-57297-KP194045N483045V03_sp11-205.fits.gz 
12118044,362711207,295.336120,50.696232,0.0061,spec-57297-KP194045N483045V03_sp11-207.fits.gz 
12118820,362711105,295.672940,50.641048,0.0238,spec-57297-KP194045N483045V03_sp11-105.fits.gz 
12120230,154811037,296.269583,50.607778,0.1125,spec-56435-KP194045N483045V01_sp11-037.fits.gz 
12120327,157211044,296.312417,50.616083,0.1058,spec-56550-KP194045N483045V02_sp11-044.fits.gz 
12120872,362712237,296.539700,50.663940,0.0194,spec-57297-KP194045N483045V03_sp12-237.fits.gz 
12121207,362712234,296.689640,50.673740,0.0075,spec-57297-KP194045N483045V03_sp12-234.fits.gz 
12121656,154812228,296.888692,50.643844,0.5904,spec-56435-KP194045N483045V01_sp12-228.fits.gz 
12152850,350614243,287.573060,50.748878,0.0097,spec-57172-KP192323N501616V04_sp14-243.fits.gz 
12153274,350614206,287.872220,50.796719,0.0206,spec-57172-KP192323N501616V04_sp14-206.fits.gz 
12153346,351112055,287.914825,50.780758,0.6930,spec-57173-KP190651N485531V04_sp12-055.fits.gz 
12154726,350603118,288.775603,50.739471,2.0105,spec-57172-KP192323N501616V04_sp03-118.fits.gz 
12156445,350703145,289.788090,50.788349,0.0043,spec-57172-KP192323N501616V05_sp03-145.fits.gz 
12157006,248603147,290.079038,50.709028,3.2115,spec-56918-KP192323N501616V_sp03-147.fits.gz 
12157366,248604038,290.283792,50.712833,0.1321,spec-56918-KP192323N501616V_sp04-038.fits.gz 
12158327,249604212,290.891745,50.741019,1.0563,spec-56928-KP192323N501616V02_sp04-212.fits.gz 
12158327,350704212,290.891745,50.741019,1.0563,spec-57172-KP192323N501616V05_sp04-212.fits.gz 
12159715,350609208,291.733460,50.714828,0.0261,spec-57172-KP192323N501616V04_sp09-208.fits.gz 
12164879,154811163,294.440708,50.759944,0.0282,spec-56435-KP194045N483045V01_sp11-163.fits.gz 
12167521,157211218,295.670458,50.737250,0.0546,spec-56550-KP194045N483045V02_sp11-218.fits.gz 
12168406,157211039,296.025708,50.700667,0.0686,spec-56550-KP194045N483045V02_sp11-039.fits.gz 
12169845,362712247,296.625005,50.759628,1.4018,spec-57297-KP194045N483045V03_sp12-247.fits.gz 
12203243,350614173,288.299680,50.893028,0.0226,spec-57172-KP192323N501616V04_sp14-173.fits.gz 
12203455,350614171,288.423410,50.810360,2.6103,spec-57172-KP192323N501616V04_sp14-171.fits.gz 
12203455,350912030,288.423410,50.810360,2.6103,spec-57173-KP190651N485531V02_sp12-030.fits.gz 
12207049,248615180,290.512792,50.874917,0.0278,spec-56918-KP192323N501616V_sp15-180.fits.gz 
12207840,350604206,291.032900,50.856930,0.0189,spec-57172-KP192323N501616V04_sp04-206.fits.gz 
12208273,249615102,291.303708,50.871250,0.0845,spec-56928-KP192323N501616V02_sp15-102.fits.gz 
12208809,350609161,291.651464,50.850704,2.5516,spec-57172-KP192323N501616V04_sp09-161.fits.gz 
12215898,362811220,295.392490,50.835041,0.0087,spec-57297-KP194045N483045V04_sp11-220.fits.gz 
12217017,154811048,295.885250,50.886694,0.0288,spec-56435-KP194045N483045V01_sp11-048.fits.gz 
12217239,362711026,295.982090,50.850739,0.0246,spec-57297-KP194045N483045V03_sp11-026.fits.gz 
12251066,350911115,287.050230,50.985821,0.0061,spec-57173-KP190651N485531V02_sp11-115.fits.gz 
12252410,250014202,287.986429,50.900028,0.9280,spec-56930-KP192323N501616V03_sp14-202.fits.gz 
12253294,350614168,288.518860,50.967571,0.0234,spec-57172-KP192323N501616V04_sp14-168.fits.gz 
12254817,249615070,289.441583,50.980028,0.0402,spec-56928-KP192323N501616V02_sp15-070.fits.gz 
12255028,350715233,289.553250,50.951012,0.0285,spec-57172-KP192323N501616V05_sp15-233.fits.gz 
12257026,249615185,290.684231,50.937056,0.8639,spec-56928-KP192323N501616V02_sp15-185.fits.gz 
12300740,350714119,287.245850,51.021339,0.0189,spec-57172-KP192323N501616V05_sp14-119.fits.gz 
12300740,351011101,287.245850,51.021339,0.0189,spec-57173-KP190651N485531V03_sp11-101.fits.gz 
12301522,350911044,287.830110,51.015930,0.0043,spec-57173-KP190651N485531V02_sp11-044.fits.gz 
12302104,350614131,288.206360,51.047909,0.0075,spec-57172-KP192323N501616V04_sp14-131.fits.gz 
12302516,350614089,288.484070,51.034592,0.0204,spec-57172-KP192323N501616V04_sp14-089.fits.gz 
12304485,350615232,289.686697,51.032860,1.8048,spec-57172-KP192323N501616V04_sp15-232.fits.gz 
12305574,350615190,290.313702,51.038609,0.6646,spec-57172-KP192323N501616V04_sp15-190.fits.gz 
12306695,248615113,291.039083,51.091972,0.0215,spec-56918-KP192323N501616V_sp15-113.fits.gz 
12352536,350714081,288.884830,51.101601,0.0213,spec-57172-KP192323N501616V05_sp14-081.fits.gz 
12356204,350615111,290.940950,51.155545,1.7107,spec-57172-KP192323N501616V04_sp15-111.fits.gz 
12356292,250015113,291.006727,51.108196,5.5638,spec-56930-KP192323N501616V03_sp15-113.fits.gz 
12356292,350715113,291.006727,51.108196,5.5638,spec-57172-KP192323N501616V05_sp15-113.fits.gz 
12401274,350614002,287.800170,51.293179,0.0061,spec-57172-KP192323N501616V04_sp14-002.fits.gz 
12401315,350911046,287.824460,51.234261,0.0043,spec-57173-KP190651N485531V02_sp11-046.fits.gz 
12403985,350715089,289.346654,51.253411,1.4493,spec-57172-KP192323N501616V05_sp15-089.fits.gz 
12406029,350715020,290.478120,51.298931,0.0031,spec-57172-KP192323N501616V05_sp15-020.fits.gz 
12406680,249615150,290.804958,51.215694,0.0361,spec-56928-KP192323N501616V02_sp15-150.fits.gz 
12406908,248615145,290.937417,51.269917,0.1023,spec-56918-KP192323N501616V_sp15-145.fits.gz 
12407468,249615130,291.259083,51.263333,0.0127,spec-56928-KP192323N501616V02_sp15-130.fits.gz 
12453551,351111029,287.504603,51.351088,3.0396,spec-57173-KP190651N485531V04_sp11-029.fits.gz 
12453667,350911027,287.576464,51.315474,3.0450,spec-57173-KP190651N485531V02_sp11-027.fits.gz 
12454201,350614004,287.911220,51.382568,0.0213,spec-57172-KP192323N501616V04_sp14-004.fits.gz 
12454201,350714004,287.911220,51.382568,0.0213,spec-57172-KP192323N501616V05_sp14-004.fits.gz 
12455334,350716078,288.588810,51.361721,0.0069,spec-57172-KP192323N501616V05_sp16-078.fits.gz 
12459622,350615129,290.983064,51.372398,2.9987,spec-57172-KP192323N501616V04_sp15-129.fits.gz 
12505459,248616079,288.548821,51.441417,0.3301,spec-56918-KP192323N501616V_sp16-079.fits.gz 
12507415,250015079,289.637988,51.443517,0.7710,spec-56930-KP192323N501616V03_sp15-079.fits.gz 
12507577,248615174,289.744292,51.482333,0.0810,spec-56918-KP192323N501616V_sp15-174.fits.gz 
12552858,250016091,288.048858,51.522044,0.4401,spec-56930-KP192323N501616V03_sp16-091.fits.gz 
12885373,350611001,290.266480,52.292740,0.0204,spec-57172-KP192323N501616V04_sp11-001.fits.gz 
12555458,249615152,289.726292,51.527750,0.0474,spec-56928-KP192323N501616V02_sp15-152.fits.gz 
12555826,350615156,289.937320,51.599491,0.0081,spec-57172-KP192323N501616V04_sp15-156.fits.gz 
12555902,350715157,289.978060,51.558880,0.0242,spec-57172-KP192323N501616V05_sp15-157.fits.gz 
12557207,250015042,290.753250,51.556917,0.0512,spec-56930-KP192323N501616V03_sp15-042.fits.gz 
12598914,350616086,288.388890,51.662571,0.0230,spec-57172-KP192323N501616V04_sp16-086.fits.gz 
12599612,248616197,288.843417,51.697333,0.0604,spec-56918-KP192323N501616V_sp16-197.fits.gz 
12600075,250016155,289.095250,51.652111,0.0356,spec-56930-KP192323N501616V03_sp16-155.fits.gz 
12601771,350715151,290.082950,51.611488,0.0189,spec-57172-KP192323N501616V05_sp15-151.fits.gz 
12603035,350715045,290.892210,51.632420,0.0244,spec-57172-KP192323N501616V05_sp15-045.fits.gz 
12603148,350615030,290.970340,51.608429,0.0069,spec-57172-KP192323N501616V04_sp15-030.fits.gz 
12644579,350616169,288.954410,51.712570,0.0043,spec-57172-KP192323N501616V04_sp16-169.fits.gz 
12645107,250016153,289.302083,51.753139,0.0087,spec-56930-KP192323N501616V03_sp16-153.fits.gz 
12647227,350611079,290.559357,51.779942,3.2403,spec-57172-KP192323N501616V04_sp11-079.fits.gz 
12689984,350616174,289.437070,51.848511,0.0261,spec-57172-KP192323N501616V04_sp16-174.fits.gz 
12691122,350716103,290.124420,51.829021,0.0061,spec-57172-KP192323N501616V05_sp16-103.fits.gz 
12691710,350711080,290.486743,51.799973,1.7341,spec-57172-KP192323N501616V05_sp11-080.fits.gz 
12691734,248611080,290.503083,51.803556,0.1324,spec-56918-KP192323N501616V_sp11-080.fits.gz 
12735106,350616072,289.372830,51.942390,0.0031,spec-57172-KP192323N501616V04_sp16-072.fits.gz 
12735851,350616106,289.833770,51.976212,0.0204,spec-57172-KP192323N501616V04_sp16-106.fits.gz 
12737278,350711088,290.649110,51.965809,0.0087,spec-57172-KP192323N501616V05_sp11-088.fits.gz 
12784683,248611008,290.128917,52.058056,0.0762,spec-56918-KP192323N501616V_sp11-008.fits.gz 
12784948,350611096,290.276030,52.006561,0.0000,spec-57172-KP192323N501616V04_sp11-096.fits.gz 
 1572049,369701081,291.123690,37.183350,0.0043,spec-57308-KP192409N391242V01_sp01-081.fits.gz 
 2989840,580505132,291.474879,38.165203,4.6066,spec-57918-KP192409N391242V03_sp05-132.fits.gz 
 3954440, 52404121,291.554917,39.021472,0.1492,spec-56094-kepler05B56094_sp04-121.fits.gz 
 3954440, 52802161,291.554917,39.021472,0.1492,spec-56096-kepler08B56096_1_sp02-161.fits.gz 
 5219580,162307191,299.305583,40.373250,0.1220,spec-56571-KP194918N413456V02_sp07-191.fits.gz 
 5954370, 52516144,289.889487,41.271972,3.7912,spec-56094-kepler05B56094_2_sp16-144.fits.gz 
 6308323,367704250,297.963010,41.669727,0.0292,spec-57304-KP194918N413456V04_sp04-250.fits.gz 
 7374855, 52207015,295.284917,42.916500,0.1386,spec-56083-IF04_B56083_sp07-015.fits.gz 
 9266192,238008113,284.271581,45.724635,3.5585,spec-56780-KP185111N464417V01_sp08-113.fits.gz 
 9657639, 52212126,295.194917,46.385472,0.0292,spec-56083-IF04_B56083_sp12-126.fits.gz 
12356649,250015121,291.218083,51.181173,2.2940,spec-56930-KP192323N501616V03_sp15-121.fits.gz 
